band_old,model_index_old,speciesKey,model_species,ebird_scientific_name_old,ebird_common_name_old,ebird_code_old,reference_policy_old,threshold_status_old,optimal_threshold_old,score_min_old,score_max_old,threshold_step_old,n_thresholds_old,n_tied_best_thresholds_old,n_cssdm_valid_old,n_ebird_valid_old,n_ebird_nodata_old,ebird_nodata_fraction_old,n_reference_presence_old,n_reference_absence_old,n_unique_ebird_pixels_old,f1_at_threshold_0_5_old,f1_improvement_over_0_5_old,n_map_presence_old,tp_old,fp_old,tn_old,fn_old,n_evaluated_old,precision_old,recall_old,specificity_old,f1_old,accuracy_old,balanced_accuracy_old,iou_old,mcc_old,cohen_kappa_old,f1_denominator_defined_old,precision_denominator_defined_old,recall_denominator_defined_old,reference_positive_fraction_old,predicted_positive_fraction_old,f1_on_valid_ebird_at_primary_threshold_old,optimal_threshold_excluding_nodata_old,best_f1_excluding_nodata_old,threshold_shift_excluding_nodata_old,all_presence_baseline_f1_old,best_f1_minus_all_presence_baseline_old,best_threshold_is_min_score_old,prediction_at_least_99pct_presence_old,band_new,model_index_new,ebird_scientific_name_new,ebird_common_name_new,ebird_code_new,reference_policy_new,threshold_status_new,optimal_threshold_new,score_min_new,score_max_new,threshold_step_new,n_thresholds_new,n_tied_best_thresholds_new,n_cssdm_valid_new,n_ebird_valid_new,n_ebird_nodata_new,ebird_nodata_fraction_new,n_reference_presence_new,n_reference_absence_new,n_unique_ebird_pixels_new,f1_at_threshold_0_5_new,f1_improvement_over_0_5_new,n_map_presence_new,tp_new,fp_new,tn_new,fn_new,n_evaluated_new,precision_new,recall_new,specificity_new,f1_new,accuracy_new,balanced_accuracy_new,iou_new,mcc_new,cohen_kappa_new,f1_denominator_defined_new,precision_denominator_defined_new,recall_denominator_defined_new,reference_positive_fraction_new,predicted_positive_fraction_new,f1_on_valid_ebird_at_primary_threshold_new,optimal_threshold_excluding_nodata_new,best_f1_excluding_nodata_new,threshold_shift_excluding_nodata_new,all_presence_baseline_f1_new,best_f1_minus_all_presence_baseline_new,best_threshold_is_min_score_new,prediction_at_least_99pct_presence_new,delta_f1,delta_precision,delta_recall,delta_specificity,delta_accuracy,delta_balanced_accuracy,delta_iou,delta_mcc,delta_optimal_threshold,delta_predicted_positive_fraction,retained_on_website
2,908,2474337,Aramus guarauna,Aramus guarauna,Limpkin,limpki,nodata_as_absence,both_classes,0.030157334288815,0.000157334288815,0.7673133611679077,0.01,78,1,579752,574602,5150,0.0088831086395562,100197,479555,16941,0.0077063275090138,0.3853509768881913,264330,71640,192690,286865,28557,579752,0.2710248552945182,0.7149914668103835,0.5981899886352973,0.3930573043972051,0.6183764782182727,0.6565907277228404,0.2445994530313738,0.2377515683581191,0.190046407923945,True,True,True,0.1728273468655563,0.4559363313968732,0.3954722730547252,0.030157334288815,0.3954722730547252,0.0,0.2947191627607364,0.0983381416364687,False,False,2,908,Aramus guarauna,Limpkin,limpki,nodata_as_absence,both_classes,0.9968929290771484,0.9968929290771484,1.0,0.01,2,1,579752,574602,5150,0.0088831086395562,100197,479555,16941,0.2947191627607364,4.33443679170864e-07,579751,100197,479554,1,0,579752,0.1728276449717206,1.0,2.0852665491966517e-06,0.2947195962044156,0.1728290717410203,0.5000010426332746,0.1728276449717206,0.0006003263336186,7.207831539274606e-07,True,True,True,0.1728273468655563,0.999998275124536,0.296968870684264,0.9968929290771484,0.296968870684264,0.0,0.2947191627607364,4.33443679170864e-07,True,True,-0.09833770819278947,-0.0981972103227976,0.2850085331896165,-0.598187903368748,-0.4455474064772524,-0.15658968508956583,-0.07177180805965319,-0.2371512420245005,0.9667355947883335,0.5440619437276628,True
3,909,2474393,Fulica americana,Fulica americana,American Coot,y00475,nodata_as_absence,both_classes,0.0203940770984627,0.0003940770984627,0.6990047693252563,0.01,71,1,579752,574850,4902,0.0084553395244863,88136,491616,16941,0.0049289485286636,0.3445040343761941,177729,46451,131278,360338,41685,579752,0.2613585852618312,0.5270377598257239,0.7329663802642713,0.3494329829048577,0.7016603651216382,0.6300020700449975,0.2117048137311201,0.2024721699439787,0.1834704222706638,True,True,True,0.1520236238943548,0.3065603913397453,0.3551774893429931,0.0203940770984627,0.3551774893429931,0.0,0.2639244903337086,0.0855084925711491,False,False,3,909,Fulica americana,American Coot,y00475,nodata_as_absence,both_classes,0.2933930093050003,0.0033930093050003,0.9705126881599426,0.01,98,1,579752,574850,4902,0.0084553395244863,88136,491616,16941,0.2420201588488798,0.0563592568878462,193244,41979,151265,340351,46157,579752,0.2172331353107987,0.4762979940092584,0.6923106652346547,0.2983794157367261,0.6594716361478701,0.5843043296219566,0.1753501447362375,0.1284213688119192,0.1132070896327943,True,True,True,0.1520236238943548,0.3333218341635734,0.2989084384189802,0.2833930093050003,0.2989167544494731,-0.0099999999999999,0.2639244903337086,0.0344549254030175,False,False,-0.051053567168131586,-0.044125449951032514,-0.0507397658164655,-0.040655715029616624,-0.04218872897376813,-0.04569774042304098,-0.0363546689948826,-0.0740508011320595,0.2729989322065376,0.02676144282382814,True
4,910,2474416,Porphyrio porphyrio,Porphyrio poliocephalus,Gray-headed Swamphen,purswa3,nodata_as_absence,both_classes,0.0500598166043346,5.981660433462821e-05,0.6351730227470398,0.01,65,1,579752,574850,4902,0.0084553395244863,18436,561316,16941,0.0024891774891774,0.1901436914080184,78671,9353,69318,491998,9083,579752,0.1188875189078567,0.5073226296376654,0.8765080631943504,0.1926328688971958,0.8647680387476024,0.6919153464160079,0.1065820361465004,0.1966597385660355,0.1487733583814249,True,True,True,0.0317998040541472,0.1356976776276753,0.1932557803169618,0.0500598166043346,0.1932557803169618,0.0,0.0616394845767551,0.1309933843204407,False,False,4,910,Porphyrio poliocephalus,Gray-headed Swamphen,purswa3,nodata_as_absence,both_classes,0.2800005337388416,5.337388415682653e-07,0.9827293753623962,0.01,100,1,579752,574850,4902,0.0084553395244863,18436,561316,16941,0.1793848852672382,0.0629756953286365,44396,7614,36782,524534,10822,579752,0.1715019371114514,0.4129963115643306,0.9344718482993536,0.2423605805958747,0.9178890284121486,0.6737340799318422,0.1378898185374334,0.2292761161528625,0.2067114808147656,True,True,True,0.0317998040541472,0.0765775710993666,0.243231587522162,0.2800005337388416,0.243231587522162,0.0,0.0616394845767551,0.1807210960191195,False,False,0.0497277116986789,0.05261441820359469,-0.0943263180733348,0.05796378510500322,0.05312098966454615,-0.018181266484165737,0.031307782390933,0.032616377586827006,0.22994071713450698,-0.059120106528308694,True
5,911,2474639,Porzana carolina,Porzana carolina,Sora,sora,nodata_as_absence,both_classes,0.000215591979213,0.000215591979213,0.4678949415683746,0.01,48,1,579752,574850,4902,0.0084553395244863,127920,451832,16941,0.0,0.3615239284921948,579751,127920,451831,1,0,579752,0.2206464499414403,1.0,2.213211990297279e-06,0.3615239284921948,0.2206477942292566,0.5000011066059952,0.2206464499414403,0.0006988113970356,9.766742603096284e-07,True,True,True,0.2206460693537926,0.999998275124536,0.3640456536927496,0.000215591979213,0.3640456536927496,0.0,0.3615234176285058,5.108636889628038e-07,True,True,5,911,Porzana carolina,Sora,sora,nodata_as_absence,both_classes,7.447465759469196e-05,7.447465759469196e-05,0.956997573375702,0.01,97,1,579752,574850,4902,0.0084553395244863,127920,451832,16941,0.0228680903472026,0.3386558381449921,579751,127920,451831,1,0,579752,0.2206464499414403,1.0,2.213211990297279e-06,0.3615239284921948,0.2206477942292566,0.5000011066059952,0.2206464499414403,0.0006988113970356,9.766742603096284e-07,True,True,True,0.2206460693537926,0.999998275124536,0.3640456536927496,7.447465759469196e-05,0.3640456536927496,0.0,0.3615234176285058,5.108636889628038e-07,True,True,0.0,0.0,0.0,0.0,0.0,0.0,0.0,0.0,-0.00014111732161830803,0.0,True
6,912,2474953,Grus canadensis,Antigone canadensis,Sandhill Crane,sancra,nodata_as_absence,both_classes,0.0102129741042153,0.0002129741042153,0.567175030708313,0.01,58,1,579752,574850,4902,0.0084553395244863,342218,237534,16941,6.428444111983496e-05,0.7455638971348383,513490,319020,194470,43064,23198,579752,0.6212779216732556,0.9322128000280524,0.1812961512878156,0.7456281815759581,0.6245498075038982,0.556754475657934,0.5944235757087917,0.1754470868960466,0.1275786957623536,True,True,True,0.5902834315362431,0.8857063020049952,0.748877634258417,0.0102129741042153,0.748877634258417,0.0,0.7423625497575843,0.0032656318183738,False,False,6,912,Antigone canadensis,Sandhill Crane,sancra,nodata_as_absence,both_classes,0.9970682263374328,0.9970682263374328,1.0,0.01,2,1,579752,574850,4902,0.0084553395244863,342218,237534,16941,0.7423625497575843,8.051925278751426e-07,579751,342218,237533,1,0,579752,0.5902844497034071,1.0,4.209923631985316e-06,0.7423633549501122,0.5902851564117071,0.500002104961816,0.5902844497034071,0.0015764049144809,4.970092557936008e-06,True,True,True,0.5902834315362431,0.999998275124536,0.746331511220009,0.9970682263374328,0.746331511220009,0.0,0.7423625497575843,8.051925278751426e-07,True,True,-0.003264826625845929,-0.030993471969848474,0.0677871999719476,-0.1812919413641836,-0.03426465109219112,-0.05675237069611805,-0.004139126005384575,-0.1738706819815657,0.9868552522332175,0.11429197311954076,True
7,913,2475472,Megaceryle alcyon,Megaceryle alcyon,Belted Kingfisher,belkin1,nodata_as_absence,both_classes,0.010576073594857,0.000576073594857,0.8031161427497864,0.01,82,1,579752,574850,4902,0.0084553395244863,317313,262439,16941,0.0017695325537314,0.7302985947572862,421539,270445,151094,111345,46868,579752,0.6415657863210759,0.8522972585428268,0.4242700208429387,0.7320681273110177,0.6585402033973147,0.6382836396928828,0.5773718155364885,0.3090430305263308,0.2864022456257559,True,True,True,0.5473254081055348,0.7271022782155129,0.7369194046769157,0.010576073594857,0.7369194046769157,0.0,0.707447063479235,0.0246210638317826,False,False,7,913,Megaceryle alcyon,Belted Kingfisher,belkin1,nodata_as_absence,both_classes,0.9941574335098268,0.9941574335098268,1.0,0.01,2,1,579752,574850,4902,0.0084553395244863,317313,262439,16941,0.707447063479235,-1.4408703687962543e-06,579751,317312,262439,0,1,579752,0.5473246272968912,0.999996848537564,0.0,0.7074456226088662,0.5473236832300707,0.4999984242687819,0.5473236832300707,-0.001194399193252,-3.449749683942781e-06,True,True,True,0.5473254081055348,0.999998275124536,0.7113326951831618,0.9941574335098268,0.7113326951831618,0.0,0.707447063479235,-1.4408703687962543e-06,True,True,-0.024622504702151438,-0.09424115902418462,0.1476995899947372,-0.4242700208429387,-0.11121652016724393,-0.13828521542410094,-0.030048132306417785,-0.3102374297195828,0.9835813599149698,0.2728959969090231,True
8,914,2478106,Melanerpes carolinus,Melanerpes carolinus,Red-bellied Woodpecker,rebwoo,nodata_as_absence,both_classes,0.0003281654499005,0.0003281654499005,0.977982461452484,0.01,99,1,579752,574850,4902,0.0084553395244863,552082,27670,16941,0.0267349301169005,0.9488171168723638,579751,552081,27670,0,1,579752,0.9522726135875574,0.9999981886748708,0.0,0.9755520469892645,0.9522709710358912,0.4999990943374354,0.9522709710358912,-0.0002940234928738,-3.4496381575218072e-06,True,True,True,0.9522726959113552,0.999998275124536,0.9797955686727936,0.0003281654499005,0.9797955686727936,0.0,0.975552952111352,-9.051220877243082e-07,True,True,8,914,Melanerpes carolinus,Red-bellied Woodpecker,rebwoo,nodata_as_absence,both_classes,0.124124564230442,0.124124564230442,0.9678956866264344,0.01,86,1,579752,574850,4902,0.0084553395244863,552082,27670,16941,0.8291218347494,0.1464302122398643,579751,552081,27670,0,1,579752,0.9522726135875574,0.9999981886748708,0.0,0.9755520469892645,0.9522709710358912,0.4999990943374354,0.9522709710358912,-0.0002940234928738,-3.4496381575218072e-06,True,True,True,0.9522726959113552,0.999998275124536,0.9797955686727936,0.124124564230442,0.9797955686727936,0.0,0.975552952111352,-9.051220877243082e-07,True,True,0.0,0.0,0.0,0.0,0.0,0.0,0.0,0.0,0.12379639878054151,0.0,True
9,915,2478130,Melanerpes erythrocephalus,Melanerpes erythrocephalus,Red-headed Woodpecker,rehwoo,nodata_as_absence,both_classes,0.0200682849349686,6.82849349686876e-05,0.4539093673229217,0.01,47,1,579752,574850,4902,0.0084553395244863,375707,204045,16941,0.0,0.8663928645086711,409775,340268,69507,134538,35439,579752,0.8303776462692941,0.9056738362607032,0.6593545541424686,0.8663928645086711,0.818981219555948,0.7825141952015859,0.7642796497863948,0.5927752773465605,0.5874349591591639,True,True,True,0.6480477859498545,0.7068108432571168,0.8664105129948336,0.0100682849349686,0.8665004164176675,-0.01,0.7864429556893597,0.0799499088193114,False,False,9,915,Melanerpes erythrocephalus,Red-headed Woodpecker,rehwoo,nodata_as_absence,both_classes,0.0504031464923173,0.0004031464923173,0.9141700863838196,0.01,93,1,579752,574850,4902,0.0084553395244863,375707,204045,16941,0.2656590645180537,0.5891316597962931,423932,341762,82170,121875,33945,579752,0.8061717445250653,0.9096503392271104,0.597294714401235,0.8547907243143469,0.799716085498627,0.7534725268141728,0.7464056941056223,0.5461209182913989,0.5358790162692246,True,True,True,0.6480477859498545,0.7312299052008445,0.8552591901161285,0.0504031464923173,0.8552591901161285,0.0,0.7864429556893597,0.0683477686249871,False,False,-0.011602140194324262,-0.024205901744228764,0.003976502966407169,-0.062059839741233525,-0.019265134057321,-0.029041668387413178,-0.017873955680772546,-0.04665435905516169,0.0303348615573487,0.02441906194372767,True
10,916,2478259,Colaptes auratus,Colaptes auratus,Northern Flicker,norfli,nodata_as_absence,both_classes,0.0006106993532739,0.0006106993532739,0.4630285799503326,0.01,48,1,579752,574850,4902,0.0084553395244863,515585,64167,16941,0.0,0.941418888815852,579751,515585,64166,1,0,579752,0.8893214500708062,1.0,1.5584334626833108e-05,0.941418888815852,0.8893216409775214,0.5000077921673134,0.8893214500708062,0.003722832667301,2.7718581972130448e-05,True,True,True,0.8893199161020574,0.999998275124536,0.9456509976761548,0.0006106993532739,0.9456509976761548,0.0,0.9414180293370898,8.594787620497257e-07,True,True,10,916,Colaptes auratus,Northern Flicker,norfli,nodata_as_absence,both_classes,0.010567173177842,0.000567173177842,0.8303776979446411,0.01,84,1,579752,574850,4902,0.0084553395244863,515585,64167,16941,0.0149972230923413,0.928023905146015,570923,512300,58623,5544,3285,579752,0.8973189028993402,0.9936285966426488,0.0863995511711627,0.9430211282383564,0.8932164097752142,0.5400140739069057,0.8921854101649577,0.2050237827609746,0.1285670600633439,True,True,True,0.8893199161020574,0.984771074528419,0.9472950408928944,0.010567173177842,0.9472950408928944,0.0,0.9414180293370898,0.0016030989012664,False,False,0.0016022394225043701,0.007997452828534035,-0.006371403357351202,0.08638396683653586,0.0038947687976927936,0.04000628173959231,0.002863960094151463,0.2013009500936736,0.0099564738245681,-0.01522720059611693,True
11,917,2478605,Sphyrapicus varius,Sphyrapicus varius,Yellow-bellied Sapsucker,yebsap,nodata_as_absence,both_classes,0.0005566421314142,0.0005566421314142,0.8784845471382141,0.01,89,1,579752,574850,4902,0.0084553395244863,494123,85629,16941,0.0006230731261278,0.9196375906016466,579751,494122,85629,0,1,579752,0.8523003841304284,0.9999979762124006,0.0,0.9202606637277744,0.8522989140184078,0.4999989881062003,0.8522989140184078,-0.0005467290471883,-3.449722541912634e-06,True,True,True,0.8523006388938719,0.999998275124536,0.9244807160524317,0.0005566421314142,0.9244807160524317,0.0,0.9202616691886858,-1.0054609114185098e-06,True,True,11,917,Sphyrapicus varius,Yellow-bellied Sapsucker,yebsap,nodata_as_absence,both_classes,0.0096798380836844,0.0096798380836844,0.8945256471633911,0.01,90,1,579752,574850,4902,0.0084553395244863,494123,85629,16941,0.0321938874984581,0.8880667762293162,579751,494122,85629,0,1,579752,0.8523003841304284,0.9999979762124006,0.0,0.9202606637277744,0.8522989140184078,0.4999989881062003,0.8522989140184078,-0.0005467290471883,-3.449722541912634e-06,True,True,True,0.8523006388938719,0.999998275124536,0.9244807160524317,0.0096798380836844,0.9244807160524317,0.0,0.9202616691886858,-1.0054609114185098e-06,True,True,0.0,0.0,0.0,0.0,0.0,0.0,0.0,0.0,0.009123195952270199,0.0,True
12,918,2479089,Aratinga acuticaudata,Thectocercus acuticaudatus,Blue-crowned Parakeet,bucpar,nodata_as_absence,both_classes,0.0400147301316246,1.473013162467396e-05,0.529477059841156,0.01,54,1,579752,574850,4902,0.0084553395244863,3009,576743,16941,0.0,0.2482493477962378,11557,1808,9749,566994,1201,579752,0.1564419832136367,0.6008640744433367,0.983096457174166,0.2482493477962378,0.981112613669293,0.7919802658087514,0.1417150023514657,0.3002026314137361,0.2420065366661786,True,True,True,0.0051901502711504,0.0199343857373497,0.2482493477962378,0.0400147301316246,0.2482493477962378,0.0,0.01032670339985,0.2379226443963877,False,False,12,918,Thectocercus acuticaudatus,Blue-crowned Parakeet,bucpar,nodata_as_absence,both_classes,0.2801146532958956,0.0001146532958955,0.7921026945114136,0.01,81,1,579752,574850,4902,0.0084553395244863,3009,576743,16941,0.0990415335463258,0.1634765884565736,5958,1177,4781,571962,1832,579752,0.197549513259483,0.3911598537720173,0.9917103458559532,0.2625181220028995,0.9885933985566242,0.6914350998139852,0.1510911424903722,0.2727881961017767,0.2573963488754929,True,True,True,0.0051901502711504,0.0102768080144613,0.2625181220028995,0.2801146532958956,0.2625181220028995,0.0,0.01032670339985,0.2521914186030495,False,False,0.014268774206661672,0.0411075300458463,-0.20970422067131939,0.00861388868178714,0.007480784887331171,-0.10054516599476615,0.009376140138906502,-0.027414435311959418,0.24009992316427098,-0.0096575777228884,True
13,919,2479115,Aratinga leucophthalma,Psittacara leucophthalmus,White-eyed Parakeet,whepar2,nodata_as_absence,both_classes,0.0600037422757941,3.74227579413855e-06,0.4282110333442688,0.01,44,1,579752,574850,4902,0.0084553395244863,1848,577904,16941,0.0,0.2921393841166936,3088,721,2367,575537,1127,579752,0.2334844559585492,0.3901515151515151,0.9959041640134,0.2921393841166936,0.9939732851288136,0.6930278395824576,0.1710557532621589,0.2989707586109674,0.289304892522719,True,True,True,0.0031875698574562,0.0053264154328057,0.2921393841166936,0.0600037422757941,0.2921393841166936,0.0,0.0063548830811554,0.2857845010355382,False,False,13,919,Psittacara leucophthalmus,White-eyed Parakeet,whepar2,nodata_as_absence,both_classes,0.2900098078535302,9.80785353021929e-06,0.8215258717536926,0.01,84,1,579752,574850,4902,0.0084553395244863,1848,577904,16941,0.1974661424202708,0.2018890862720523,3115,991,2124,575780,857,579752,0.3181380417335473,0.5362554112554112,0.9963246490766632,0.3993552286923232,0.9948581462418412,0.7662900301660373,0.249496475327291,0.4106609977144698,0.3969422003575436,True,True,True,0.0031875698574562,0.0053729870703335,0.3993552286923232,0.2900098078535302,0.3993552286923232,0.0,0.0063548830811554,0.3930003456111677,False,False,0.1072158445756296,0.08465358577499812,0.14610389610389612,0.00042048506326319846,0.0008848611130276574,0.07326219058357963,0.07844072206513208,0.1116902391035024,0.2300060655777361,4.657163752780011e-05,True
14,920,2479153,Aratinga mitrata,Psittacara mitratus,Mitred Parakeet,mitpar,nodata_as_absence,both_classes,0.0400198295820155,1.98295820155181e-05,0.2997139096260071,0.01,31,1,579752,574850,4902,0.0084553395244863,2162,577590,16941,0.0,0.2291759465478841,6818,1029,5789,571801,1133,579752,0.150924024640657,0.4759481961147086,0.9899773195519314,0.2291759465478841,0.9880604120382508,0.73296275783332,0.1294176833102754,0.2634349399444347,0.224786137592227,True,True,True,0.0037291807531496,0.011760200913494,0.2291759465478841,0.0400198295820155,0.2291759465478841,0.0,0.0074306512646198,0.2217452952832643,False,False,14,920,Psittacara mitratus,Mitred Parakeet,mitpar,nodata_as_absence,both_classes,0.2600157505364768,1.575053647684399e-05,0.8137669563293457,0.01,83,1,579752,574850,4902,0.0084553395244863,2162,577590,16941,0.2674461088783339,0.2035071750382321,3639,1366,2273,575317,796,579752,0.3753778510579829,0.6318223866790009,0.9960646825602936,0.4709532839165661,0.99470635720101,0.8139435346196473,0.3080045095828636,0.4845898924911013,0.4684664124891381,True,True,True,0.0037291807531496,0.006276821813465,0.4709532839165661,0.2600157505364768,0.4709532839165661,0.0,0.0074306512646198,0.4635226326519462,False,False,0.241777337368682,0.2244538264173259,0.1558741905642923,0.006087363008362212,0.0066459451627591815,0.08098077678632731,0.17858682627258818,0.22115495254666662,0.2199959209544613,-0.005483379100028999,True
15,921,2479407,Myiopsitta monachus,Myiopsitta monachus,Monk Parakeet,monpar,nodata_as_absence,both_classes,0.0500263907277258,2.6390727725811303e-05,0.4413961470127105,0.01,46,1,579752,574850,4902,0.0084553395244863,13453,566299,16941,0.0,0.4357516488514896,17326,6706,10620,555679,6747,579752,0.3870483666166455,0.49847617631755,0.9812466559185166,0.4357516488514896,0.9700440878168596,0.7398614161180332,0.2785693515556848,0.4241710340124183,0.4206154223662861,True,True,True,0.0232047496170776,0.0298851922891167,0.4357516488514896,0.0500263907277258,0.4357516488514896,0.0,0.0453570013738926,0.390394647477597,False,False,15,921,Myiopsitta monachus,Monk Parakeet,monpar,nodata_as_absence,both_classes,0.7438318119477481,0.003831811947748,0.9726991057395936,0.01,98,1,579752,574850,4902,0.0084553395244863,13453,566299,16941,0.1156395992009486,0.1292566276145515,10108,2885,7223,559076,10568,579752,0.2854174910961614,0.2144503084813796,0.9872452538323394,0.2448962268155002,0.9693127406201272,0.6008477811568596,0.139533758947572,0.2320034436255415,0.2295564435468269,True,True,True,0.0232047496170776,0.017435041190026,0.2448962268155002,0.7438318119477481,0.2448962268155002,0.0,0.0453570013738926,0.1995392254416075,False,False,-0.1908554220359894,-0.10163087552048411,-0.28402586783617034,0.005998597913822845,-0.0007313471967324014,-0.1390136349611737,-0.1390355926081128,-0.19216759038687678,0.6938054212200222,-0.0124501510990907,True
16,922,2479583,Brotogeris chiriri,Brotogeris chiriri,Yellow-chevroned Parakeet,yecpar,nodata_as_absence,both_classes,0.0300027105470508,2.710547050810419e-06,0.3321385681629181,0.01,35,1,579752,574850,4902,0.0084553395244863,2171,577581,16941,0.0,0.2070675759454432,5894,835,5059,572522,1336,579752,0.1416694944010858,0.3846153846153846,0.991241055367126,0.2070675759454432,0.9889694214077744,0.6879282199912553,0.115491009681881,0.2288500811934588,0.202703693170807,True,True,True,0.0037447046323255,0.0101664159847659,0.2070675759454432,0.0300027105470508,0.2070675759454432,0.0,0.007461468269857,0.1996061076755863,False,False,16,922,Brotogeris chiriri,Yellow-chevroned Parakeet,yecpar,nodata_as_absence,both_classes,0.3600300120136671,3.0012013667146675e-05,0.8458129167556763,0.01,86,1,579752,574850,4902,0.0084553395244863,2171,577581,16941,0.365861119608443,0.121287474769067,2809,1213,1596,575985,958,579752,0.4318262726949092,0.5587286964532473,0.9972367512089212,0.48714859437751,0.9955946680649655,0.7779827238310844,0.3220069020440669,0.4890371353313873,0.4849728891722048,True,True,True,0.0037447046323255,0.0048451751783521,0.48714859437751,0.3600300120136671,0.48714859437751,0.0,0.007461468269857,0.479687126107653,False,False,0.2800810184320668,0.29015677829382336,0.17411331183786272,0.005995695841795157,0.006625246657191108,0.09005450383982905,0.2065158923621859,0.26018705413792853,0.3300273014666163,-0.005321240806413801,True
17,923,2479666,Amazona amazonica,Amazona amazonica,Orange-winged Amazon,orwpar,nodata_as_absence,both_classes,0.0300032665550406,3.266555040681851e-06,0.4000703990459442,0.01,42,1,579752,574850,4902,0.0084553395244863,837,578915,16941,0.0,0.1026194144838212,5653,333,5320,573595,504,579752,0.0589067751636299,0.3978494623655914,0.9908103953084648,0.1026194144838212,0.9899543252977137,0.6943299288370282,0.0540847815494559,0.1501782120873733,0.1003567622604548,True,True,True,0.0014437207633608,0.0097507209979439,0.1026194144838212,0.0300032665550406,0.1026194144838212,0.0,0.0028832788771402,0.0997361356066809,False,False,17,923,Amazona amazonica,Orange-winged Amazon,orwpar,nodata_as_absence,both_classes,0.4400103716884041,1.0371688404120503e-05,0.9392410516738892,0.01,95,1,579752,574850,4902,0.0084553395244863,837,578915,16941,0.4209097080787508,0.016055494431232,916,383,533,578382,454,579752,0.4181222707423581,0.4575866188769414,0.9990793121615436,0.4369652025099829,0.9982975479170404,0.7283329655192425,0.2795620437956204,0.436559294982886,0.436114421586974,True,True,True,0.0014437207633608,0.0015799859250162,0.4369652025099829,0.4400103716884041,0.4369652025099829,0.0,0.0028832788771402,0.4340819236328426,False,False,0.33434578802616166,0.3592154955787282,0.05973715651135003,0.008268916853078734,0.00834322261932674,0.03400303668221438,0.2254772622461645,0.2863810828955127,0.4100071051333635,-0.0081707350729277,True
18,924,2480102,Nandayus nenday,Aratinga nenday,Nanday Parakeet,bkhpar,nodata_as_absence,both_classes,0.0400401585130021,4.015851300209761e-05,0.5171869993209839,0.01,53,1,579752,574850,4902,0.0084553395244863,9783,569969,16941,0.0006131207847946,0.3282345886056018,17415,4472,12943,557026,5311,579752,0.2567901234567901,0.4571194929980579,0.9772917474459136,0.3288477093903963,0.9685141232802992,0.7172056202219859,0.196779019625099,0.3277952299332035,0.314024058185215,True,True,True,0.0168744566642288,0.0300387062054119,0.3288477093903963,0.0400401585130021,0.3288477093903963,0.0,0.0331888691935169,0.2956588401968794,False,False,18,924,Aratinga nenday,Nanday Parakeet,bkhpar,nodata_as_absence,both_classes,0.780049543032219,4.954303221893497e-05,0.980900764465332,0.01,100,1,579752,574850,4902,0.0084553395244863,9783,569969,16941,0.1224177505738332,0.1774050761964702,7714,2623,5091,564878,7160,579752,0.3400311122634171,0.2681181641623223,0.9910679352736728,0.2998228267703035,0.9788685506906402,0.6295930497179976,0.1763479897808256,0.2913540727806858,0.2892474892060875,True,True,True,0.0168744566642288,0.0133056893292304,0.2999942814662321,0.780049543032219,0.2999942814662321,0.0,0.0331888691935169,0.2666339575767865,False,False,-0.02902488262009284,0.083240988806627,-0.18900132883573556,0.013776187827759134,0.010354427410340983,-0.0876125705039883,-0.02043102984427339,-0.03644115715251767,0.7400093845192168,-0.0167330168761815,True
19,925,2480189,Fregata magnificens,Fregata magnificens,Magnificent Frigatebird,magfri,nodata_as_absence,both_classes,0.0300199427358893,1.994273588934448e-05,0.9040822982788086,0.01,92,1,579752,574843,4909,0.0084674136527342,20455,559297,16941,0.0206613565049481,0.3731617779665654,21249,8212,13037,546260,12243,579752,0.386465245423314,0.4014666340747983,0.9766903809603842,0.3938231344715135,0.9563951482702948,0.6890785075175913,0.2451928818822405,0.3712881979790716,0.3712157854647065,True,True,True,0.0352823276159461,0.0366518787343553,0.4103948025987006,0.0300199427358893,0.4103948025987006,0.0,0.0681598181960557,0.3256633162754578,False,False,19,925,Fregata magnificens,Magnificent Frigatebird,magfri,nodata_as_absence,both_classes,0.996051139831543,0.926051139831543,1.0,0.01,9,1,579752,574843,4909,0.0084674136527342,20455,559297,16941,0.0681598181960557,0.0201432632362058,439461,20306,419155,140142,149,579752,0.0462066030887837,0.9927157174285016,0.2505681239126975,0.0883030814322615,0.2767528184465082,0.6216419206705996,0.0461909419712927,0.1047994916618763,0.022386246203103,True,True,True,0.0352823276159461,0.7580154962811685,0.0892557696914553,0.996051139831543,0.0892557696914553,0.0,0.0681598181960557,0.0201432632362058,False,False,-0.305520053039252,-0.3402586423345303,0.5912490833537033,-0.7261222570476866,-0.6796423298237866,-0.06743658684699161,-0.1990019399109478,-0.2664887063171953,0.9660311970956538,0.7213636175468132,True
20,926,2480258,Recurvirostra americana,Recurvirostra americana,American Avocet,ameavo,nodata_as_absence,both_classes,0.0302452702319715,0.0002452702319715,0.6474895477294922,0.01,66,1,579752,574850,4902,0.0084553395244863,41937,537815,16941,0.0006195934513738,0.2797549159793391,68394,15467,52927,484888,26470,579752,0.2261455683247068,0.3688151274530843,0.9015888363098836,0.280374509430713,0.8630500627854669,0.6352019818814839,0.1630439365828976,0.2171484127992186,0.2094789581980236,True,True,True,0.0723361023334115,0.1179711324842346,0.2926224778409467,0.0302452702319715,0.2926224778409467,0.0,0.134913115721848,0.1454613937088649,False,False,20,926,Recurvirostra americana,American Avocet,ameavo,nodata_as_absence,both_classes,0.580060354006564,6.03540065640118e-05,0.9969008564949036,0.01,101,1,579752,574850,4902,0.0084553395244863,41937,537815,16941,0.2837853301293054,0.0106601384678102,99101,20764,78337,459478,21173,579752,0.2095236173197041,0.4951236378377089,0.8543421064864312,0.2944454685971157,0.8283576425782059,0.67473287216207,0.1726391406288973,0.2404727129481424,0.2146066267477786,True,True,True,0.0723361023334115,0.1709368833570216,0.2963068668302985,0.5700603540065641,0.2964777652027493,-0.0099999999999998,0.134913115721848,0.1595323528752676,False,False,0.014070959166402663,-0.016621951005002716,0.1263085103846246,-0.04724672982345246,-0.03469242020726104,0.039530890280586095,0.0095952040459997,0.02332430014892381,0.5498150837745924,0.05296575087278699,True
21,927,2480273,Haematopus palliatus,Haematopus palliatus,American Oystercatcher,ameoys,nodata_as_absence,both_classes,0.0200241352281591,2.4135228159138933e-05,0.6879372000694275,0.01,70,1,579752,574850,4902,0.0084553395244863,14823,564929,16941,0.0013478905512872,0.287038565046072,41525,8125,33400,531529,6698,579752,0.1956652618904274,0.5481346556027795,0.9408775262024076,0.2883864555973592,0.9308359436448688,0.7445060909025936,0.1684880658606888,0.2993278362322351,0.2605200211203355,True,True,True,0.025567829002746,0.071625453642247,0.3141978769891143,0.0200241352281591,0.3141978769891143,0.0,0.0498608249590043,0.2385256306383549,False,False,21,927,Haematopus palliatus,American Oystercatcher,ameoys,nodata_as_absence,both_classes,0.9952371191978456,0.9252371191978456,0.9999998211860656,0.01,9,1,579752,574850,4902,0.0084553395244863,14823,564929,16941,0.0498608249590043,0.0005172486424974,573290,14814,558476,6453,9,579752,0.0258403251408536,0.9993928354584092,0.0114226743537683,0.0503780736015017,0.0366829264927072,0.5054077549060888,0.0258399194835504,0.0162607781477775,0.0005591267970052,True,True,True,0.025567829002746,0.988853854751687,0.0508015109454382,0.9952371191978456,0.0508015109454382,0.0,0.0498608249590043,0.0005172486424974,False,False,-0.2380083819958575,-0.1698249367495738,0.45125817985562966,-0.9294548518486393,-0.8941530171521616,-0.23909833599650476,-0.14264814637713838,-0.2830670580844576,0.9752129839696866,0.9172284011094399,True
22,928,2480295,Charadrius semipalmatus,Charadrius semipalmatus,Semipalmated Plover,semplo,nodata_as_absence,both_classes,0.030142468852573,0.000142468852573,0.7774414420127869,0.01,79,1,579752,574850,4902,0.0084553395244863,51083,528669,16941,0.002736459412443,0.2614756633844818,101885,20208,81677,446992,30875,579752,0.1983412671148844,0.3955914883620774,0.8455044649865984,0.2642121227969248,0.8058618167768287,0.6205479766743379,0.15221452244652,0.1795607437976724,0.1663645720756173,True,True,True,0.0881118133270777,0.1757389366487739,0.2713849252979687,0.030142468852573,0.2713849252979687,0.0,0.1619536011793892,0.1022585216175356,False,False,22,928,Charadrius semipalmatus,Semipalmated Plover,semplo,nodata_as_absence,both_classes,0.3702778832858894,0.0002778832858894,0.977355659008026,0.01,99,1,579752,574850,4902,0.0084553395244863,51083,528669,16941,0.4152124052652572,0.0553209829151897,58312,25737,32575,496094,25346,579752,0.4413671285498696,0.5038271049076992,0.9383829957875344,0.470533388180447,0.9000934882501483,0.7211050503476168,0.3076454134691243,0.4167519474155023,0.415642086588271,True,True,True,0.0881118133270777,0.1005809380562723,0.4914642529789184,0.3702778832858894,0.4914642529789184,0.0,0.1619536011793892,0.3085797870010577,False,False,0.2063212653835222,0.2430258614349852,0.1082356165456218,0.092878530800936,0.09423167147331968,0.10055707367327893,0.15543089102260427,0.23719120361782992,0.3401354144333164,-0.07515799859250161,True
23,929,2480320,Charadrius vociferus,Charadrius vociferus,Killdeer,killde,nodata_as_absence,both_classes,0.0007786665228195,0.0007786665228195,0.5745133757591248,0.01,59,1,579752,574850,4902,0.0084553395244863,376419,203333,16941,4.78172742559765e-05,0.7872975292645394,579751,376418,203333,0,1,579752,0.6492752923237735,0.9999973433859608,0.0,0.7873453465387954,0.6492741724047524,0.4999986716929804,0.6492741724047524,-0.0009652668969185,-3.4497458626081475e-06,True,True,True,0.6492758972802164,0.999998275124536,0.7914026331170606,0.0007786665228195,0.7914026331170606,0.0,0.7873466147791556,-1.2682403601749217e-06,True,True,23,929,Charadrius vociferus,Killdeer,killde,nodata_as_absence,both_classes,0.3381493181735277,0.0181493181735277,0.999515950679779,0.01,100,1,579752,574850,4902,0.0084553395244863,376419,203333,16941,0.7820115799583836,0.0080107454131561,563319,371207,192112,11221,5212,579752,0.658964103820393,0.986153727627989,0.0551853363694038,0.7900223253715397,0.6596406739433412,0.5206695319986965,0.6529230596044895,0.1188679338988189,0.0524161963533667,True,True,True,0.6492758972802164,0.9716551215002276,0.790914456288525,0.1981493181735277,0.791908324404508,-0.14,0.7873466147791556,0.0026757105923841,False,False,0.0026769788327443145,0.009688811496619598,-0.013843615757971772,0.0551853363694038,0.010366501538588868,0.020670860305716077,0.0036488871997371053,0.11983320079573741,0.33737065165070823,-0.028343153624308393,True
24,930,2480327,Pluvialis squatarola,Pluvialis squatarola,Black-bellied Plover,bkbplo,nodata_as_absence,both_classes,0.0200855806283652,8.558062836527824e-05,0.8276702165603638,0.01,84,1,579752,574850,4902,0.0084553395244863,31069,548683,16941,0.0120070253871946,0.3098749949576068,48165,12752,35413,513270,18317,579752,0.2647565659711409,0.4104412758698381,0.9354581789485004,0.3218820203448014,0.9073224413197368,0.6729497274091693,0.1918113173490568,0.2822417843955665,0.274621362776284,True,True,True,0.0535901557907519,0.0830786267231505,0.3391354068321742,0.0200855806283652,0.3391354068321742,0.0,0.1017286570042614,0.2201533633405399,False,False,24,930,Pluvialis squatarola,Black-bellied Plover,bkbplo,nodata_as_absence,both_classes,0.4803201552317477,0.0003201552317477,0.994633138179779,0.01,101,1,579752,574850,4902,0.0084553395244863,31069,548683,16941,0.49496917622257,0.0015100246956295,33405,16005,17400,531283,15064,579752,0.4791198922317018,0.5151437123821172,0.9682876998193856,0.4964792009181996,0.94400364293698,0.7417157061007514,0.3302110627411335,0.4672176458358824,0.4668737310143875,True,True,True,0.0535901557907519,0.057619464874636,0.5351858353814516,0.4803201552317477,0.5351858353814516,0.0,0.1017286570042614,0.3947505439139381,False,False,0.17459718057339818,0.21436332626056093,0.10470243651227912,0.0328295208708852,0.0366812016172432,0.06876597869158219,0.1383997453920767,0.18497586144031586,0.4602345746033825,-0.025459161848514503,True
25,931,2480367,Elanus leucurus,Elanus leucurus,White-tailed Kite,whtkit,nodata_as_absence,both_classes,0.0200305001867673,3.0500186767312695e-05,0.5069376230239868,0.01,52,1,579752,574747,5005,0.0086330016972774,30910,548842,16941,0.0,0.2848488864068756,74739,15047,59692,489150,15863,579752,0.2013272856206264,0.4868003882238758,0.8912401018872462,0.2848488864068756,0.8696770343181223,0.689020245055561,0.1660780115229244,0.2534466580038912,0.2265005255460832,True,True,True,0.0533159005919772,0.1289154673032607,0.2850593439486222,0.0200305001867673,0.2850593439486222,0.0,0.1012343980794613,0.1836144883274143,False,False,25,931,Elanus leucurus,White-tailed Kite,whtkit,nodata_as_absence,both_classes,0.0800000196399359,1.9639935899817832e-08,0.9251859784126282,0.01,94,1,579752,574747,5005,0.0086330016972774,30910,548842,16941,0.1130786897135259,0.3182020740069161,39587,15202,24385,524457,15708,579752,0.3840149544042236,0.4918149466192171,0.9555700912102209,0.431280763720442,0.9308445680221888,0.723692518914719,0.2749254001265937,0.3984878749878037,0.3950579241332315,True,True,True,0.0533159005919772,0.0682826449930315,0.4313541888345037,0.0800000196399359,0.4313541888345037,0.0,0.1012343980794613,0.3300463656409806,False,False,0.14643187731356638,0.1826876687835972,0.0050145583953413175,0.06432998932297462,0.06116753370406658,0.03467227385915794,0.10884738860366933,0.14504121698391248,0.0599695194531686,-0.060632822310229206,True
26,932,2480415,Rostrhamus sociabilis,Rostrhamus sociabilis,Snail Kite,snakit,nodata_as_absence,both_classes,0.020163789562066,0.000163789562066,0.445017546415329,0.01,46,1,579752,574850,4902,0.0084553395244863,63224,516528,16941,0.0,0.2491384880465216,159640,27762,131878,384650,35462,579752,0.173903783512904,0.4391054030115146,0.7446837344732522,0.2491384880465216,0.7113593398556625,0.5918945687423834,0.1422947996432635,0.1282491086916771,0.1101084695527081,True,True,True,0.1090535263353985,0.275359119071603,0.2498470067317038,0.020163789562066,0.2498470067317038,0.0,0.1966605285422784,0.0524779595042432,False,False,26,932,Rostrhamus sociabilis,Snail Kite,snakit,nodata_as_absence,both_classes,0.030001789562134,1.7895621340358048e-06,0.882682740688324,0.01,90,1,579752,574850,4902,0.0084553395244863,63224,516528,16941,0.0485855600458411,0.3388106178736714,188890,48834,140056,376472,14390,579752,0.2585314204034094,0.7723965582690118,0.7288510981011678,0.3873961779195126,0.7335998840883688,0.7506238281850898,0.2402302243211334,0.3333681198024891,0.2677360816312183,True,True,True,0.1090535263353985,0.3258117263933544,0.3879393551820973,0.030001789562134,0.3879393551820973,0.0,0.1966605285422784,0.1907356493772341,False,False,0.13825768987299097,0.08462763689050537,0.3332911552574972,-0.01583263637208443,0.022240544232706383,0.15872925944270633,0.09793542467786989,0.205119011110812,0.009838000000068,0.050452607321751386,True
27,933,2480446,Haliaeetus leucocephalus,Haliaeetus leucocephalus,Bald Eagle,baleag,nodata_as_absence,both_classes,0.0112790863402187,0.0012790863402187,0.7227922677993774,0.01,74,1,579752,574850,4902,0.0084553395244863,233056,346696,16941,0.0030833401138266,0.5718769269227744,538973,221943,317030,29666,11113,579752,0.4117887166889621,0.952316181518605,0.0855677596511064,0.574960267036601,0.4339941906194373,0.5189419705848557,0.4034696392927651,0.0726370039423218,0.0311769294911984,True,True,True,0.401992576136003,0.9296613034538906,0.5785988576255191,0.0212790863402187,0.5786995741549888,0.01,0.5734589226483991,0.0015013443882018,False,False,27,933,Haliaeetus leucocephalus,Bald Eagle,baleag,nodata_as_absence,both_classes,0.0071387006901204,0.0071387006901204,0.9455862045288086,0.01,95,1,579752,574850,4902,0.0084553395244863,233056,346696,16941,0.3630681078265399,0.2103915203508748,579751,233056,346695,1,0,579752,0.4019932695243303,1.0,2.884371322426564e-06,0.5734596281774148,0.401994301011467,0.5000014421856612,0.4019932695243303,0.0010767998228196,2.318993028020191e-06,True,True,True,0.401992576136003,0.999998275124536,0.576939120317364,0.0071387006901204,0.576939120317364,0.0,0.5734589226483991,7.055290156543492e-07,True,True,-0.0015006388591861652,-0.00979544716463182,0.047683818481395024,-0.08556487527978397,-0.03199988960797029,-0.018940528399194467,-0.0014763697684347932,-0.0715602041195022,-0.0041403856500983,0.07033697167064534,True
28,934,2480461,Elanoides forficatus,Elanoides forficatus,Swallow-tailed Kite,swtkit,nodata_as_absence,both_classes,0.0009309711749665,0.0009309711749665,0.7091822028160095,0.01,72,1,579752,574850,4902,0.0084553395244863,481169,98583,16941,0.0003241167817696,0.906754645047586,579751,481169,98582,1,0,579752,0.8299580337075745,1.0,1.014373674974387e-05,0.9070787618293557,0.82995832700879,0.5000050718683748,0.8299580337075745,0.0029015299080424,1.6837609861179737e-05,True,True,True,0.829956602133326,0.999998275124536,0.9112893909005338,0.0009309711749665,0.9112893909005338,0.0,0.9070779068375496,8.549918060207773e-07,True,True,28,934,Elanoides forficatus,Swallow-tailed Kite,swtkit,nodata_as_absence,both_classes,0.1328136461228132,0.0228136461228132,0.8799691200256348,0.01,87,1,579752,574850,4902,0.0084553395244863,481169,98583,16941,0.1654796530869287,0.74382672690084,570228,478021,92207,6376,3148,579752,0.8382980141276822,0.9934576001363348,0.0646764655163669,0.9093063799877686,0.8355245001310906,0.5290670328263508,0.8336955156825538,0.1718092606176371,0.0907141563272601,True,True,True,0.829956602133326,0.9835722860809448,0.9135029099904736,0.1328136461228132,0.9135029099904736,0.0,0.9070779068375496,0.002228473150219,False,False,0.0022276181584129917,0.008339980420107751,-0.006542399863665227,0.06466632177961715,0.005566173122300566,0.029061960957975974,0.003737481974979362,0.1689077307095947,0.13188267494784672,-0.01642598904359116,True
29,935,2480487,Circus cyaneus,Circus hudsonius,Northern Harrier,norhar2,nodata_as_absence,both_classes,0.0104735642578452,0.0004735642578452,0.4904659688472748,0.01,50,1,579752,574850,4902,0.0084553395244863,234609,345143,16941,0.0,0.6163134431544568,436543,206820,229723,115420,27789,579752,0.4737677617096139,0.8815518586243495,0.3344121132400193,0.6163134431544568,0.5558238695166209,0.6079819859321844,0.4454140571832223,0.2457845075876366,0.1898040164649545,True,True,True,0.4046713077315818,0.7529823096772413,0.620829393489126,0.0104735642578452,0.620829393489126,0.0,0.576179360259148,0.0401340828953088,False,False,29,935,Circus hudsonius,Northern Harrier,norhar2,nodata_as_absence,both_classes,0.0601086416232283,0.0001086416232283,0.9172446131706238,0.01,93,1,579752,574850,4902,0.0084553395244863,234609,345143,16941,0.1815673289183223,0.4538477902177271,290421,166806,123615,221528,67803,579752,0.5743592921999442,0.7109957418513356,0.6418441051969763,0.6354151191360494,0.6698277884336751,0.6764199235241559,0.4656471928179016,0.3463681914033458,0.3398921975699347,True,True,True,0.4046713077315818,0.5009400571278754,0.6392785763149675,0.0601086416232283,0.6392785763149675,0.0,0.576179360259148,0.0592357588769014,False,False,0.019101675981592625,0.10059153049033032,-0.17055611677301385,0.30743199195695703,0.11400391891705419,0.06843793759197148,0.020233135634679322,0.1005836838157092,0.0496350773653831,-0.25204225254936596,True
30,936,2480529,Buteo lineatus,Buteo lineatus,Red-shouldered Hawk,reshaw,nodata_as_absence,both_classes,0.0009040794684551,0.0009040794684551,0.905507266521454,0.01,92,1,579752,574850,4902,0.0084553395244863,547936,31816,16941,0.0391480962325142,0.9326375144910288,579751,547935,31816,0,1,579752,0.9451212675786674,0.9999981749693396,0.0,0.971785610723543,0.9451196373621824,0.4999990874846697,0.9451196373621824,-0.0003164733310709,-3.449654403730703e-06,True,True,True,0.9451213622376464,0.999998275124536,0.9760283580560838,0.0009040794684551,0.9760283580560838,0.0,0.9717865225133192,-9.1178977634776e-07,True,True,30,936,Buteo lineatus,Red-shouldered Hawk,reshaw,nodata_as_absence,both_classes,0.0173666533082723,0.0173666533082723,0.9858922362327576,0.01,98,1,579752,574850,4902,0.0084553395244863,547936,31816,16941,0.7089681563355055,0.2628174543880375,579751,547935,31816,0,1,579752,0.9451212675786674,0.9999981749693396,0.0,0.971785610723543,0.9451196373621824,0.4999990874846697,0.9451196373621824,-0.0003164733310709,-3.449654403730703e-06,True,True,True,0.9451213622376464,0.999998275124536,0.9760283580560838,0.0173666533082723,0.9760283580560838,0.0,0.9717865225133192,-9.1178977634776e-07,True,True,0.0,0.0,0.0,0.0,0.0,0.0,0.0,0.0,0.0164625738398172,0.0,True
31,937,2480538,Buteo platypterus,Buteo platypterus,Broad-winged Hawk,brwhaw,nodata_as_absence,both_classes,0.0002157887502107,0.0002157887502107,0.6048939824104309,0.01,62,1,579752,574850,4902,0.0084553395244863,168031,411721,16941,8.331399258505466e-05,0.4493257383782931,579751,168030,411721,0,1,579752,0.2898313241374314,0.999994048717201,0.0,0.4494090523708781,0.2898308242144917,0.4999970243586005,0.2898308242144917,-0.0020558245608647,-3.4497544499409734e-06,True,True,True,0.2898325490899557,0.999998275124536,0.4523745423217747,0.0002157887502107,0.4523745423217747,0.0,0.4494111259549896,-2.073584111472737e-06,True,True,31,937,Buteo platypterus,Broad-winged Hawk,brwhaw,nodata_as_absence,both_classes,0.0300700518721714,7.005187217146158e-05,0.919861137866974,0.01,93,1,579752,574850,4902,0.0084553395244863,168031,411721,16941,0.0103090955305578,0.5841500242447375,238547,120847,117700,294021,47184,579752,0.50659618439972,0.7191946724116384,0.7141267994588568,0.5944591197752953,0.7155956339952255,0.7166607359352476,0.4229397580241555,0.3994953716782489,0.3854505667472053,True,True,True,0.2898325490899557,0.4114638673087803,0.5953420777141449,0.0300700518721714,0.5953420777141449,0.0,0.4494111259549896,0.1450479938203057,False,False,0.14505006740441723,0.21676486026228858,-0.2807993763055626,0.7141267994588568,0.42576480978073383,0.2166637115766471,0.13310893380966382,0.4015511962391136,0.0298542631219607,-0.5885344078157557,True
32,938,2480542,Buteo jamaicensis,Buteo jamaicensis,Red-tailed Hawk,rethaw,nodata_as_absence,both_classes,0.0007302983431145,0.0007302983431145,0.6116806864738464,0.01,63,1,579752,574850,4902,0.0084553395244863,411819,167933,16941,3.3994939610417995e-05,0.8306042857667442,579751,411818,167933,0,1,579752,0.7103359890711702,0.9999975717487536,0.0,0.8306382807063546,0.7103347638300515,0.4999987858743768,0.7103347638300515,-0.000838675739214,-3.449742286565955e-06,True,True,True,0.7103364887055155,0.999998275124536,0.8347650881552863,0.0007302983431145,0.8347650881552863,0.0,0.8306394600084109,-1.179302056342202e-06,True,True,32,938,Buteo jamaicensis,Red-tailed Hawk,rethaw,nodata_as_absence,both_classes,0.0006879327120259,0.0006879327120259,0.9179696440696716,0.01,93,1,579752,574850,4902,0.0084553395244863,411819,167933,16941,0.0895636252670125,0.7410766724426802,579751,411819,167932,1,0,579752,0.7103377139496094,1.0,5.95475576569227e-06,0.8306402977096927,0.7103382135809795,0.5000029773778828,0.7103377139496094,0.0020566690540118,8.45973941167393e-06,True,True,True,0.7103364887055155,0.999998275124536,0.834767115179574,0.0006879327120259,0.834767115179574,0.0,0.8306394600084109,8.37701281786174e-07,True,True,2.017003338128376e-06,1.7248784391910021e-06,2.428251246411328e-06,5.95475576569227e-06,3.4497509280306815e-06,4.191503506001393e-06,2.950119557976194e-06,0.0028953447932258,-4.2365631088600044e-05,0.0,True
33,939,2480553,Buteo brachyurus,Buteo brachyurus,Short-tailed Hawk,shthaw,nodata_as_absence,both_classes,4.485141835175455e-05,4.485141835175455e-05,0.7933222651481628,0.01,81,1,579752,574812,4940,0.008520884792118,246745,333007,16941,0.0007048044167743,0.5963821748305541,579751,246745,333006,1,0,579752,0.4256051304784295,1.0,3.0029398781407e-06,0.5970869792473285,0.4256061212380466,0.500001501469939,0.4256051304784295,0.0011305160850934,2.5561299704055992e-06,True,True,True,0.4256043963625826,0.999998275124536,0.6006772514594257,4.485141835175455e-05,0.6006772514594257,0.0,0.5970862568164191,7.224309093167847e-07,True,True,33,939,Buteo brachyurus,Short-tailed Hawk,shthaw,nodata_as_absence,both_classes,0.0100270439541054,2.7043954105465676e-05,0.8972331285476685,0.01,91,1,579752,574812,4940,0.008520884792118,246745,333007,16941,0.0191024875701619,0.6352962279509797,409708,214791,194917,138090,31954,579752,0.5242538588458121,0.8704978824292285,0.4146759677724492,0.6543987155211417,0.6086757786087844,0.6425869251008389,0.48632438380481,0.3097010535351221,0.2627019350410853,True,True,True,0.4256043963625826,0.7066952766010294,0.6593231524825416,0.0100270439541054,0.6593231524825416,0.0,0.5970862568164191,0.0573124587047225,False,False,0.05731173627381325,0.09864872836738259,-0.12950211757077146,0.41467296483257104,0.18306965737073783,0.14258542363089988,0.06071925332638051,0.3085705374500287,0.009982192535753645,-0.2933029985235066,True
34,940,2480719,Ictinia mississippiensis,Ictinia mississippiensis,Mississippi Kite,miskit,nodata_as_absence,both_classes,0.0300025583865408,2.558386540840729e-06,0.5631184577941895,0.01,58,1,579752,574850,4902,0.0084553395244863,208090,371662,16941,2.883312349226792e-05,0.7510892357666741,282488,184241,98247,273415,23849,579752,0.6522082353940698,0.8853909366139651,0.7356549768337899,0.7511180688901663,0.7893996053484938,0.8105229567238774,0.6014324094053282,0.5960081969973335,0.5757484738430303,True,True,True,0.3589293353019911,0.4872566200720308,0.7511670669009635,0.0300025583865408,0.7511670669009635,0.0,0.528253126896002,0.2228649419941643,False,False,34,940,Ictinia mississippiensis,Mississippi Kite,miskit,nodata_as_absence,both_classes,0.0500002398634535,2.39863453543876e-07,0.8827238082885742,0.01,90,1,579752,574850,4902,0.0084553395244863,208090,371662,16941,0.0970497530089244,0.7088767894222932,253292,185920,67372,304290,22170,579752,0.7340144971021588,0.8934595607669759,0.8187277687791595,0.8059265424312175,0.8455512012032731,0.8560936647730677,0.6749388300382629,0.6887604531193329,0.6796971080957934,True,True,True,0.3589293353019911,0.4368971560253349,0.8059544916617176,0.0500002398634535,0.8059544916617176,0.0,0.528253126896002,0.2776734155352155,False,False,0.05480847354105123,0.08180626170808902,0.008068624153010795,0.08307279194536965,0.056151595854779246,0.04557070804919028,0.07350642063293478,0.09275225612199933,0.019997681476912697,-0.05035946404669589,True
35,941,2480726,Pandion haliaetus,Pandion haliaetus,Osprey,osprey,nodata_as_absence,both_classes,0.0203027582715731,0.0003027582715731,0.938844621181488,0.01,95,1,579752,574850,4902,0.0084553395244863,214552,365200,16941,0.0385797465464094,0.5554804006130705,346472,166641,179831,185369,47911,579752,0.4809652728070378,0.77669282971028,0.5075821467688938,0.5940601471594799,0.6071734120796478,0.6421374882395869,0.4225359612356516,0.2798965049589957,0.2522811958839198,True,True,True,0.3700754805503042,0.597621051760063,0.5991963539278876,0.0203027582715731,0.5991963539278876,0.0,0.5402264120538233,0.0538337351056565,False,False,35,941,Pandion haliaetus,Osprey,osprey,nodata_as_absence,both_classes,0.997943103313446,0.997943103313446,1.0,0.01,2,1,579752,574850,4902,0.0084553395244863,214552,365200,16941,0.5402264120538233,-1.8378044499556268e-06,579751,214551,365200,0,1,579752,0.3700743940070823,0.9999953391252472,0.0,0.5402245742493733,0.3700737556748403,0.4999976695626235,0.3700737556748403,-0.0017134772695381,-3.4497533825388083e-06,True,True,True,0.3700754805503042,0.999998275124536,0.543579245529205,0.997943103313446,0.543579245529205,0.0,0.5402264120538233,-1.8378044499556268e-06,True,True,-0.053835572910106544,-0.11089087879995552,0.2233025094149672,-0.5075821467688938,-0.2370996564048075,-0.14213981867696346,-0.052462205560811326,-0.2816099822285338,0.9776403450418729,0.402377223364473,True
36,942,2480773,Plegadis falcinellus,Plegadis falcinellus,Glossy Ibis,gloibi,nodata_as_absence,both_classes,0.0203741654509212,0.0003741654509212,0.7898964285850525,0.01,80,1,579752,574850,4902,0.0084553395244863,206195,373557,16941,0.0091753298439422,0.6187833051511742,290360,155908,134452,239105,50287,579752,0.5369472379115581,0.7561192075462547,0.6400763471170398,0.6279586349951164,0.6813482316576743,0.6980977773316472,0.4576819992543601,0.3793284779033856,0.3630034961004532,True,True,True,0.3556606962977273,0.5008348397245719,0.6322521254787776,0.0203741654509212,0.6322521254787776,0.0,0.5247045920399213,0.1032540429551951,False,False,36,942,Plegadis falcinellus,Glossy Ibis,gloibi,nodata_as_absence,both_classes,0.161171673531644,0.001171673531644,0.9844810366630554,0.01,100,1,579752,574850,4902,0.0084553395244863,206195,373557,16941,0.3936404850075435,0.2960554072060945,252787,158279,94508,279049,47916,579752,0.6261358376815264,0.76761803147506,0.7470051424548328,0.689695892213638,0.7543363369164746,0.7573115869649465,0.5263632221826853,0.4967968602723733,0.4898291056324889,True,True,True,0.3556606962977273,0.4360260939160192,0.6903697435740861,0.161171673531644,0.6903697435740861,0.0,0.5247045920399213,0.1649913001737167,False,False,0.061737257218521635,0.08918859976996829,0.011498823928805302,0.10692879533779309,0.07298810525880028,0.05921380963329925,0.06868122292832518,0.11746838236898771,0.1407975080807228,-0.06480874580855267,True
37,943,2480803,Platalea ajaja,Platalea ajaja,Roseate Spoonbill,rosspo1,nodata_as_absence,both_classes,0.0103330734907649,0.0003330734907649,0.8034197688102722,0.01,82,1,579752,574850,4902,0.0084553395244863,124022,455730,16941,0.0044556637416356,0.3563300240365754,406825,95761,311064,144666,28261,579752,0.2353862225772752,0.7721291383786748,0.3174379566848792,0.3607856877782111,0.4147066331810843,0.544783547531777,0.2200967165112184,0.0802816783694195,0.0489475746906782,True,True,True,0.2139225047951538,0.7017224606383419,0.364125495743168,0.0103330734907649,0.364125495743168,0.0,0.3524483712100759,0.0083373165681351,False,False,37,943,Platalea ajaja,Roseate Spoonbill,rosspo1,nodata_as_absence,both_classes,0.3114265895588323,0.0014265895588323,0.9506255984306335,0.01,96,1,579752,574850,4902,0.0084553395244863,124022,455730,16941,0.3717718936345293,0.1385817013385015,151293,70254,81039,374691,53768,579752,0.4643572405861474,0.5664640144490494,0.8221776051609505,0.5103535949730309,0.7674747133256978,0.694320809805,0.3426004944870063,0.3629012211690994,0.3598453298380648,True,True,True,0.2139225047951538,0.260961583573666,0.5120330014722388,0.3114265895588323,0.5120330014722388,0.0,0.3524483712100759,0.1579052237629549,False,False,0.14956790719481983,0.2289710180088722,-0.20566512392962544,0.5047396484760713,0.3527680801446135,0.14953726227322295,0.1225037779757879,0.2826195427996799,0.3010935160680674,-0.44076087706467587,True
38,944,2480830,Bubulcus ibis,Ardea ibis,Western Cattle-Egret,categr1,nodata_as_absence,both_classes,0.0011442877585068,0.0011442877585068,0.669487476348877,0.01,68,1,579752,574850,4902,0.0084553395244863,398499,181253,16941,0.0005769746958967,0.8141390999271547,579751,398498,181253,0,1,579752,0.6873606082611328,0.9999974905834144,0.0,0.8147160746230514,0.6873594226496847,0.4999987452917071,0.6873594226496847,-0.0008857440233975,-3.44974379574028e-06,True,True,True,0.6873611475251487,0.999998275124536,0.8188191684782832,0.0011442877585068,0.8188191684782832,0.0,0.8147172862588435,-1.2116357921421184e-06,True,True,38,944,Ardea ibis,Western Cattle-Egret,categr1,nodata_as_absence,both_classes,0.0274760015122592,0.0074760015122592,0.9531412124633788,0.01,96,1,579752,574850,4902,0.0084553395244863,398499,181253,16941,0.2004743550406382,0.6153402004205024,568863,394594,174269,6984,3905,579752,0.6936538322935399,0.9902007282326932,0.0385317760257761,0.8158145554611407,0.6926720390787785,0.5143662521292347,0.688924660595564,0.0981141977025152,0.038629588411573,True,True,True,0.6873611475251487,0.9812178310725964,0.819969661076824,0.0374760015122592,0.8200013129779399,0.0099999999999999,0.8147172862588435,0.0010972692022971,False,False,0.0010984808380892774,0.006293224032407174,-0.009796762350721133,0.0385317760257761,0.005312616429093753,0.014367506837527577,0.001565237945879261,0.0989999417259127,0.0263317137537524,-0.01878044405193957,True
39,945,2480863,Nycticorax nycticorax,Nycticorax nycticorax,Black-crowned Night Heron,bcnher,nodata_as_absence,both_classes,0.0103118797612842,0.0003118797612842,0.8072130084037781,0.01,82,1,579752,574850,4902,0.0084553395244863,208946,370806,16941,0.0022083285534013,0.6236612448733213,400117,190597,209520,161286,18349,579752,0.4763531666987406,0.9121830520804418,0.4349605993430527,0.6258695734267227,0.606954352895721,0.6735718257117472,0.4554659159883957,0.3604214697804976,0.2893617465424353,True,True,True,0.3604058286991679,0.690151996025887,0.630933090578061,0.0103118797612842,0.630933090578061,0.0,0.5298504624076643,0.0960191110190583,False,False,39,945,Nycticorax nycticorax,Black-crowned Night Heron,bcnher,nodata_as_absence,both_classes,0.0600980035911197,9.80035911197774e-05,0.9174019694328308,0.01,93,1,579752,574850,4902,0.0084553395244863,208946,370806,16941,0.0626861542717506,0.6083598304889907,311683,174683,137000,233806,34263,579752,0.5604508426831107,0.8360198328754798,0.6305345652443596,0.6710459847607413,0.7045926534104238,0.7332771990599196,0.5049429679776613,0.4492756075718199,0.4213389147334069,True,True,True,0.3604058286991679,0.5376143592432626,0.6774203556124329,0.0600980035911197,0.6774203556124329,0.0,0.5298504624076643,0.1411955223530769,False,False,0.04517641133401862,0.08409767598437012,-0.07616321920496205,0.19557396590130688,0.09763830051470279,0.059705373348172386,0.04947705198926555,0.08885413779132229,0.0497861238298355,-0.15253763678262433,True
40,946,2480873,Egretta thula,Egretta thula,Snowy Egret,snoegr,nodata_as_absence,both_classes,0.0102205501514254,0.0002205501514254,0.9055975079536438,0.01,92,1,579752,574850,4902,0.0084553395244863,201591,378161,16941,0.0256681040804951,0.551766628590405,417440,178725,238715,139446,22866,579752,0.4281453622077424,0.8865723172165424,0.3687477026980572,0.5774347326709002,0.5488053512536395,0.6276600099572998,0.4059108892452067,0.270823572483673,0.2042608057787686,True,True,True,0.3477193696615104,0.7200320136886117,0.5820144587729582,0.0102205501514254,0.5820144587729582,0.0,0.5160115339869942,0.061423198683906,False,False,40,946,Egretta thula,Snowy Egret,snoegr,nodata_as_absence,both_classes,0.1334978915937245,0.0034978915937244,0.9612743258476256,0.01,97,1,579752,574850,4902,0.0084553395244863,201591,378161,16941,0.2826908420552804,0.357894683725199,302298,161392,140906,237255,40199,579752,0.5338837835513301,0.8005912962384233,0.6273915078498311,0.6405855257804794,0.6876164290938195,0.7139914020441271,0.4712216457370429,0.4080253314097151,0.3832818348304272,True,True,True,0.3477193696615104,0.5214264030137024,0.6468682050922354,0.1334978915937245,0.6468682050922354,0.0,0.5160115339869942,0.1245739917934852,False,False,0.06315079310957927,0.10573842134358774,-0.0859810209781191,0.25864380515177393,0.13881107784017999,0.08633139208682739,0.06531075649183621,0.13720175892604208,0.1232773414422991,-0.19860561067490934,True
41,947,2480881,Egretta tricolor,Egretta tricolor,Tricolored Heron,triher,nodata_as_absence,both_classes,0.0202929944021161,0.0002929944021161,0.9417083859443665,0.01,96,1,579752,574850,4902,0.0084553395244863,219027,360725,16941,0.0602870180543614,0.5865665436400134,396256,198999,197257,163468,20028,579752,0.5021980739723815,0.9085592187264584,0.4531651535102918,0.6468535616943748,0.625210434806607,0.6808621861183751,0.4780366288399266,0.3770626310379997,0.3121203690471693,True,True,True,0.3777942982516662,0.6834922518594158,0.651986521175744,0.0202929944021161,0.651986521175744,0.0,0.5484045023717449,0.0984490593226299,False,False,41,947,Egretta tricolor,Tricolored Heron,triher,nodata_as_absence,both_classes,0.1707612690678797,0.0007612690678797,0.9754242300987244,0.01,99,1,579752,574850,4902,0.0084553395244863,219027,360725,16941,0.4235667374366232,0.3115159275689569,281850,184093,97757,262968,34934,579752,0.6531594819939684,0.8405036821944326,0.7289985445976852,0.7350826650055802,0.7711245498075039,0.784751113396059,0.5811309914642153,0.5524419453353581,0.539130306906519,True,True,True,0.3777942982516662,0.4861561495260042,0.7423479005998286,0.1807612690678797,0.7423665763997853,0.0099999999999999,0.5484045023717449,0.1866781626338353,False,False,0.08822910331120537,0.15096140802158697,-0.06805553653202578,0.2758333910873934,0.1459141150008969,0.10388892727768384,0.10309436262428873,0.17537931429735837,0.1504682746657636,-0.19733610233341153,True
42,948,2480888,Egretta rufescens,Egretta rufescens,Reddish Egret,redegr,nodata_as_absence,both_classes,0.0600625614557066,6.25614557066001e-05,0.7685164213180542,0.01,78,1,579752,574651,5101,0.0087985897418206,10545,569207,16941,0.0168318683373854,0.2088091573036402,16755,3080,13675,555532,7465,579752,0.1838257236645777,0.2920815552394499,0.9759753481598082,0.2256410256410256,0.9635361326912196,0.6340284516996291,0.1271676300578034,0.213825820935643,0.2079576774690651,True,True,True,0.0181888117677903,0.0289002883991775,0.2263041880969875,0.0600625614557066,0.2263041880969875,0.0,0.0357277777118975,0.189913247929128,False,False,42,948,Egretta rufescens,Reddish Egret,redegr,nodata_as_absence,both_classes,0.3900576583261136,5.765832611359656e-05,0.8720958828926086,0.01,89,1,579752,574651,5101,0.0087985897418206,10545,569207,16941,0.3008762012436404,0.1075863662636676,9638,4122,5516,563691,6423,579752,0.4276820917202739,0.3908961593172119,0.9903093250785744,0.4084625675073081,0.9794067118354056,0.6906027421978931,0.2566465350849884,0.3984219295933371,0.398005055544729,True,True,True,0.0181888117677903,0.01662434972195,0.4321207673760352,0.3600576583261136,0.4428564756433609,-0.03,0.0357277777118975,0.3727347897954106,False,False,0.1828215418662825,0.2438563680556962,0.09881460407776199,0.014333976918766145,0.015870579144185992,0.05657429049826401,0.129478905027185,0.1845961086576941,0.329995096870407,-0.0122759386772275,True
43,949,2480894,Egretta caerulea,Egretta caerulea,Little Blue Heron,libher,nodata_as_absence,both_classes,0.0102373539173277,0.0002373539173277,0.9564886093139648,0.01,97,1,579752,574850,4902,0.0084553395244863,342791,236961,16941,0.0559685869798915,0.6908077634876718,476777,306017,170760,66201,36774,579752,0.6418451393418726,0.8927218042480696,0.2793750870396394,0.7467763504675634,0.6420296954559881,0.5860484456438545,0.5958843425482572,0.2213617702582608,0.188554587463286,True,True,True,0.5912717851771102,0.8223809490954753,0.7512523245180652,0.0102373539173277,0.7512523245180652,0.0,0.743143680023587,0.0036326704439764,False,False,43,949,Egretta caerulea,Little Blue Heron,libher,nodata_as_absence,both_classes,0.1532923172786832,0.0132923172786831,0.9456241726875304,0.01,95,1,579752,574850,4902,0.0084553395244863,342791,236961,16941,0.4946526387252812,0.2594791317546362,517857,324521,193336,43625,18270,579752,0.6266614142514246,0.94670221796955,0.1841020252277801,0.7541317704799174,0.6350060025666147,0.5654021215986651,0.605306205432668,0.2082295045098079,0.1476420005069783,True,True,True,0.5912717851771102,0.8932388331562461,0.7584516901043067,0.1532923172786832,0.7584516901043067,0.0,0.743143680023587,0.0109880904563304,False,False,0.007355420012354008,-0.015183725090447964,0.053980413721480436,-0.09527306181185932,-0.007023692889373434,-0.0206463240451894,0.009421862884410825,-0.013132265748452887,0.1430549633613555,0.07085788406077076,True
44,950,2480911,Botaurus lentiginosus,Botaurus lentiginosus,American Bittern,amebit,nodata_as_absence,both_classes,0.0202038559032371,0.0002038559032371,0.6146696209907532,0.01,63,1,579752,574850,4902,0.0084553395244863,156483,423269,16941,3.8341353066349714e-05,0.522492437844846,286511,115739,170772,252497,40744,579752,0.4039600573799959,0.7396266687116172,0.5965402616303107,0.5225307791979124,0.6351612413583739,0.668083465170964,0.353666101358268,0.2984790165993849,0.2664037042000657,True,True,True,0.2699136872317819,0.4941957940636686,0.5241422722991088,0.0202038559032371,0.5241422722991088,0.0,0.425089815072633,0.0974409641252793,False,False,44,950,Botaurus lentiginosus,American Bittern,amebit,nodata_as_absence,both_classes,0.0700790800477261,7.90800477261655e-05,0.9162624478340148,0.01,93,1,579752,574850,4902,0.0084553395244863,156483,423269,16941,0.0309636611372926,0.4711654192081568,268818,106778,162040,261229,49705,579752,0.3972129842495666,0.6823616622891944,0.6171701683799191,0.5021290803454495,0.6347662448771199,0.6497659153345567,0.3352285392263667,0.2666376751034578,0.2442690278332349,True,True,True,0.2699136872317819,0.463677572479267,0.5025722125734834,0.0700790800477261,0.5025722125734834,0.0,0.425089815072633,0.0770392652728164,False,False,-0.0204016988524629,-0.006747073130429326,-0.057265006422422826,0.020629906749608407,-0.00039499648125407294,-0.01831754983640721,-0.018437562131901286,-0.0318413414959271,0.049875224144489,-0.030518221584401595,True
45,951,2480953,Nyctanassa violacea,Nyctanassa violacea,Yellow-crowned Night Heron,ycnher,nodata_as_absence,both_classes,0.0201147053699241,0.0001147053699241,0.9373143315315248,0.01,95,1,579752,574850,4902,0.0084553395244863,75289,504463,16941,0.0121911081269665,0.2296949635816124,214244,35017,179227,325236,40272,579752,0.1634444838595246,0.4651011435933536,0.6447172537926469,0.2418860717085789,0.6213915605293298,0.5549091986930003,0.137582705998837,0.0764808573293227,0.0615199784414568,True,True,True,0.129864148808456,0.3695442189073948,0.2459559882279396,0.0201147053699241,0.2459559882279396,0.0,0.2298756871707267,0.0120103845378522,False,False,45,951,Nyctanassa violacea,Yellow-crowned Night Heron,ycnher,nodata_as_absence,both_classes,0.2010395686840638,0.0010395686840638,0.9264131784439088,0.01,94,1,579752,574850,4902,0.0084553395244863,75289,504463,16941,0.1851007092198581,0.2284131394556617,110180,38347,71833,432630,36942,579752,0.3480395716100926,0.5093307123218531,0.8576050176127883,0.4135138486755199,0.8123766714043246,0.6834678649673207,0.2606476257799649,0.3143894369871425,0.3065124731033323,True,True,True,0.129864148808456,0.1900467786225834,0.4236980073034235,0.2010395686840638,0.4236980073034235,0.0,0.2298756871707267,0.1836381615047931,False,False,0.17162777696694098,0.184595087750568,0.044229568728499535,0.2128877638201414,0.1909851108749948,0.12855866627432044,0.12306491978112791,0.2379085796578198,0.1809248633141397,-0.1794974402848114,True
46,952,2480964,Morus bassanus,Morus bassanus,Northern Gannet,norgan,nodata_as_absence,both_classes,0.0100203311010409,2.0331101040937934e-05,0.7291545271873474,0.01,74,1,579752,579448,304,0.0005243621410534,16550,563202,16941,0.0050620706279378,0.4750573549917011,25652,10131,15521,547681,6419,579752,0.3949399656946826,0.6121450151057402,0.9724415041139768,0.4801194256196389,0.9621562323200264,0.7922932596098585,0.3158928627108602,0.4733966700278852,0.4614291021104882,True,True,True,0.0285466889290593,0.0442465054023099,0.4827274026778482,0.0100203311010409,0.4827274026778482,0.0,0.0555087858165828,0.424610639803056,False,False,46,952,Morus bassanus,Northern Gannet,norgan,nodata_as_absence,both_classes,0.5355959749221801,0.0755959749221801,0.9998235702514648,0.01,94,1,579752,579448,304,0.0005243621410534,16550,563202,16941,0.0554803088623949,0.0003378597333121,519727,14967,504760,58442,1583,579752,0.0287978111585505,0.9043504531722054,0.1037673871896761,0.055818168595707,0.126621382936152,0.5040589201809408,0.0287103642746158,0.0044372906423529,0.0005152544995161,True,True,True,0.0285466889290593,0.8964643502739102,0.0558461814002776,0.5355959749221801,0.0558461814002776,0.0,0.0555087858165828,0.0003093827791241,False,False,-0.4243012570239319,-0.3661421545361321,0.29220543806646526,-0.8686741169243006,-0.8355348493838745,-0.28823433942891774,-0.2871824984362444,-0.46895937938553234,0.5255756438211392,0.8522178448716003,True
47,953,2480989,Caracara plancus,Caracara plancus,Crested Caracara,y00678,nodata_as_absence,both_classes,0.0301143941190093,0.0001143941190093,0.5437718629837036,0.01,56,1,579752,574850,4902,0.0084553395244863,110645,469107,16941,1.807566473257054e-05,0.5603560824628835,190618,84410,106208,362899,26235,579752,0.4428228184116925,0.7628903249130101,0.7735953631047927,0.560374158127616,0.7715523189225738,0.7682428440089014,0.3892498605045814,0.448774788143267,0.4203922840244475,True,True,True,0.1908488457133395,0.3287923111951317,0.5605285875556146,0.0301143941190093,0.5605285875556146,0.0,0.3205257265022878,0.2398484316253282,False,False,47,953,Caracara plancus,Crested Caracara,y00678,nodata_as_absence,both_classes,0.2800018591319986,1.859131998571684e-06,0.990551769733429,0.01,101,1,579752,574850,4902,0.0084553395244863,110645,469107,16941,0.698880506971913,0.0607832868671518,123735,89025,34710,434397,21620,579752,0.7194811492302097,0.8046002982511636,0.926008352039087,0.7596637938390648,0.9028377651133588,0.8653043251451253,0.6124660314402669,0.700728635269329,0.6990125112134022,True,True,True,0.1908488457133395,0.2134274655369882,0.7606276406231978,0.2800018591319986,0.7606276406231978,0.0,0.3205257265022878,0.4391380673367769,False,False,0.19928963571144875,0.27665833081851715,0.041709973338153516,0.15241298893429434,0.13128544619078497,0.09706148113622393,0.22321617093568552,0.25195384712606206,0.2498874650129893,-0.1153648456581435,True
48,954,2481047,Falco peregrinus,Falco peregrinus,Peregrine Falcon,perfal,nodata_as_absence,both_classes,0.0105641026655212,0.0005641026655212,0.5126431584358215,0.01,53,1,579752,574850,4902,0.0084553395244863,94221,485531,16941,4.245247975547372e-05,0.345737439948875,331171,73546,257625,227906,20675,579752,0.2220786240341092,0.7805690875707114,0.4693953630149259,0.3457798924286305,0.5199671583711656,0.6249822252928187,0.2090289501656975,0.1863375881944921,0.1241501166481142,True,True,True,0.1625194910927431,0.571228732285529,0.3497676807548354,0.0105641026655212,0.3497676807548354,0.0,0.2795987376348904,0.0661811547937401,False,False,48,954,Falco peregrinus,Peregrine Falcon,perfal,nodata_as_absence,both_classes,0.21019099668134,0.00019099668134,0.9105796813964844,0.01,93,1,579752,574850,4902,0.0084553395244863,94221,485531,16941,0.1511017639591504,0.3562707271155566,131822,57344,74478,411053,36877,579752,0.4350108479616452,0.6086116683117352,0.8466050571436221,0.507372491074707,0.8079264927072265,0.7276083627276786,0.3399190273801267,0.4006835598804221,0.3921528008725339,True,True,True,0.1625194910927431,0.2273765334142874,0.5186099617897759,0.21019099668134,0.5186099617897759,0.0,0.2795987376348904,0.2277737534398166,False,False,0.16159259864607656,0.212932223927536,-0.17195741925897623,0.3772096941286962,0.2879593343360609,0.10262613743485993,0.1308900772144292,0.21434597168593,0.1996268940158188,-0.3438521988712415,True
49,955,2481119,Chlidonias niger,Chlidonias niger,Black Tern,blkter,nodata_as_absence,both_classes,0.0601337861031061,0.0001337861031061,0.4713553488254547,0.01,49,1,579752,579628,124,0.0002138845575349,41188,538564,16941,0.0,0.5032082735713747,38294,19998,18296,520268,21190,579752,0.5222228025278112,0.4855297659512479,0.9660281786380076,0.5032082735713747,0.9318915674288316,0.7257789722946278,0.3361912447044583,0.467056849678055,0.4666999388225255,True,True,True,0.0710441706108818,0.0660523810180905,0.5038739181374957,0.0601337861031061,0.5038739181374957,0.0,0.1326633813250877,0.3705448922462869,False,False,49,955,Chlidonias niger,Black Tern,blkter,nodata_as_absence,both_classes,0.270164277254953,0.000164277254953,0.8227020502090454,0.01,84,1,579752,579628,124,0.0002138845575349,41188,538564,16941,0.1205121317933566,0.3958274968681805,40301,21038,19263,519301,20150,579752,0.5220217860598992,0.5107798387879965,0.9642326631560966,0.5163396286615372,0.9320174833377032,0.7375062509720465,0.3480174025243586,0.4798164569511919,0.4797835720603227,True,True,True,0.0710441706108818,0.0695142060743214,0.5168851270837684,0.270164277254953,0.5168851270837684,0.0,0.1326633813250877,0.3836762473364494,False,False,0.0131313550901625,-0.00020101646791192973,0.02525007283674857,-0.0017955154819110364,0.00012591590887156556,0.011727278677418629,0.011826157819900263,0.012759607273136908,0.2100304911518469,0.0034618250562309105,True
50,956,2481134,Larus delawarensis,Larus delawarensis,Ring-billed Gull,ribgul,nodata_as_absence,both_classes,0.0202367242996115,0.0002367242996115,0.7426485419273376,0.01,76,1,579752,574850,4902,0.0084553395244863,70508,509244,16941,0.0055150178177498,0.5073531272343033,84526,39756,44770,464474,30752,579752,0.4703404869507607,0.5638509105349747,0.9120853657578684,0.5128681450520531,0.869733955208434,0.7379681381464216,0.344870660490293,0.4407923910602051,0.4383908933059084,True,True,True,0.1216175192151126,0.1457968234693455,0.5288249221846817,0.0202367242996115,0.5288249221846817,0.0,0.2168609479285209,0.2960071971235322,False,False,50,956,Larus delawarensis,Ring-billed Gull,ribgul,nodata_as_absence,both_classes,0.3424005614686757,0.0024005614686757,0.953506886959076,0.01,97,1,579752,574850,4902,0.0084553395244863,70508,509244,16941,0.2477421968635527,0.1298497748466326,147521,41163,106358,402886,29345,579752,0.2790314599277391,0.5838060929256255,0.7911453055902475,0.3775919717101853,0.7659292249099615,0.6874756992579365,0.2327355172842717,0.2813664145715316,0.254979737776235,True,True,True,0.1216175192151126,0.25445535332349,0.3851616887491578,0.3424005614686757,0.3851616887491578,0.0,0.2168609479285209,0.1607310237816644,False,False,-0.1352761733418678,-0.1913090270230216,0.01995518239065075,-0.12094006016762082,-0.10380473029847248,-0.05049243888848509,-0.11213514320602133,-0.15942597648867352,0.3221638371690642,0.10865852985414451,True
51,957,2481174,Larus fuscus,Larus fuscus,Lesser Black-backed Gull,lbbgul,nodata_as_absence,both_classes,0.020030055281968,3.005528196808882e-05,0.7555532455444336,0.01,77,1,579752,574850,4902,0.0084553395244863,13244,566508,16941,0.0125842696629213,0.3727399278596087,16383,5708,10675,555833,7536,579752,0.3484099371299518,0.4309876170341287,0.9811564885226688,0.3853241975225301,0.9685882929252508,0.7060720527783987,0.2386387390777206,0.3715938469509821,0.36939213323312,True,True,True,0.0228442506451034,0.0282586347265727,0.4302242321462219,0.020030055281968,0.4302242321462219,0.0,0.0446680921962374,0.3406561053262927,False,False,51,957,Larus fuscus,Lesser Black-backed Gull,lbbgul,nodata_as_absence,both_classes,0.230015810406694,1.58104066940723e-05,0.8686695098876953,0.01,88,1,579752,574850,4902,0.0084553395244863,13244,566508,16941,0.046813475280735,0.2956050048939251,15154,4862,10292,556216,8382,579752,0.320839382341296,0.367109634551495,0.9818325601756728,0.3424184801746602,0.9677896755854228,0.6744710973635839,0.2065771583956492,0.3267629353921673,0.3259855252657841,True,True,True,0.0228442506451034,0.0261387627813271,0.3961218836565097,0.230015810406694,0.3961218836565097,0.0,0.0446680921962374,0.2977503879784228,False,False,-0.04290571734786991,-0.027570554788655777,-0.06387798248263371,0.0006760716530039845,-0.0007986173398280005,-0.03160095541481478,-0.032061580682071406,-0.0448309115588148,0.209985755124726,-0.0021198719452455994,True
52,958,2481209,Rynchops niger,Rynchops niger,Black Skimmer,blkski,nodata_as_absence,both_classes,0.0301684816234046,0.0001684816234046,0.7729184031486511,0.01,79,1,579752,574850,4902,0.0084553395244863,32560,547192,16941,0.0059367158332823,0.3692426324294787,54561,16343,38218,508974,16217,579752,0.2995362988215025,0.5019348894348894,0.9301561426336642,0.375179348262761,0.9061064041176228,0.7160455160342768,0.2309050835005227,0.3407120724423405,0.32790070023124,True,True,True,0.0561619451075632,0.0941109301908402,0.3960355251838658,0.0301684816234046,0.3960355251838658,0.0,0.1063510105959053,0.2688283376668556,False,False,52,958,Rynchops niger,Black Skimmer,blkski,nodata_as_absence,both_classes,0.3401011363856378,0.0001011363856378,0.8837758898735046,0.01,90,1,579752,574850,4902,0.0084553395244863,32560,547192,16941,0.2435170874119869,0.0816200432843073,67527,16271,51256,495936,16289,579752,0.2409554696639862,0.4997235872235872,0.906329039898244,0.3251371306962942,0.8834932867846942,0.7030263135609156,0.1941276128662785,0.2914239758784181,0.2698003981174996,True,True,True,0.0561619451075632,0.116475665456954,0.3410467626653252,0.3401011363856378,0.3410467626653252,0.0,0.1063510105959053,0.2187861201003889,False,False,-0.05004221756646682,-0.058580829157516306,-0.002211302211302224,-0.023827102735420214,-0.02261311733292859,-0.013019202473361191,-0.03677747063424419,-0.04928809656392236,0.30993265476223325,0.022364735266113794,True
53,959,2481236,Hydroprogne caspia,Hydroprogne caspia,Caspian Tern,caster1,nodata_as_absence,both_classes,0.020130063141114,0.000130063141114,0.5739904642105103,0.01,59,1,579752,574850,4902,0.0084553395244863,62574,517178,16941,0.0001597954618088,0.4026995990266586,98579,32461,66118,451060,30113,579752,0.3292891995252539,0.5187617860453223,0.8721562015398954,0.4028593944884674,0.834013509224634,0.6954589937926088,0.252237901345849,0.3228938738767552,0.3120129498951898,True,True,True,0.1079323572838041,0.170036498364818,0.4150333064835769,0.020130063141114,0.4150333064835769,0.0,0.1948356442055903,0.2080237502828771,False,False,53,959,Hydroprogne caspia,Caspian Tern,caster1,nodata_as_absence,both_classes,0.2401135513884946,0.0001135513884946,0.893582284450531,0.01,91,1,579752,574850,4902,0.0084553395244863,62574,517178,16941,0.2829090202093302,0.1426226856701334,141016,43317,97699,419479,19257,579752,0.3071779088897713,0.6922523731901429,0.8110921191543337,0.4255317058794636,0.7982654652334101,0.7516722461722383,0.2702701016390783,0.3640377902621834,0.3245379398046747,True,True,True,0.1079323572838041,0.2432350384302253,0.4359513697389344,0.2501135513884946,0.4360586785443008,0.01,0.1948356442055903,0.2306960616738733,False,False,0.02267231139099618,-0.02211129063548256,0.17349058714482057,-0.06106408238556171,-0.03574804399122389,0.056213252379629486,0.018032200293229272,0.04114391638542819,0.21998348824738062,0.0731985400654073,True
54,960,2481240,Thalasseus sandvicensis,Thalasseus sandvicensis,Sandwich Tern,santer1,nodata_as_absence,both_classes,0.0100632234005024,6.322340050246567e-05,0.8488044142723083,0.01,86,1,579752,574850,4902,0.0084553395244863,22531,557221,16941,0.0103229221810481,0.3781168933534354,54665,14993,39672,517549,7538,579752,0.2742705570291777,0.6654387288624561,0.9288038318728116,0.3884398155344836,0.9185686293449612,0.797121280367634,0.2410333906724756,0.3930044026896626,0.3528185952551097,True,True,True,0.0388631690791924,0.0942903172390953,0.4123770886337069,0.0100632234005024,0.4123770886337069,0.0,0.0748186483762616,0.3136211671582219,False,False,54,960,Thalasseus sandvicensis,Sandwich Tern,santer1,nodata_as_absence,both_classes,0.2401403731148457,0.0001403731148457,0.8159610033035278,0.01,83,1,579752,574850,4902,0.0084553395244863,22531,557221,16941,0.0525431758473663,0.4208364806793236,20500,10185,10315,546906,12346,579752,0.4968292682926829,0.4520438506945985,0.9814884937933064,0.47337965652669,0.9609125971104886,0.7167661722439524,0.3100834195944711,0.4536749210706593,0.4531296577445498,True,True,True,0.0388631690791924,0.0353599470118257,0.5152657273670098,0.2301403731148457,0.5178336179555989,-0.0099999999999999,0.0748186483762616,0.3985610081504284,False,False,0.08493984099220642,0.22255871126350524,-0.21339487816785763,0.05268466192049481,0.0423439677655274,-0.08035510812368152,0.06905002892199552,0.06067051838099674,0.23007714971434332,-0.058930370227269595,True
55,961,2481263,Gelochelidon nilotica,Gelochelidon nilotica,Gull-billed Tern,gubter2,nodata_as_absence,both_classes,0.0301477393816458,0.0001477393816458,0.4794120788574219,0.01,49,1,579752,574850,4902,0.0084553395244863,39360,540392,16941,0.0,0.3094025370388302,63910,15976,47934,492458,23384,579752,0.2499765294946017,0.4058943089430894,0.911297724614724,0.3094025370388302,0.8769853316590542,0.6585960167789068,0.1830137237381721,0.2547777588835192,0.2460474511242212,True,True,True,0.0678910982627054,0.1102367909036967,0.3228844560318519,0.0301477393816458,0.3228844560318519,0.0,0.1271498533383297,0.1822526837005005,False,False,55,961,Gelochelidon nilotica,Gull-billed Tern,gubter2,nodata_as_absence,both_classes,0.310003553857141,3.553857141014305e-06,0.9085206985473632,0.01,92,1,579752,574850,4902,0.0084553395244863,39360,540392,16941,0.268001999154204,0.0618573576705736,45749,14037,31712,508680,25323,579752,0.3068263787186605,0.3566310975609756,0.9413166738219664,0.3298593568247776,0.9016217279112448,0.648973885691471,0.1975039396668167,0.2780094064431066,0.277096372496326,True,True,True,0.0678910982627054,0.0789113276021471,0.3301464103016405,0.310003553857141,0.3301464103016405,0.0,0.1271498533383297,0.2027095034864479,False,False,0.020456819785947433,0.05684984922405878,-0.049263211382113814,0.03001894920724235,0.024636396252190607,-0.009622131087435815,0.014490215928644606,0.0232316475595874,0.27985581447549523,-0.0313254633015496,True
56,962,2481670,Limnodromus scolopaceus,Limnodromus scolopaceus,Long-billed Dowitcher,lobdow,nodata_as_absence,both_classes,0.01040418971912,0.00040418971912,0.3668631911277771,0.01,38,1,579752,574850,4902,0.0084553395244863,175846,403906,16941,0.0,0.467119544190176,315236,114697,200539,203367,61149,579752,0.3638448654341509,0.6522582259477042,0.5035008145459587,0.467119544190176,0.5486207895789924,0.5778795202468314,0.3047331854351263,0.1437526253603194,0.1272761010390464,True,True,True,0.3033124508410493,0.5437428417668244,0.4717633800036195,0.01040418971912,0.4717633800036195,0.0,0.465448558625089,0.0016709855650869,False,False,56,962,Limnodromus scolopaceus,Long-billed Dowitcher,lobdow,nodata_as_absence,both_classes,0.070060846155975,6.084615597501397e-05,0.9247537851333618,0.01,94,1,579752,574850,4902,0.0084553395244863,175846,403906,16941,0.0929695550603989,0.5504924752876706,229188,130312,98876,305030,45534,579752,0.5685812520725343,0.7410575162357972,0.7552004674354924,0.6434620303480696,0.7509107342449876,0.7481289918356449,0.474341334148703,0.4665888009532897,0.4571110839746526,True,True,True,0.3033124508410493,0.3953207578412838,0.6440885725583234,0.070060846155975,0.6440885725583234,0.0,0.465448558625089,0.1780134717229806,False,False,0.1763424861578936,0.2047363866383834,0.08879929028809297,0.25169965288953366,0.20228994466599515,0.17024947158881343,0.1696081487135767,0.3228361755929703,0.059656656436855006,-0.14842208392554063,True
57,963,2481672,Limnodromus griseus,Limnodromus griseus,Short-billed Dowitcher,shbdow,nodata_as_absence,both_classes,0.0300498993031214,4.989930312149227e-05,0.6678442358970642,0.01,68,1,579752,574850,4902,0.0084553395244863,31844,547908,16941,0.0010671018768438,0.3481615281966514,43671,13186,30485,517423,18658,579752,0.3019395021868059,0.4140811455847255,0.9443610971184944,0.3492286300734953,0.9152344450730656,0.67922112135161,0.2115548139710247,0.3094389925753179,0.3050807767559818,True,True,True,0.0549269342753453,0.0753270363879727,0.3710498916622112,0.0300498993031214,0.3710498916622112,0.0,0.1041341015964787,0.2450945284770165,False,False,57,963,Limnodromus griseus,Short-billed Dowitcher,shbdow,nodata_as_absence,both_classes,0.1400051786128097,5.178612809686456e-06,0.8950933814048767,0.01,91,1,579752,574850,4902,0.0084553395244863,31844,547908,16941,0.1180715179376764,0.2747762578254974,55849,17225,38624,509284,14619,579752,0.3084209206968791,0.5409182263534732,0.9295064134854756,0.3928477757631738,0.9081624556707004,0.7352123199194744,0.2444371913492649,0.3632658279972912,0.3471744120224609,True,True,True,0.0549269342753453,0.0963325697884612,0.4095291306570297,0.1300051786128097,0.4098946321168543,-0.01,0.1041341015964787,0.2887136741666951,False,False,0.04361914568967851,0.0064814185100732224,0.12683708076874772,-0.014854683633018784,-0.0070719894023651975,0.0559911985678645,0.03288237737824018,0.05382683542197331,0.10995527930968829,0.02100553340048851,True
58,964,2481684,Limosa fedoa,Limosa fedoa,Marbled Godwit,margod,nodata_as_absence,both_classes,0.0400416963266616,4.169632666162215e-05,0.5771976709365845,0.01,59,1,579752,574850,4902,0.0084553395244863,18366,561386,16941,0.0002177700348432,0.2841778600405205,32985,7302,25683,535703,11064,579752,0.2213733515234197,0.3975824893825547,0.9542507294446244,0.2843956300753636,0.9366160013247044,0.6759166094135896,0.1657699380235646,0.2660207593633577,0.2540366342127625,True,True,True,0.0316790627716678,0.0568950171797596,0.3110278144567023,0.0400416963266616,0.3110278144567023,0.0,0.0614126309524207,0.2229829991229429,False,False,58,964,Limosa fedoa,Marbled Godwit,margod,nodata_as_absence,both_classes,0.2000085231176854,8.523117685399484e-06,0.8884719014167786,0.01,90,1,579752,574850,4902,0.0084553395244863,18366,561386,16941,0.0728418659916309,0.2570811201233839,17212,5869,11343,550043,12497,579752,0.3409830350917964,0.3195578786888816,0.9797946510956812,0.3299229861150149,0.9588789689384426,0.6496762648922814,0.1975495641051533,0.3089076321155993,0.3087346469124509,True,True,True,0.0316790627716678,0.0296885564862216,0.3399067558567167,0.1700085231176854,0.3453020542117418,-0.03,0.0614126309524207,0.2685103551625941,False,False,0.0455273560396513,0.1196096835683767,-0.07802461069367311,0.02554392165105679,0.02226296761373825,-0.02624034452130819,0.03177962608158871,0.04288687275224162,0.1599668267910238,-0.027206460693538003,True
59,965,2481710,Tringa solitaria,Tringa solitaria,Solitary Sandpiper,solsan,nodata_as_absence,both_classes,0.000434157118434,0.000434157118434,0.4771802425384521,0.01,49,1,579752,574850,4902,0.0084553395244863,376873,202879,16941,0.0,0.7879208550067738,579751,376872,202879,0,1,579752,0.6500583871351666,0.9999973465862504,0.0,0.7879208550067738,0.6500572658654045,0.4999986732931252,0.6500572658654045,-0.000963607745446,-3.44974582500872e-06,True,True,True,0.6500589907408685,0.999998275124536,0.7919791703879915,0.000434157118434,0.7919791703879915,0.0,0.787922122043643,-1.2670368692013767e-06,True,True,59,965,Tringa solitaria,Solitary Sandpiper,solsan,nodata_as_absence,both_classes,0.0025089343544095,0.0025089343544095,0.939904808998108,0.01,95,1,579752,574850,4902,0.0084553395244863,376873,202879,16941,0.0796931503533007,0.7082297953390507,579751,376873,202878,1,0,579752,0.6500601120136058,1.0,4.929046377397365e-06,0.7879229456923514,0.6500607156163325,0.5000024645231887,0.6500601120136058,0.0017900213518869,6.408332346912088e-06,True,True,True,0.6500589907408685,0.999998275124536,0.7919812718419875,0.0025089343544095,0.7919812718419875,0.0,0.787922122043643,8.236487084589683e-07,True,True,2.090685577660345e-06,1.7248784391910021e-06,2.653413749609257e-06,4.929046377397365e-06,3.4497509280306815e-06,3.7912300635545293e-06,2.846148201340881e-06,0.0027536290973329,0.0020747772359755,0.0,True
60,966,2481720,Tringa melanoleuca,Tringa melanoleuca,Greater Yellowlegs,greyel,nodata_as_absence,both_classes,0.0112057684361934,0.0012057684361934,0.6173251867294312,0.01,63,1,579752,574850,4902,0.0084553395244863,234780,344972,16941,0.0004002861620222,0.6189385175667276,413802,200846,212956,132016,33934,579752,0.4853673979342777,0.8554646903484113,0.3826861310483169,0.6193388037287498,0.5741454966951386,0.6190754106983641,0.4485813068415316,0.2586363931406941,0.2122969658956872,True,True,True,0.4049662614359243,0.7137569167506106,0.624017622596195,0.0112057684361934,0.624017622596195,0.0,0.5764782721857459,0.0428605315430039,False,False,60,966,Tringa melanoleuca,Greater Yellowlegs,greyel,nodata_as_absence,both_classes,0.2306811213679611,0.0006811213679611,0.9301228523254396,0.01,94,1,579752,574850,4902,0.0084553395244863,234780,344972,16941,0.4737500152325709,0.1255699918352517,466992,210293,256699,88273,24487,579752,0.4503139240072635,0.895702359655848,0.2558845355565089,0.5993200070678226,0.5149891677820861,0.5757934476061785,0.4278778950880912,0.1879974144090382,0.1309080559457097,True,True,True,0.4049662614359243,0.8055030426803185,0.5997242260433852,0.2306811213679611,0.5997242260433852,0.0,0.5764782721857459,0.0228417348820767,False,False,-0.020018796660927207,-0.03505347392701419,0.04023766930743666,-0.12680159549180797,-0.05915632891305245,-0.04328196309218568,-0.02070341175344037,-0.0706389787316559,0.2194753529317677,0.09174612592970788,True
61,967,2481721,Tringa flavipes,Tringa flavipes,Lesser Yellowlegs,lesyel,nodata_as_absence,both_classes,0.0104273280501365,0.0004273280501365,0.5382869839668274,0.01,55,1,579752,574850,4902,0.0084553395244863,217243,362509,16941,3.682444406597099e-05,0.5684721157866073,331065,155859,175206,187303,61384,579752,0.4707806624076843,0.717440838139779,0.5166851029905465,0.5685089402306732,0.591911713974251,0.6170629705651627,0.3971445971323662,0.2289805804628234,0.2118830226619465,True,True,True,0.3747171204239053,0.5710458954863459,0.5735888358125465,0.0104273280501365,0.5735888358125465,0.0,0.5451552393678756,0.0233537008627976,False,False,61,967,Tringa flavipes,Lesser Yellowlegs,lesyel,nodata_as_absence,both_classes,0.0804909789422527,0.0004909789422526,0.9343191385269164,0.01,95,1,579752,574850,4902,0.0084553395244863,217243,362509,16941,0.1207859077438529,0.5536343221840471,297875,173703,124172,238337,43540,579752,0.5831405791019723,0.799579272980027,0.657465056039988,0.6744202299279,0.7107176861830575,0.7285221645100075,0.508773779710909,0.4426329794641524,0.4254082441562088,True,True,True,0.3747171204239053,0.513797278836468,0.6765900760712491,0.0804909789422527,0.6765900760712491,0.0,0.5451552393678756,0.1292649905600243,False,False,0.10591128969722674,0.11235991669428796,0.08213843484024796,0.14077995304944146,0.11880597220880651,0.11145919394484483,0.11162918257854276,0.213652399001329,0.07006365089211619,-0.057248616649877904,True
62,968,2481742,Calidris mauri,Calidris mauri,Western Sandpiper,wessan,nodata_as_absence,both_classes,0.0301401830086251,0.0001401830086251,0.4648045599460602,0.01,48,1,579752,574850,4902,0.0084553395244863,37054,542698,16941,0.0,0.3354738488803317,54357,15333,39024,503674,21721,579752,0.2820795849660577,0.4138014789226534,0.928092603989696,0.3354738488803317,0.8952224399398363,0.6709470414561747,0.2015431530797339,0.2868914042013175,0.2808068272801963,True,True,True,0.063913535442741,0.0937590555961859,0.3530671456203371,0.0301401830086251,0.3530671456203371,0.0,0.1201479881842913,0.2153258606960403,False,False,62,968,Calidris mauri,Western Sandpiper,wessan,nodata_as_absence,both_classes,0.1300457790665677,4.577906656777486e-05,0.8167094588279724,0.01,83,1,579752,574850,4902,0.0084553395244863,37054,542698,16941,0.0303054053347963,0.295456395608265,81284,19275,62009,480689,17779,579752,0.2371315388022243,0.5201867544664543,0.885739398339408,0.3257618009430614,0.8623756364790462,0.7029630764029311,0.19457315041943,0.2859713441107207,0.2608643188333772,True,True,True,0.063913535442741,0.140204777215085,0.3348766906712301,0.1300457790665677,0.3348766906712301,0.0,0.1201479881842913,0.20561381275877,False,False,-0.009712047937270318,-0.04494804616383338,0.10638527554380095,-0.042353205650287995,-0.03284680346079005,0.03201603494675642,-0.006970002660303898,-0.0009200600905967526,0.0999055960579426,0.04644572161889911,True
63,969,2481744,Calidris melanotos,Calidris melanotos,Pectoral Sandpiper,pecsan,nodata_as_absence,both_classes,0.0102657550503499,0.0002657550503499,0.3893209099769592,0.01,40,1,579752,574850,4902,0.0084553395244863,179006,400746,16941,0.0,0.4740753540048554,399729,137182,262547,138199,41824,579752,0.3431875095377118,0.7663542004178631,0.3448543466435098,0.4740753540048554,0.4749979301494432,0.5556042735306864,0.3106807110358213,0.111034958083131,0.0829212867860001,True,True,True,0.3087630573072624,0.6894827443458582,0.4780701830809951,0.0102657550503499,0.4780701830809951,0.0,0.4718395061402977,0.0022358478645577,False,False,63,969,Calidris melanotos,Pectoral Sandpiper,pecsan,nodata_as_absence,both_classes,0.0400108634176285,1.086341762857046e-05,0.9063477516174316,0.01,92,1,579752,574850,4902,0.0084553395244863,179006,400746,16941,0.0870162244380598,0.4555129581711188,253015,117192,135823,264923,61814,579752,0.4631820247811394,0.6546819659676212,0.6610745958786862,0.5425291826091787,0.659100787923112,0.6578782809231537,0.3722401684724088,0.2941362041736334,0.2833465139264905,True,True,True,0.3087630573072624,0.4364193655218093,0.5448623919325105,0.0400108634176285,0.5448623919325105,0.0,0.4718395061402977,0.070689676468881,False,False,0.06845382860432331,0.11999451524342758,-0.11167223445024188,0.31622024923517644,0.1841028577736688,0.10227400739246728,0.06155945743658753,0.18310124609050238,0.029745108367278603,-0.2530633788240489,True
64,970,2481745,Calidris minutilla,Calidris minutilla,Least Sandpiper,leasan,nodata_as_absence,both_classes,0.0102337191690457,0.0002337191690457,0.5509430170059204,0.01,57,1,579752,574850,4902,0.0084553395244863,152111,427641,16941,6.573930421520419e-05,0.4543967310400921,295948,101813,194135,233506,50298,579752,0.344023274359009,0.6693335787681364,0.5460327704780411,0.4544624703443073,0.5783835157101658,0.6076831746230887,0.2940481622892394,0.1895312663647251,0.1650787656149799,True,True,True,0.262372531703211,0.5104734438173564,0.4594076293441868,0.0102337191690457,0.4594076293441868,0.0,0.4156816234732456,0.0387808468710616,False,False,64,970,Calidris minutilla,Least Sandpiper,leasan,nodata_as_absence,both_classes,0.1406663136300631,0.000666313630063,0.9315129518508912,0.01,95,1,579752,574850,4902,0.0084553395244863,152111,427641,16941,0.2310665196458399,0.3420556157409545,248903,114915,133988,293653,37196,579752,0.461685877631045,0.7554680463608812,0.6866811180405995,0.5731221353867945,0.7047289185720791,0.7210745822007403,0.4016616625713476,0.3929694679107948,0.3669309890751828,True,True,True,0.262372531703211,0.4293266776138763,0.5784185915407886,0.1406663136300631,0.5784185915407886,0.0,0.4156816234732456,0.1574405119135488,False,False,0.11865966504248715,0.11766260327203604,0.08613446759274479,0.1406483475625584,0.12634540286191331,0.11339140757765154,0.1076135002821082,0.2034382015460697,0.1304325944610174,-0.0811467662034801,True
65,971,2481748,Calidris alba,Calidris alba,Sanderling,sander,nodata_as_absence,both_classes,0.0200580428168177,5.804281681776047e-05,0.9134382605552672,0.01,93,1,579752,574850,4902,0.0084553395244863,18463,561289,16941,0.0483294809833998,0.3388276949170297,36011,10545,25466,535823,7918,579752,0.2928271916914276,0.5711422845691383,0.954629433322228,0.3871571759004296,0.9424167575101078,0.7628858589456831,0.240046438571331,0.3824969617480057,0.3602190596440041,True,True,True,0.031846375691675,0.0621144903337979,0.4125667560007042,0.0200580428168177,0.4125667560007042,0.0,0.0617269710722733,0.3254302048281562,False,False,65,971,Calidris alba,Sanderling,sander,nodata_as_absence,both_classes,0.4300647577544441,6.475775444414467e-05,0.9647237062454224,0.01,98,1,579752,574850,4902,0.0084553395244863,18463,561289,16941,0.3886500429922614,0.1305243867124688,11916,7886,4030,557259,10577,579752,0.6617992614971467,0.427124519308888,0.9928200980243688,0.5191744297047303,0.9748047440974762,0.7099723086666285,0.3505979638109634,0.5197083694388155,0.5068540963018339,True,True,True,0.031846375691675,0.0205536160289227,0.5389925500649306,0.3600647577544441,0.5573892827415975,-0.07,0.0617269710722733,0.4574474586324569,False,False,0.13201725380430068,0.3689720698057191,-0.14401776526025029,0.03819066470214072,0.03238798658736841,-0.05291355027905453,0.11055152523963241,0.1372114076908098,0.41000671493762636,-0.0415608743048752,True
66,972,2481759,Calidris alpina,Calidris alpina,Dunlin,dunlin,nodata_as_absence,both_classes,0.030086377855041,8.637785504106432e-05,0.5712682008743286,0.01,59,1,579752,574850,4902,0.0084553395244863,27231,552521,16941,0.0010276737869779,0.3520840142628293,52115,14009,38106,514415,13222,579752,0.2688093639067447,0.5144504425103742,0.9310324856430796,0.3531116880498072,0.9114655921842444,0.7227414640767269,0.2144114360928723,0.3295249198168009,0.3105737066527079,True,True,True,0.0469700837599525,0.089891884805917,0.3718923797767424,0.030086377855041,0.3718923797767424,0.0,0.0897257419071044,0.2633859461427027,False,False,66,972,Calidris alpina,Dunlin,dunlin,nodata_as_absence,both_classes,0.3000342591592925,3.425915929256007e-05,0.8884525299072266,0.01,90,1,579752,574850,4902,0.0084553395244863,27231,552521,16941,0.2034183244606332,0.1710441300547488,27183,10188,16995,535526,17043,579752,0.3747930691976603,0.3741324226065881,0.9692409881253382,0.374462454515382,0.9412886889566572,0.6716867053659632,0.2303622303622303,0.3436615156427921,0.3436613684415952,True,True,True,0.0469700837599525,0.0468872897376809,0.3838372421588019,0.2600342591592925,0.3869567314649558,-0.0399999999999999,0.0897257419071044,0.2847367126082776,False,False,0.021350766465574822,0.10598370529091561,-0.14031801990378612,0.0382085024822586,0.029823096772412794,-0.051054758710763704,0.015950794269358,0.01413659582599125,0.2699478813042515,-0.043004595068236104,True
67,973,2481764,Calidris pusilla,Calidris pusilla,Semipalmated Sandpiper,semsan,nodata_as_absence,both_classes,0.0101324110926361,0.0001324110926361,0.5332798361778259,0.01,55,1,579752,574850,4902,0.0084553395244863,80191,499561,16941,2.4940143655227452e-05,0.335094692188649,147841,38209,109632,389929,41982,579752,0.2584465743602925,0.4764749161377212,0.7805433170323544,0.3351196323323042,0.7384847314023928,0.6285091165850378,0.2012875152115391,0.2035759327688304,0.1898079862513723,True,True,True,0.1383194883329423,0.2550073134719673,0.34225188104622,0.0101324110926361,0.34225188104622,0.0,0.2430240187410124,0.0920956135912917,False,False,67,973,Calidris pusilla,Semipalmated Sandpiper,semsan,nodata_as_absence,both_classes,0.0700404566490033,4.045664900331758e-05,0.826451301574707,0.01,84,1,579752,574850,4902,0.0084553395244863,80191,499561,16941,0.0203846625015313,0.4181542117862071,148482,50141,98341,401220,30050,579752,0.3376907638636333,0.6252696686660598,0.8031451614517546,0.4385388742877384,0.7785415143026674,0.7142074150589073,0.2808516120359375,0.3388519935818815,0.3156023955584989,True,True,True,0.1383194883329423,0.2561129586443859,0.4453474377933803,0.0600404566490033,0.4456264432384924,-0.01,0.2430240187410124,0.1955148555467259,False,False,0.10341924195543423,0.07924418950334078,0.14879475252833863,0.022601844419400274,0.04005678290027459,0.08569829847386945,0.07956409682439841,0.1352760608130511,0.059908045556367195,0.0011056451724185679,True
68,974,2481765,Calidris canutus,Calidris canutus,Red Knot,redkno,nodata_as_absence,both_classes,0.0200510641912114,5.106419121148065e-05,0.5763756632804871,0.01,59,1,579752,574850,4902,0.0084553395244863,17924,561828,16941,0.0013379417995317,0.3630599639596306,21231,7134,14097,547731,10790,579752,0.3360180867599265,0.3980138361972773,0.9749086909160812,0.3643979057591623,0.9570730243276436,0.6864612635566792,0.2227912932138284,0.3436630161037741,0.3423482466437532,True,True,True,0.0309166678165836,0.0366208309760035,0.392636010897383,0.0200510641912114,0.392636010897383,0.0,0.0599789852696109,0.3044189204895513,False,False,68,974,Calidris canutus,Red Knot,redkno,nodata_as_absence,both_classes,0.0900050409812502,5.040981250203913e-06,0.7662867307662964,0.01,78,1,579752,574850,4902,0.0084553395244863,17924,561828,16941,0.0082153760754926,0.3602767409969032,32438,9279,23159,538669,8645,579752,0.2860533941673346,0.5176857844231199,0.9587791993279082,0.3684921170723959,0.9451420607432144,0.7382324918755141,0.2258598447046223,0.3588432927015834,0.3422980518582006,True,True,True,0.0309166678165836,0.0559515103009562,0.4057901296656681,0.1000050409812502,0.4074904635302277,0.01,0.0599789852696109,0.3085131318027849,False,False,0.0040942113132335645,-0.0499646925925919,0.11967194822584254,-0.016129491588173006,-0.011930963584429244,0.05177122831883485,0.003068551490793908,0.015180276597809295,0.0699539767900388,0.0193306793249527,True
69,975,2481776,Arenaria interpres,Arenaria interpres,Ruddy Turnstone,rudtur,nodata_as_absence,both_classes,0.0200638672863715,6.386728637153283e-05,0.8808674216270447,0.01,90,1,579752,574850,4902,0.0084553395244863,21811,557941,16941,0.0359351196343758,0.3848194455655276,40344,13076,27268,530673,8735,579752,0.3241126313702161,0.5995140066938701,0.9511274489596572,0.4207545651999034,0.937899308669914,0.7753207278267635,0.2664275963242934,0.4117680659770973,0.3910122509243866,True,True,True,0.0376212587451186,0.069588375719273,0.4523393582980195,0.0200638672863715,0.4523393582980195,0.0,0.0725144332347567,0.3482401319651467,False,False,69,975,Arenaria interpres,Ruddy Turnstone,rudtur,nodata_as_absence,both_classes,0.2800804076262284,8.040762622840703e-05,0.9402157068252563,0.01,96,1,579752,574850,4902,0.0084553395244863,21811,557941,16941,0.3361839604713036,0.1710908070214216,30768,13336,17432,540509,8475,579752,0.4334373374934997,0.6114345972215854,0.9687565531122466,0.5072747674927253,0.9553136513543722,0.7900955751669161,0.3398313074943302,0.4924629363438575,0.484580776666386,True,True,True,0.0376212587451186,0.0530709682760904,0.5560373582388258,0.3200804076262284,0.5579244218838127,0.0399999999999999,0.0725144332347567,0.4347603342579684,False,False,0.08652020229282187,0.1093247061232836,0.011920590527715325,0.017629104152589448,0.017414342684458184,0.014774847340152553,0.0734037111700368,0.08069487036676021,0.2600165403398569,-0.0165174074431826,True
70,976,2481798,Actitis macularius,Actitis macularius,Spotted Sandpiper,sposan,nodata_as_absence,both_classes,0.0102052023628493,0.0002052023628493,0.7659900188446045,0.01,78,1,579752,574850,4902,0.0084553395244863,151184,428568,16941,0.0022594391041522,0.481369199662278,192923,83210,109713,318855,67974,579752,0.4313119742073262,0.5503889300455075,0.7440009520076161,0.4836286387664302,0.6935120534297424,0.6471949410265618,0.3189381250071867,0.2743052689023134,0.2702449766224049,True,True,True,0.2607735721480909,0.3327681491396321,0.4904341470889866,0.0102052023628493,0.4904341470889866,0.0,0.4136723324613919,0.0699563063050382,False,False,70,976,Actitis macularius,Spotted Sandpiper,sposan,nodata_as_absence,both_classes,0.1011245777131989,0.0011245777131989,0.9681476950645448,0.01,98,1,579752,574850,4902,0.0084553395244863,151184,428568,16941,0.2433800561516621,0.2062647705189252,304509,102450,202059,226509,48734,579752,0.3364432578347438,0.6776510741877447,0.5285252282018256,0.4496448266705874,0.5674133077591798,0.6030881511947852,0.2900269785954711,0.1812772585280232,0.1552298409529353,True,True,True,0.2607735721480909,0.5252401026645876,0.4544093676191743,0.1011245777131989,0.4544093676191743,0.0,0.4136723324613919,0.0359724942091954,False,False,-0.03398381209584278,-0.09486871637258237,0.12726214414223724,-0.2154757238057905,-0.12609874567056267,-0.04410678983177663,-0.028911146411715605,-0.09302801037429018,0.0909193753503496,0.19247195352495555,True
71,977,2481817,Gallinago delicata,Gallinago delicata,Wilson's Snipe,wilsni1,nodata_as_absence,both_classes,0.0004346572968643,0.0004346572968643,0.5140396952629089,0.01,53,1,579752,574850,4902,0.0084553395244863,325288,254464,16941,6.148378826212999e-06,0.7188313823795168,579751,325288,254463,1,0,579752,0.5610822577278867,1.0,3.929828973843059e-06,0.718837530758343,0.5610830148063309,0.5000019649144869,0.5610822577278867,0.0014849098670048,4.409904902593416e-06,True,True,True,0.561081289930867,0.999998275124536,0.7227522032757235,0.0004346572968643,0.7227522032757235,0.0,0.7188367364978343,7.942605086963539e-07,True,True,71,977,Gallinago delicata,Wilson's Snipe,wilsni1,nodata_as_absence,both_classes,0.0800512623228132,5.126232281327248e-05,0.9701092839241028,0.01,99,1,579752,574850,4902,0.0084553395244863,325288,254464,16941,0.3091171542204187,0.4375186165763637,429937,281939,147998,106466,43349,579752,0.6557681706854726,0.8667365534541699,0.418393171529175,0.7466357707967824,0.6699502545916185,0.6425648624916724,0.5957053451824056,0.3232284882492388,0.2984933991418884,True,True,True,0.561081289930867,0.7415877823621134,0.7469829401992916,0.0800512623228132,0.7469829401992916,0.0,0.7188367364978343,0.0277990342989481,False,False,0.027798240038439448,0.09468591295758588,-0.1332634465458301,0.41838924170020114,0.10886723978528756,0.14256289757718554,0.03462308745451892,0.321743578382234,0.0796166050259489,-0.25841049276242256,True
72,978,2481875,Phalacrocorax auritus,Nannopterum auritum,Double-crested Cormorant,doccor,nodata_as_absence,both_classes,0.0202059793769149,0.0002059793769149,0.8542972803115845,0.01,87,1,579752,574850,4902,0.0084553395244863,178389,401363,16941,0.0251740671714015,0.5519686601632796,261821,127032,134789,266574,51357,579752,0.4851864441736911,0.7121066881926577,0.6641718344740297,0.5771427273346812,0.6789213318798383,0.6881392613333437,0.4056223617240036,0.3489743091358649,0.3330155822261113,True,True,True,0.3076988091459796,0.4516086188577184,0.5835427279951858,0.0202059793769149,0.5835427279951858,0.0,0.470595839032581,0.1065468883021001,False,False,72,978,Nannopterum auritum,Double-crested Cormorant,doccor,nodata_as_absence,both_classes,0.647226779460907,0.617226779460907,0.9999990463256836,0.01,40,4,579752,574850,4902,0.0084553395244863,178389,401363,16941,0.470595839032581,-2.01731099924718e-06,579751,178388,401363,0,1,579752,0.3076976150105821,0.9999943942731896,0.0,0.4705938217215817,0.3076970842705157,0.4999971971365947,0.3076970842705157,-0.0019699893503557,-3.4497542336751067e-06,True,True,True,0.3076988091459796,0.999998275124536,0.4736564007657606,0.647226779460907,0.4736564007657606,0.0,0.470595839032581,-2.01731099924718e-06,False,True,-0.10654890561309949,-0.17748882916310899,0.28788770608053194,-0.6641718344740297,-0.3712242476093226,-0.188142064196749,-0.09792527745348795,-0.3509442984862206,0.6270208000839921,0.5483896562668176,True
73,979,2481930,Cathartes aura,Cathartes aura,Turkey Vulture,turvul,nodata_as_absence,both_classes,0.0010638979729264,0.0010638979729264,0.9264411926269532,0.01,94,1,579752,574850,4902,0.0084553395244863,569368,10384,16941,0.0079524740836111,0.9830101677315533,579751,569367,10384,0,1,579752,0.9820888622874304,0.999998243666662,0.0,0.9909626418151644,0.9820871683064484,0.499999121833331,0.9820871683064484,-0.0001773638302653,-3.4494306404154592e-06,True,True,True,0.9820888931819124,0.999998275124536,0.99520807678963,0.0010638979729264,0.99520807678963,0.0,0.9909635199108884,-8.780957239107323e-07,True,True,73,979,Cathartes aura,Turkey Vulture,turvul,nodata_as_absence,both_classes,0.156699771285057,0.146699771285057,0.9952282309532166,0.01,86,2,579752,574850,4902,0.0084553395244863,569368,10384,16941,0.9643618266037624,0.026600815211402,579751,569367,10384,0,1,579752,0.9820888622874304,0.999998243666662,0.0,0.9909626418151644,0.9820871683064484,0.499999121833331,0.9820871683064484,-0.0001773638302653,-3.4494306404154592e-06,True,True,True,0.9820888931819124,0.999998275124536,0.99520807678963,0.156699771285057,0.99520807678963,0.0,0.9909635199108884,-8.780957239107323e-07,False,True,0.0,0.0,0.0,0.0,0.0,0.0,0.0,0.0,0.1556358733121306,0.0,True
74,980,2481937,Mycteria americana,Mycteria americana,Wood Stork,woosto,nodata_as_absence,both_classes,0.020544476788491,0.000544476788491,0.8394145369529724,0.01,85,1,579752,574850,4902,0.0084553395244863,263994,315758,16941,0.0068054670081974,0.6519364351464515,398991,218368,180623,135135,45626,579752,0.54730056567692,0.8271703144768442,0.4279701543587177,0.658741902154649,0.6097486511473872,0.6275702344177809,0.4911373159370874,0.2742961054489682,0.2448763794209268,True,True,True,0.455356773240972,0.6882097862534325,0.6633645470217888,0.020544476788491,0.6633645470217888,0.0,0.6257665221524014,0.0329753800022476,False,False,74,980,Mycteria americana,Wood Stork,woosto,nodata_as_absence,both_classes,0.9977304339408876,0.9977304339408876,1.0,0.01,2,1,579752,574850,4902,0.0084553395244863,263994,315758,16941,0.6257665221524014,-1.6287308106655018e-06,579751,263993,315758,0,1,579752,0.4553558337976131,0.999996212035122,0.0,0.6257648934215907,0.455355048365508,0.499998106017561,0.455355048365508,-0.0014363470933505,-3.4497519035331582e-06,True,True,True,0.455356773240972,0.999998275124536,0.6294217153865502,0.9977304339408876,0.6294217153865502,0.0,0.6257665221524014,-1.6287308106655018e-06,True,True,-0.03297700873305831,-0.0919447318793069,0.17282589755827782,-0.4279701543587177,-0.1543936027818792,-0.12757212840021992,-0.03578226757157943,-0.2757324525423187,0.9771859571523965,0.31178848887110344,True
75,981,2481942,Coragyps atratus,Coragyps atratus,Black Vulture,blkvul,nodata_as_absence,both_classes,0.0007347069331444,0.0007347069331444,0.8171064257621765,0.01,83,1,579752,574850,4902,0.0084553395244863,483966,95786,16941,0.0017667188151425,0.9081858343545444,579751,483966,95785,1,0,579752,0.8347825187019945,1.0,1.043993903075606e-05,0.909952553169687,0.8347828036815742,0.5000052199695154,0.8347825187019945,0.0029521311961343,1.7430005294346586e-05,True,True,True,0.8347810788061102,0.999998275124536,0.9141653641098776,0.0007347069331444,0.9141653641098776,0.0,0.9099516977243968,8.554452901599063e-07,True,True,75,981,Coragyps atratus,Black Vulture,blkvul,nodata_as_absence,both_classes,0.0127998320385813,0.0127998320385813,0.9684191942214966,0.01,97,1,579752,574850,4902,0.0084553395244863,483966,95786,16941,0.5407203950062597,0.3692302779640886,579751,483965,95786,0,1,579752,0.8347807938235553,0.9999979337391468,0.0,0.9099506729703484,0.8347793539306462,0.4999989668695734,0.8347793539306462,-0.0005842824470167,-3.449726814199163e-06,True,True,True,0.8347810788061102,0.999998275124536,0.9141634752057723,0.0127998320385813,0.9141634752057723,0.0,0.9099516977243968,-1.02475404861746e-06,True,True,-1.880199338666344e-06,-1.7248784391910021e-06,-2.0662608531951676e-06,-1.043993903075606e-05,-3.4497509280306815e-06,-6.253099942010731e-06,-3.164771348318496e-06,-0.003536413643151,0.0120651251054369,0.0,True
76,982,2481962,Gavia immer,Gavia immer,Common Loon,comloo,nodata_as_absence,both_classes,0.0301596897345734,0.0001596897345734,0.5075680613517761,0.01,52,1,579752,574850,4902,0.0084553395244863,44448,535304,16941,4.49953879727328e-05,0.4341713627314231,43545,19104,24441,510863,25344,579752,0.4387185669996555,0.4298056155507559,0.9543418319310149,0.4342163581193958,0.9141270750251832,0.6920737237408854,0.2773156817489004,0.3877831383355893,0.3877592274704852,True,True,True,0.0766672646234941,0.0751097020795098,0.4576849822115212,0.0301596897345734,0.4576849822115212,0.0,0.142415892342198,0.2918004657771978,False,False,76,982,Gavia immer,Common Loon,comloo,nodata_as_absence,both_classes,0.9818229174613952,0.9718229174613952,1.0,0.01,4,1,579752,574850,4902,0.0084553395244863,44448,535304,16941,0.142415892342198,-2.7477951151932967e-06,579750,44447,535303,1,1,579752,0.0766658042259594,0.999977501799856,1.868097380180234e-06,0.1424131445470828,0.0766672646234941,0.4999896849486181,0.0766656719867667,-0.0029552373783255,-3.163317102148534e-06,True,True,True,0.0766672646234941,0.999996550249072,0.1435404071720146,0.9818229174613952,0.1435404071720146,0.0,0.142415892342198,-2.7477951151932967e-06,False,True,-0.291803213572313,-0.36205276277369614,0.5701718862491001,-0.9543399638336346,-0.837459810401689,-0.19208403879226726,-0.2006500097621337,-0.3907383757139148,0.9516632277268218,0.9248868481695621,True
77,983,2482059,Podiceps auritus,Podiceps auritus,Horned Grebe,horgre,nodata_as_absence,both_classes,0.0500518270062457,5.1827006245730445e-05,0.3802789151668548,0.01,40,1,579752,574850,4902,0.0084553395244863,37129,542623,16941,0.0,0.4289390446576958,37483,16002,21481,521142,21127,579752,0.4269135341354747,0.4309838670580947,0.9604126621982482,0.4289390446576958,0.9265065062302502,0.6956982646281715,0.2730250810441904,0.3896710440762367,0.3896660341626334,True,True,True,0.0640429011025403,0.0646535070167933,0.4416294088425236,0.0500518270062457,0.4416294088425236,0.0,0.1203765393973878,0.308562505260308,False,False,77,983,Podiceps auritus,Horned Grebe,horgre,nodata_as_absence,both_classes,0.3200476789318782,4.767893187818117e-05,0.9306156039237976,0.01,95,1,579752,574850,4902,0.0084553395244863,37129,542623,16941,0.3239366346513658,0.1599558853195855,31721,16658,15063,527560,20471,579752,0.5251410737366413,0.4486519970912225,0.972240395265221,0.4838925199709513,0.938708275262526,0.7104461961782218,0.3191676885346413,0.4531070332789488,0.4515256866715014,True,True,True,0.0640429011025403,0.0547147745932743,0.511240351711756,0.3200476789318782,0.511240351711756,0.0,0.1203765393973878,0.3635159805735635,False,False,0.054953475313255506,0.09822753960116659,0.017668130033127782,0.011827733066972823,0.012201769032275767,0.014747931550050275,0.046142607490450904,0.0634359892027121,0.26999585192563247,-0.009938732423519003,True
78,984,2482077,Podilymbus podiceps,Podilymbus podiceps,Pied-billed Grebe,pibgre,nodata_as_absence,both_classes,0.0103330093750264,0.0003330093750264,0.787247896194458,0.01,80,1,579752,574850,4902,0.0084553395244863,184083,395669,16941,0.0102840246902922,0.5025116766826273,342969,135135,207834,187835,48948,579752,0.3940152025401712,0.7340982057006894,0.4747276132322724,0.5127957013729195,0.5570830286053347,0.604412909466481,0.3448051500700403,0.1977672409183549,0.1696695894870445,True,True,True,0.3175202500379472,0.5915788130097007,0.5175712242119233,0.0103330093750264,0.5175712242119233,0.0,0.4819967663173329,0.0307989350555865,False,False,78,984,Podilymbus podiceps,Pied-billed Grebe,pibgre,nodata_as_absence,both_classes,0.6304719936847687,0.3604719936847687,0.9999960064888,0.01,65,1,579752,574850,4902,0.0084553395244863,184083,395669,16941,0.4820048922807771,0.0010746940418775,576123,183620,392503,3166,463,579752,0.3187166629348247,0.9974848302124584,0.0080016377325491,0.4830795863226546,0.3221825884171163,0.5027432339725039,0.3184607326574006,0.0323828158147881,0.0034958310769443,True,True,True,0.3175202500379472,0.9937404269411748,0.4860082712985938,0.6204719936847687,0.4860192811049668,-0.01,0.4819967663173329,0.0010828200053216,False,True,-0.029716115050264946,-0.07529853960534649,0.263386624511769,-0.46672597549972333,-0.23490044018821837,-0.1016696754939771,-0.02634441741263971,-0.1653844251035668,0.6201389843097423,0.4021616139314741,True
79,985,2482082,Anhinga anhinga,Anhinga anhinga,Anhinga,anhing,nodata_as_absence,both_classes,0.0101335826091235,0.0001335826091235,0.9595896005630492,0.01,97,1,579752,574850,4902,0.0084553395244863,284901,294851,16941,0.0703462036238136,0.6446241033312404,437322,258184,179138,115713,26717,579752,0.5903750554511321,0.9062235653788508,0.3924456759515823,0.714970306955054,0.6449257613600298,0.6493346206652166,0.5563842694256301,0.346846557290336,0.2959972869225028,True,True,True,0.4914187445666423,0.7543259876636906,0.7198411901814491,0.0101335826091235,0.7198411901814491,0.0,0.658994995680348,0.055975311274706,False,False,79,985,Anhinga anhinga,Anhinga,anhing,nodata_as_absence,both_classes,0.9971257448196412,0.9971257448196412,1.0,0.01,2,1,579752,574850,4902,0.0084553395244863,284901,294851,16941,0.658994995680348,-1.5509187560880378e-06,579751,284900,294851,0,1,579752,0.4914178673258002,0.99999649000881,0.0,0.6589934447615919,0.4914170196911783,0.499998245004405,0.4914170196911783,-0.001336083382517,-3.449751128834344e-06,True,True,True,0.4914187445666423,0.999998275124536,0.6627507996510613,0.9971257448196412,0.6627507996510613,0.0,0.658994995680348,-1.5509187560880378e-06,True,True,-0.055976862193462096,-0.09895718812533194,0.09377292462995912,-0.3924456759515823,-0.15350874166885148,-0.14933637566081165,-0.06496724973445184,-0.348182640672853,0.9869921622105178,0.24567228746084535,True
80,986,2482400,Aphelocoma coerulescens,Aphelocoma coerulescens,Florida Scrub-Jay,flsjay,nodata_as_absence,both_classes,0.1300320000035572,3.2000003557186574e-05,0.6529629230499268,0.01,67,1,579752,574850,4902,0.0084553395244863,20853,558899,16941,0.0065601825442099,0.1282813450624649,32721,3612,29109,529790,17241,579752,0.1103878243329971,0.1732124874118832,0.947917244439514,0.1348415276066748,0.920052022243994,0.5605648659256987,0.0722949441575597,0.0977422744146257,0.0950823074674424,True,True,True,0.0359688280506147,0.0564396500572658,0.1348415276066748,0.1300320000035572,0.1348415276066748,0.0,0.0694399813521366,0.0654015462545382,False,False,80,986,Aphelocoma coerulescens,Florida Scrub-Jay,flsjay,nodata_as_absence,both_classes,0.3800001160765563,1.1607655636680648e-07,0.992691695690155,0.01,101,1,579752,574850,4902,0.0084553395244863,20853,558899,16941,0.2870978686653712,0.019378145194372,20129,6280,13849,545050,14573,579752,0.311987679467435,0.3011557090106939,0.9752209254265976,0.3064760138597433,0.9509755895624336,0.6381883172186458,0.1809693965765662,0.2811210616377316,0.281073916582395,True,True,True,0.0359688280506147,0.0347200182146849,0.3064760138597433,0.3800001160765563,0.3064760138597433,0.0,0.0694399813521366,0.2370360325076067,False,False,0.1716344862530685,0.2015998551344379,0.1279432215988107,0.02730368098708358,0.030923567318439593,0.07762345129294712,0.10867445241900649,0.1833787872231059,0.24996811607299912,-0.021719631842580897,True
81,987,2482481,Corvus ossifragus,Corvus ossifragus,Fish Crow,fiscro,nodata_as_absence,both_classes,6.955846765777096e-05,6.955846765777096e-05,0.9020614624023438,0.01,92,1,579752,574812,4940,0.008520884792118,295123,284629,16941,0.0024636209813874,0.6721981017352551,579751,295122,284629,0,1,579752,0.5090495747312208,0.9999966115822894,0.0,0.6746617227166426,0.5090486966840994,0.4999983057911447,0.5090486966840994,-0.0012897849107499,-3.4497507087677e-06,True,True,True,0.5090504215595634,0.999998275124536,0.6784928511818138,6.955846765777096e-05,0.6784928511818138,0.0,0.6746632376053722,-1.514888729570174e-06,True,True,81,987,Corvus ossifragus,Fish Crow,fiscro,nodata_as_absence,both_classes,0.0861806477606296,0.0061806477606296,0.9838104248046876,0.01,99,1,579752,574812,4940,0.008520884792118,295123,284629,16941,0.3797174254317111,0.3233872541447706,460736,265724,195012,89617,29399,579752,0.5767380886234199,0.9003839077266089,0.314855478535216,0.7031046795764818,0.6129189722502035,0.6076196931309125,0.5421445112060963,0.2663999249859425,0.2174892754619718,True,True,True,0.5090504215595634,0.7947122217775877,0.7077131636874997,0.0861806477606296,0.7077131636874997,0.0,0.6746632376053722,0.0284414419711096,False,False,0.02844295685983922,0.0676885138921991,-0.09961270385568044,0.314855478535216,0.10387027556610418,0.10762138733976778,0.03309581452199695,0.2676897098966924,0.08611108929297183,-0.20528605334694827,True
82,988,2482507,Corvus brachyrhynchos,Corvus brachyrhynchos,American Crow,amecro,nodata_as_absence,both_classes,0.0008955695666372,0.0008955695666372,0.4701107144355774,0.01,48,1,579752,574850,4902,0.0084553395244863,484464,95288,16941,0.0,0.910462641477521,579751,484464,95287,1,0,579752,0.835641508164712,1.0,1.0494500881538074e-05,0.910462641477521,0.835641791662642,0.5000052472504408,0.835641508164712,0.0029613578885511,1.7539127276310675e-05,True,True,True,0.835640066787178,0.999998275124536,0.9146758323554984,0.0008955695666372,0.9146758323554984,0.0,0.9104617859532276,8.555242934082941e-07,True,True,82,988,Corvus brachyrhynchos,American Crow,amecro,nodata_as_absence,both_classes,0.0400091590363808,9.159036380879115e-06,0.9929823279380798,0.01,101,1,579752,574850,4902,0.0084553395244863,484464,95288,16941,0.4562723798729156,0.4695126290267124,552658,480076,72582,22706,4388,579752,0.868667421805167,0.9909425674559926,0.2382881370162035,0.925785008899628,0.8672363355365743,0.6146153522360981,0.8618246967036833,0.4024925595695601,0.3217047838439363,True,True,True,0.835640066787178,0.9532662241786144,0.9301815504446728,0.0400091590363808,0.9301815504446728,0.0,0.9104617859532276,0.0153232229464004,False,False,0.01532236742210702,0.03302591364045493,-0.009057432544007371,0.23827764251532196,0.031594543873932346,0.11461010498565727,0.02618318853897128,0.399531201681009,0.039113589469743595,-0.04673205094592159,True
83,989,2482593,Cyanocitta cristata,Cyanocitta cristata,Blue Jay,blujay,nodata_as_absence,both_classes,6.775094516342506e-05,6.775094516342506e-05,0.9669758677482604,0.01,98,1,579752,574850,4902,0.0084553395244863,501308,78444,16941,0.0059957496973299,0.9214411432012076,579751,501307,78444,0,1,579752,0.8646936357160229,0.9999980052183488,0.0,0.9274368928985376,0.8646921442271868,0.4999990026091744,0.8646921442271868,-0.0005195254110862,-3.4497188523090607e-06,True,True,True,0.8646938691026508,0.999998275124536,0.931661458318814,6.775094516342506e-05,0.931661458318814,0.0,0.9274378850387582,-9.921402207568877e-07,True,True,83,989,Cyanocitta cristata,Blue Jay,blujay,nodata_as_absence,both_classes,0.1000979562848806,0.0100979562848806,0.9963845610618592,0.01,100,1,579752,574850,4902,0.0084553395244863,501308,78444,16941,0.7160956680570048,0.2229745171361007,550837,494019,56818,21626,7289,579752,0.8968515186888317,0.9854600365443998,0.2756871143745857,0.9390701851931056,0.8894234086298969,0.6305735754594928,0.8851388396168607,0.410340444667826,0.3559302221464985,True,True,True,0.8646938691026508,0.9501252259586858,0.9433424354102616,0.1000979562848806,0.9433424354102616,0.0,0.9274378850387582,0.0116323001543472,False,False,0.011633292294567998,0.03215788297280886,-0.014537968673948964,0.2756871143745857,0.024731264402710118,0.13057457285031837,0.02044669538967392,0.4108599700789122,0.10003020533971717,-0.049873049165850225,True
84,990,2482802,Empidonax virescens,Empidonax virescens,Acadian Flycatcher,acafly,nodata_as_absence,both_classes,0.0001092479360522,0.0001092479360522,0.2959701716899872,0.01,31,1,579752,574850,4902,0.0084553395244863,256974,322778,16941,0.0,0.6142376527532941,579751,256974,322777,1,0,579752,0.4432489120329245,1.0,3.098104579618189e-06,0.6142376527532941,0.4432498723592156,0.5000015490522898,0.4432489120329245,0.0011718495996841,2.7464591970346517e-06,True,True,True,0.4432481474837517,0.999998275124536,0.6178574047603878,0.0001092479360522,0.6178574047603878,0.0,0.6142369186567646,7.340965295643542e-07,True,True,84,990,Empidonax virescens,Acadian Flycatcher,acafly,nodata_as_absence,both_classes,0.0100158472157636,1.5847215763642453e-05,0.8924936652183533,0.01,91,1,579752,574850,4902,0.0084553395244863,256974,322778,16941,0.0587386341797956,0.6174416742047575,371527,212490,159037,163741,44484,579752,0.5719368982604225,0.8268929930654463,0.507286741971262,0.6761803083845531,0.648951620692986,0.6670898675183541,0.5107797630351121,0.3460310257014566,0.3196547140729787,True,True,True,0.4432481474837517,0.6408378065103699,0.6767941063588196,0.0100158472157636,0.6767941063588196,0.0,0.6142369186567646,0.0619433897277885,False,False,0.061942655631259,0.128687986227498,-0.17310700693455372,0.5072836438666823,0.20570174833377036,0.1670883184660643,0.06753085100218759,0.3448591761017725,0.009906599279711398,-0.35916046861416606,True
85,991,2483597,Myiarchus crinitus,Myiarchus crinitus,Great Crested Flycatcher,grcfly,nodata_as_absence,both_classes,0.0006102714105509,0.0006102714105509,0.8058860898017883,0.01,82,1,579752,574850,4902,0.0084553395244863,541932,37820,16941,0.0008740871874308,0.9654078302527016,579751,541931,37820,0,1,579752,0.9347650974297588,0.9999981547500424,0.0,0.9662819174401324,0.9347634850763776,0.4999990773750212,0.9347634850763776,-0.0003469505745767,-3.4496716155453188e-06,True,True,True,0.9347652099518414,0.999998275124536,0.9705233165678856,0.0006102714105509,0.9705233165678856,0.0,0.9662828390170494,-9.215769170012322e-07,True,True,85,991,Myiarchus crinitus,Great Crested Flycatcher,grcfly,nodata_as_absence,both_classes,0.0201436858624219,0.0201436858624219,0.9601106643676758,0.01,95,1,579752,574850,4902,0.0084553395244863,541932,37820,16941,0.3803139846831659,0.5859697157919238,579751,541932,37819,1,0,579752,0.934766822308198,1.0,2.6441036488630358e-05,0.9662837004750896,0.9347669348273054,0.5000132205182443,0.934766822308198,0.0049715393649263,4.94311855618564e-05,True,True,True,0.9347652099518414,0.999998275124536,0.970525107429299,0.0201436858624219,0.970525107429299,0.0,0.9662828390170494,8.614580403465411e-07,True,True,1.783034957236751e-06,1.7248784391910021e-06,1.8452499576104842e-06,2.6441036488630358e-05,3.449750927808637e-06,1.4143143223066534e-05,3.3372318203328533e-06,0.005318489939503,0.019533414451870998,0.0,True
86,992,2483600,Myiarchus cinerascens,Myiarchus cinerascens,Ash-throated Flycatcher,astfly,nodata_as_absence,both_classes,0.0304598737868946,0.0004598737868946,0.2988847196102142,0.01,31,1,579752,574850,4902,0.0084553395244863,50375,529377,16941,0.0,0.231084300704618,146895,22793,124102,405275,27582,579752,0.1551652540930596,0.4524665012406947,0.7655697168558513,0.231084300704618,0.7383639901199134,0.609018109048273,0.1306361296904463,0.1412026914689592,0.1167935757046962,True,True,True,0.0868906014985718,0.2533755812830314,0.2311147614122609,0.0304598737868946,0.2311147614122609,0.0,0.1598884034488285,0.0711958972557894,False,False,86,992,Myiarchus cinerascens,Ash-throated Flycatcher,astfly,nodata_as_absence,both_classes,0.0600006650395221,6.650395221186045e-07,0.7981846332550049,0.01,81,1,579752,574850,4902,0.0084553395244863,50375,529377,16941,0.020292347377472,0.2618146070485652,133853,25986,107867,421510,24389,579752,0.1941383457972552,0.5158511166253101,0.7962378418405031,0.2821069544260373,0.7718748706343402,0.6560444792329065,0.1642168324465059,0.2086104998999162,0.1783650610346841,True,True,True,0.0868906014985718,0.2308797554816542,0.2826792853063555,0.0600006650395221,0.2826792853063555,0.0,0.1598884034488285,0.1222185509772087,False,False,0.05102265372141929,0.038973091704195606,0.06338461538461543,0.030668124984651768,0.033510880514426855,0.047026370184633515,0.033580702756059594,0.067407808430957,0.029540791252627503,-0.022495825801377184,True
87,993,2483606,Sayornis phoebe,Sayornis phoebe,Eastern Phoebe,easpho,nodata_as_absence,both_classes,0.0006897185230627,0.0006897185230627,0.8811128735542297,0.01,90,1,579752,574850,4902,0.0084553395244863,562279,17473,16941,0.0073621631580066,0.977337012870644,579751,562278,17473,0,1,579752,0.9698611990319982,0.9999982215234784,0.0,0.9846991760286508,0.9698595261422124,0.4999991107617392,0.9698595261422124,-0.0002315192214612,-3.449565407638991e-06,True,True,True,0.9698612510176764,0.999998275124536,0.988944076656278,0.0006897185230627,0.988944076656278,0.0,0.98470006505953,-8.890308791364987e-07,True,True,87,993,Sayornis phoebe,Eastern Phoebe,easpho,nodata_as_absence,both_classes,0.092968977689743,0.022968977689743,0.9908899664878844,0.01,98,1,579752,574850,4902,0.0084553395244863,562279,17473,16941,0.790803148933443,0.1939787476892521,579519,562211,17308,165,68,579752,0.9701338523844776,0.999879063596542,0.0094431408458764,0.9847818966226952,0.9700285639376836,0.5046611022212092,0.9700200315051924,0.0795181913265979,0.0178587011355817,True,True,True,0.9698612510176764,0.99959810401689,0.9890280201531186,0.092968977689743,0.9890280201531186,0.0,0.98470006505953,8.183156316521334e-05,False,True,8.272059404446086e-05,0.0002726533524793906,-0.00011915792693639737,0.0094431408458764,0.00016903779547117193,0.004661991459469994,0.0001605053629800679,0.0797497105480591,0.0922792591666803,-0.00040017110764600794,True
88,994,2483647,Pyrocephalus rubinus,Pyrocephalus rubinus,Vermilion Flycatcher,verfly,nodata_as_absence,both_classes,0.0001838912139646,0.0001838912139646,0.2406291961669922,0.01,26,1,579752,574850,4902,0.0084553395244863,60200,519552,16941,0.0,0.1881394044231511,579751,60200,519551,1,0,579752,0.1038376820393582,1.0,1.924735156442473e-06,0.1881394044231511,0.1038392278077522,0.5000009623675782,0.1038376820393582,0.0004470570849283,3.9971999447527714e-07,True,True,True,0.1038375029322882,0.999998275124536,0.1895916693042584,0.0001838912139646,0.1895916693042584,0.0,0.1881391104332825,2.9398986864381804e-07,True,True,88,994,Pyrocephalus rubinus,Vermilion Flycatcher,verfly,nodata_as_absence,both_classes,0.0600098296322903,9.829632290347943e-06,0.8921753168106079,0.01,91,1,579752,574850,4902,0.0084553395244863,60200,519552,16941,0.107462861667962,0.1700534420111323,199864,36086,163778,355774,24114,579752,0.1805527758876035,0.5994352159468439,0.6847707255481645,0.2775163036790943,0.6759096993197091,0.6421029707475042,0.1611140379858736,0.1824109200759359,0.140307602068778,True,True,True,0.1038375029322882,0.3447405097351971,0.2785219488663772,0.0600098296322903,0.2785219488663772,0.0,0.1881391104332825,0.0893771932458118,False,False,0.08937689925594319,0.07671509384824529,-0.4005647840531561,0.6847688008130081,0.5720704715119569,0.14210200837992604,0.057276355946515395,0.1819638629910076,0.059825938418325696,-0.6552577653893389,True
89,995,2484133,Quiscalus major,Quiscalus major,Boat-tailed Grackle,botgra,nodata_as_absence,both_classes,0.0203083260962739,0.0003083260962739,0.8252967000007629,0.01,84,1,579752,574850,4902,0.0084553395244863,197302,382450,16941,0.0122896824997737,0.6199700479092928,298412,156710,141702,240748,40592,579752,0.5251464418320979,0.7942646298567678,0.6294888220682442,0.6322597304090665,0.6855655521671336,0.7118767259625061,0.4622659319654045,0.4017375643474157,0.3769899755358286,True,True,True,0.3403213787964509,0.5147235369606314,0.6383949485691007,0.0203083260962739,0.6383949485691007,0.0,0.5078205633070546,0.1244391671020118,False,False,89,995,Quiscalus major,Boat-tailed Grackle,botgra,nodata_as_absence,both_classes,0.3009698537178337,0.0009698537178337,0.9834291338920592,0.01,100,1,579752,574850,4902,0.0084553395244863,197302,382450,16941,0.6539821191122258,0.064030034604173,265108,166008,99100,283350,31294,579752,0.6261900810235829,0.8413903559011059,0.74088116093607,0.7180121537163988,0.7750865887482924,0.791135758418588,0.5600771924615894,0.5538057729630048,0.5375544353151741,True,True,True,0.3403213787964509,0.4572782845078585,0.7256672757315336,0.3009698537178337,0.7256672757315336,0.0,0.5078205633070546,0.2101915904093442,False,False,0.08575242330733235,0.10104363919148496,0.04712572604433807,0.11139233886782585,0.08952103658115884,0.0792590324560819,0.09781126049618488,0.15206820861558912,0.28066152762155977,-0.05744525245277293,True
90,996,2484155,Quiscalus quiscula,Quiscalus quiscula,Common Grackle,comgra,nodata_as_absence,both_classes,0.0004841977788601,0.0004841977788601,0.8030628561973572,0.01,82,1,579752,574850,4902,0.0084553395244863,420763,158989,16941,0.0004894495118572,0.8406022293651999,579751,420762,158989,0,1,579752,0.7257633018313034,0.9999976233651724,0.0,0.8410916788770572,0.7257620499799915,0.4999988116825861,0.7257620499799915,-0.000807316844799,-3.4497411305013784e-06,True,True,True,0.7257637748554554,0.999998275124536,0.8452328818857145,0.0004841977788601,0.8452328818857145,0.0,0.8410928371888478,-1.1583117905944462e-06,True,True,90,996,Quiscalus quiscula,Common Grackle,comgra,nodata_as_absence,both_classes,0.0239510275423526,0.0239510275423526,0.943234086036682,0.01,93,1,579752,574850,4902,0.0084553395244863,420763,158989,16941,0.333222457991627,0.5078692208854302,579751,420762,158989,0,1,579752,0.7257633018313034,0.9999976233651724,0.0,0.8410916788770572,0.7257620499799915,0.4999988116825861,0.7257620499799915,-0.000807316844799,-3.4497411305013784e-06,True,True,True,0.7257637748554554,0.999998275124536,0.8452328818857145,0.0239510275423526,0.8452328818857145,0.0,0.8410928371888478,-1.1583117905944462e-06,True,True,0.0,0.0,0.0,0.0,0.0,0.0,0.0,0.0,0.0234668297634925,0.0,True
91,997,2484195,Xanthocephalus xanthocephalus,Xanthocephalus xanthocephalus,Yellow-headed Blackbird,yehbla,nodata_as_absence,both_classes,0.0001572136825416,0.0001572136825416,0.1808895915746688,0.01,20,1,579752,574850,4902,0.0084553395244863,11318,568434,16941,0.0,0.038296713243293,579751,11318,568433,1,0,579752,0.019522174174775,1.0,1.759219188155529e-06,0.038296713243293,0.0195238653769197,0.500000879609594,0.019522174174775,0.000185320758154,6.868756444571226e-08,True,True,True,0.0195221405014557,0.999998275124536,0.0386169811674829,0.0001572136825416,0.0386169811674829,0.0,0.038296648451114,6.47921790039585e-08,True,True,91,997,Xanthocephalus xanthocephalus,Yellow-headed Blackbird,yehbla,nodata_as_absence,both_classes,0.0600041780403989,4.178040398983285e-06,0.6666886210441589,0.01,68,1,579752,574850,4902,0.0084553395244863,11318,568434,16941,0.0007045354469396,0.1400218637499338,44464,3925,40539,527895,7393,579752,0.0882736595897804,0.34679271956176,0.928683013331363,0.1407263991968735,0.9173232692599594,0.6377378664465616,0.075688913743564,0.1432221526053677,0.1131247905945821,True,True,True,0.0195221405014557,0.076694862630918,0.1407289220343844,0.0600041780403989,0.1407289220343844,0.0,0.038296648451114,0.1024297507457594,False,False,0.10242968595358048,0.06875148541500539,-0.6532072804382401,0.928681254112175,0.8977994038830397,0.13773698683696756,0.056166739568788995,0.1430368318472137,0.059846964357857295,-0.923303412493618,True
92,998,2484254,Sturnella magna,Sturnella magna,Eastern Meadowlark,easmea,nodata_as_absence,both_classes,0.0101960740919457,0.0001960740919457,0.3890399634838104,0.01,40,1,579752,574850,4902,0.0084553395244863,361126,218626,16941,0.0,0.8034680743231516,503100,347189,155911,62715,13937,579752,0.6900993838203141,0.961406821995647,0.2868597513561973,0.8034680743231516,0.7070333521919717,0.6241332866759222,0.6714973976717333,0.3552299944958443,0.2847501186471846,True,True,True,0.6228973768093944,0.8677848459341235,0.8074500793056454,0.0101960740919457,0.8074500793056454,0.0,0.7676361866256837,0.0358318876974679,False,False,92,998,Sturnella magna,Eastern Meadowlark,easmea,nodata_as_absence,both_classes,0.0100057256070249,5.725607024942292e-06,0.974811851978302,0.01,99,1,579752,574850,4902,0.0084553395244863,361126,218626,16941,0.342431072558796,0.4439921034317113,502699,339666,163033,55593,21460,579752,0.6756846542364318,0.9405747578407536,0.2542835710299781,0.7864231759905074,0.6817725510218162,0.5974291644353659,0.6480209249483458,0.2781957366058742,0.223400641081826,True,True,True,0.6228973768093944,0.8670931708730629,0.7906361801722954,0.0100057256070249,0.7906361801722954,0.0,0.7676361866256837,0.0187869893648237,False,False,-0.01704489833264422,-0.014414729583882346,-0.02083206415489336,-0.03257618032621917,-0.0252608011701555,-0.026704122240556294,-0.023476472723387487,-0.07703425788997009,-0.0001903484849207996,-0.0006916750610606037,True
93,999,2484340,Icterus galbula,Icterus galbula,Baltimore Oriole,balori,nodata_as_absence,both_classes,0.0203558866155799,0.0003558866155799,0.3248642683029175,0.01,34,1,579752,574850,4902,0.0084553395244863,51805,527947,16941,0.0,0.255370466600649,152181,26046,126135,401812,25759,579752,0.1711514578035365,0.5027700028954734,0.7610839724442037,0.255370466600649,0.7380017662724752,0.6319269876698386,0.1463751826458356,0.1710646631365072,0.1408179346511349,True,True,True,0.0893571734120796,0.2624932729856904,0.2553767262637206,0.0203558866155799,0.2553767262637206,0.0,0.1640548675733148,0.0913155990273342,False,False,93,999,Icterus galbula,Baltimore Oriole,balori,nodata_as_absence,both_classes,0.1500185966073331,1.8596607333165597e-05,0.9768945574760436,0.01,99,1,579752,574850,4902,0.0084553395244863,51805,527947,16941,0.1225702866122365,0.1958117343281201,65576,18686,46890,481057,33119,579752,0.2849518116384043,0.3606987742495898,0.9111842666025188,0.3183820209403566,0.8619944390015041,0.6359415204260543,0.1893307665028623,0.2448695364484065,0.2427809270025744,True,True,True,0.0893571734120796,0.1131104334267066,0.3184661269706008,0.1500185966073331,0.3184661269706008,0.0,0.1640548675733148,0.1543271533670417,False,False,0.06301155433970762,0.11380035383486778,-0.14207122864588356,0.15010029415831516,0.12399267272902892,0.004014532756215772,0.04295558385702669,0.0738048733118993,0.1296627099917532,-0.14938283955898382,True
94,1000,2484391,Molothrus ater,Molothrus ater,Brown-headed Cowbird,bnhcow,nodata_as_absence,both_classes,0.0008153347298502,0.0008153347298502,0.3721239566802978,0.01,39,1,579752,574850,4902,0.0084553395244863,316206,263546,16941,0.0,0.705848606573753,579751,316205,263546,0,1,579752,0.5454151868647057,0.9999968375046648,0.0,0.705848606573753,0.5454142460914322,0.4999984187523323,0.5454142460914322,-0.0011990089036564,-3.4497497389233997e-06,True,True,True,0.5454159709668962,0.999998275124536,0.7097317225087116,0.0008153347298502,0.7097317225087116,0.0,0.7058500510068553,-1.444433102237852e-06,True,True,94,1000,Molothrus ater,Brown-headed Cowbird,bnhcow,nodata_as_absence,both_classes,0.0104506824188865,0.0004506824188865,0.9308015704154968,0.01,95,1,579752,574850,4902,0.0084553395244863,316206,263546,16941,0.1187686417534297,0.5884201499033822,571704,313960,257744,5802,2246,579752,0.5491653023242797,0.9928970354768728,0.0220151320832036,0.707188791656812,0.5515496281168499,0.5074560837800381,0.5470162906176497,0.0634635619220654,0.0162216735385796,True,True,True,0.5454159709668962,0.9861182022657964,0.7111139297560953,0.0104506824188865,0.7111139297560953,0.0,0.7058500510068553,0.0013387406499567,False,False,0.0013401850830589979,0.003750115459574044,-0.007099802027792035,0.0220151320832036,0.006135382025417746,0.00745766502770584,0.0016020445262174832,0.0646625708257218,0.0096353476890363,-0.0138800728587396,True
95,1001,2484396,Molothrus bonariensis,Molothrus bonariensis,Shiny Cowbird,shicow,nodata_as_absence,both_classes,0.0102238119777757,0.0002238119777757,0.2284716218709945,0.01,24,1,579752,574812,4940,0.008520884792118,10150,569602,16941,0.0,0.050515165975522,138637,3758,134879,434723,6392,579752,0.0271067608214257,0.3702463054187192,0.7632048342526887,0.050515165975522,0.7563251183264569,0.566725569835704,0.0259120589675168,0.0410322726497641,0.0184921886739826,True,True,True,0.0175074859595137,0.2391315597013895,0.0520917080202933,0.0202238119777757,0.0523028883684621,0.01,0.0344124956348681,0.0161026703406538,False,False,95,1001,Molothrus bonariensis,Shiny Cowbird,shicow,nodata_as_absence,both_classes,0.0800001930922053,1.930922053361428e-07,0.6800185441970825,0.01,70,1,579752,574812,4940,0.008520884792118,10150,569602,16941,0.0011790135586559,0.1805095655637898,15102,2294,12808,556794,7856,579752,0.1519004105416501,0.2260098522167487,0.9775141238970368,0.1816885791224457,0.9643571734120796,0.6017619880568928,0.099921595957836,0.1675820324444521,0.1641859975539408,True,True,True,0.0175074859595137,0.0260490692571996,0.1818902632413574,0.0800001930922053,0.1818902632413574,0.0,0.0344124956348681,0.1472760834875775,False,False,0.1311734131469237,0.1247936497202244,-0.1442364532019705,0.21430928964434814,0.20803205508562272,0.03503641822118886,0.0740095369903192,0.12654975979468802,0.0697763811144296,-0.2130824904441899,True
96,1002,2484404,Molothrus aeneus,Molothrus aeneus,Bronzed Cowbird,brocow,nodata_as_absence,both_classes,0.0200870265794219,8.702657942194492e-05,0.291090577840805,0.01,31,1,579752,574850,4902,0.0084553395244863,21989,557763,16941,0.0,0.2347517614555917,39182,7180,32002,525761,14809,579752,0.1832474095247818,0.3265268998135431,0.9426243763031968,0.2347517614555917,0.919256854655094,0.63457563805837,0.1329851271508214,0.2048117005017476,0.1956705318230996,True,True,True,0.037928286577709,0.0675840704301149,0.2404272774457113,0.0200870265794219,0.2404272774457113,0.0,0.0730845995203916,0.1616671619352,False,False,96,1002,Molothrus aeneus,Bronzed Cowbird,brocow,nodata_as_absence,both_classes,0.1000243634713115,2.436347131151706e-05,0.7790235877037048,0.01,79,1,579752,574850,4902,0.0084553395244863,21989,557763,16941,0.0109348877140662,0.295285783685284,44499,10180,34319,523444,11809,579752,0.2287691858244005,0.4629587521033244,0.9384702821807828,0.3062206713993503,0.920434944597,0.7007145171420537,0.1807913617958371,0.2880591601642722,0.2691141938514856,True,True,True,0.037928286577709,0.0767552332721577,0.3067327538153276,0.1000243634713115,0.3067327538153276,0.0,0.0730845995203916,0.2331360718789586,False,False,0.07146890994375857,0.045521776299618705,0.13643185228978127,-0.004154094122414076,0.0011780899419060464,0.06613887908368365,0.04780623464501571,0.08324745966252459,0.07993733689188959,0.009171162842042807,True
97,1003,2484417,Dolichonyx oryzivorus,Dolichonyx oryzivorus,Bobolink,boboli,nodata_as_absence,both_classes,0.0006199055933393,0.0006199055933393,0.2491269558668136,0.01,26,1,579752,574850,4902,0.0084553395244863,428467,151285,16941,0.0,0.8499491181470674,579751,428467,151284,1,0,579752,0.7390534902052778,1.0,6.610040651750008e-06,0.8499491181470674,0.73905394030551,0.5000033050203259,0.7390534902052778,0.0022102428857649,9.770299498679329e-06,True,True,True,0.739052215430046,0.999998275124536,0.8541017984363849,0.0006199055933393,0.8541017984363849,0.0,0.8499482751267334,8.430203339848674e-07,True,True,97,1003,Dolichonyx oryzivorus,Bobolink,boboli,nodata_as_absence,both_classes,5.336172398529016e-05,5.336172398529016e-05,0.7191134095191956,0.01,73,1,579752,574850,4902,0.0084553395244863,428467,151285,16941,0.0008724924590056,0.8490746419900916,579751,428466,151285,0,1,579752,0.7390517653268386,0.9999976660979726,0.0,0.8499471344490973,0.7390504905545819,0.4999988330489863,0.7390504905545819,-0.0007804022129427,-3.4497400258483573e-06,True,True,True,0.739052215430046,0.999998275124536,0.8540998050464659,5.336172398529016e-05,0.8540998050464659,0.0,0.8499482751267334,-1.1406776361244653e-06,True,True,-1.9836979701093327e-06,-1.7248784391910021e-06,-2.333902027418233e-06,-6.610040651750008e-06,-3.4497509280306815e-06,-4.471971339570224e-06,-2.9996506958340774e-06,-0.0029906450987076,-0.0005665438693540099,0.0,True
98,1004,2484597,Regulus calendula,Corthylio calendula,Ruby-crowned Kinglet,ruckin,nodata_as_absence,both_classes,8.668516238685697e-05,8.668516238685697e-05,0.6279630661010742,0.01,64,1,579752,574850,4902,0.0084553395244863,515321,64431,16941,0.0001280670605698,0.9410337926162368,579751,515320,64431,0,1,579752,0.8888643572844204,0.9999980594619664,0.0,0.9411618596768068,0.8888628241040997,0.4999990297309832,0.8888628241040997,-0.0004643952428432,-3.449709287295964e-06,True,True,True,0.8888645489795637,0.999998275124536,0.9453938376583468,8.668516238685697e-05,0.9453938376583468,0.0,0.9411628265878164,-9.669110098142752e-07,True,True,98,1004,Corthylio calendula,Ruby-crowned Kinglet,ruckin,nodata_as_absence,both_classes,0.3849296271800995,0.3849296271800995,0.9999999403953552,0.01,63,1,579752,574850,4902,0.0084553395244863,515321,64431,16941,0.9411309175920516,3.094208475518112e-05,579751,515320,64431,0,1,579752,0.8888643572844204,0.9999980594619664,0.0,0.9411618596768068,0.8888628241040997,0.4999990297309832,0.8888628241040997,-0.0004643952428432,-3.449709287295964e-06,True,True,True,0.8888645489795637,0.999998275124536,0.9453938376583468,0.3849296271800995,0.9453938376583468,0.0,0.9411628265878164,-9.669110098142752e-07,True,True,0.0,0.0,0.0,0.0,0.0,0.0,0.0,0.0,0.38484294201771263,0.0,True
99,1005,2484609,Bombycilla cedrorum,Bombycilla cedrorum,Cedar Waxwing,cedwax,nodata_as_absence,both_classes,0.0004428880347404,0.0004428880347404,0.4725244641304016,0.01,49,1,579752,574850,4902,0.0084553395244863,413258,166494,16941,0.0,0.8323328388765863,579751,413257,166494,0,1,579752,0.7128180891451675,0.999997580204134,0.0,0.8323328388765863,0.7128168596227352,0.499998790102067,0.7128168596227352,-0.0008336195779145,-3.449742108945739e-06,True,True,True,0.7128185844981992,0.999998275124536,0.8364620430783306,0.0004428880347404,0.8364620430783306,0.0,0.8323340147631947,-1.17588660841772e-06,True,True,99,1005,Bombycilla cedrorum,Cedar Waxwing,cedwax,nodata_as_absence,both_classes,0.9957824945449828,0.9957824945449828,1.0,0.01,2,1,579752,574850,4902,0.0084553395244863,413258,166494,16941,0.8323340147631947,-1.17588660841772e-06,579751,413257,166494,0,1,579752,0.7128180891451675,0.999997580204134,0.0,0.8323328388765863,0.7128168596227352,0.499998790102067,0.7128168596227352,-0.0008336195779145,-3.449742108945739e-06,True,True,True,0.7128185844981992,0.999998275124536,0.8364620430783306,0.9957824945449828,0.8364620430783306,0.0,0.8323340147631947,-1.17588660841772e-06,True,True,0.0,0.0,0.0,0.0,0.0,0.0,0.0,0.0,0.9953396065102424,0.0,True
100,1006,2484904,Sitta pusilla,Sitta pusilla,Brown-headed Nuthatch,bnhnut,nodata_as_absence,both_classes,0.0400143449206007,1.4344920600706246e-05,0.495126724243164,0.01,51,1,579752,574850,4902,0.0084553395244863,222363,357389,16941,0.0,0.6824967176518615,321455,185577,135878,221511,36786,579752,0.5773031995147065,0.8345678012978778,0.6198036313372823,0.6824967176518615,0.7021761028853717,0.7271857163175801,0.5180227835451554,0.4445218343175086,0.4190912452423009,True,True,True,0.3835484827995418,0.5544698422773876,0.6825155433125599,0.0400143449206007,0.6825155433125599,0.0,0.5544416947694533,0.1280550228824082,False,False,100,1006,Sitta pusilla,Brown-headed Nuthatch,bnhnut,nodata_as_absence,both_classes,0.9161456643044948,0.0561456643044948,0.9999958276748656,0.01,96,1,579752,574850,4902,0.0084553395244863,222363,357389,16941,0.556362441427611,0.0041219776608077,505932,204099,301833,55556,18264,579752,0.4034119209696165,0.917864033135009,0.1554496640915081,0.5604844190884188,0.4478725386027128,0.5366568486132586,0.3893562713183618,0.1069433734736314,0.0590809186779484,True,True,True,0.3835484827995418,0.8726696932481475,0.5642824854539649,0.9161456643044948,0.5642824854539649,0.0,0.5544416947694533,0.0060427243189655,False,False,-0.12201229856344264,-0.17389127854509007,0.0832962318371312,-0.46435396724577427,-0.2543035642826589,-0.19052886770432154,-0.1286665122267936,-0.33757846084387716,0.8761313193838941,0.31819985097075987,True
101,1007,2487413,Vireo griseus,Vireo griseus,White-eyed Vireo,whevir,nodata_as_absence,both_classes,0.0003773916396312,0.0003773916396312,0.8674325942993164,0.01,88,1,579752,574850,4902,0.0084553395244863,544385,35367,16941,0.0035018435097639,0.9650357711560772,579751,544384,35367,0,1,579752,0.9389962242410966,0.9999981630647428,0.0,0.9685376146658412,0.9389946045895486,0.4999990815323714,0.9389946045895486,-0.000334753620615,-3.4496652888517404e-06,True,True,True,0.9389963294650128,0.999998275124536,0.9727795974747014,0.0003773916396312,0.9727795974747014,0.0,0.9685385322251648,-9.175593236321332e-07,True,True,101,1007,Vireo griseus,White-eyed Vireo,whevir,nodata_as_absence,both_classes,0.0725036326050758,0.0425036326050758,0.9936174750328064,0.01,97,1,579752,574850,4902,0.0084553395244863,544385,35367,16941,0.8963246599938496,0.0722305001484991,579615,544328,35287,80,57,579752,0.9391199330590132,0.9998952946903388,0.0022619956456583,0.9685551601423488,0.9390360016006843,0.5010786451679985,0.9390275880152914,0.0335916001851253,0.0040376431811157,True,True,True,0.9389963294650128,0.9997636920614332,0.97279773531898,0.0725036326050758,0.97279773531898,0.0,0.9685385322251648,1.6627917184042218e-05,False,True,1.754547650756333e-05,0.00012370881791656796,-0.000102868374403986,0.0022619956456583,4.1397011135702044e-05,0.001079563635627112,3.298342574276081e-05,0.0339263538057403,0.0721262409654446,-0.00023458306310275567,True
102,1008,2487430,Vireo olivaceus,Vireo olivaceus,Red-eyed Vireo,reevir1,nodata_as_absence,both_classes,0.0001877380273072,0.0001877380273072,0.7099483609199524,0.01,72,1,579752,574850,4902,0.0084553395244863,430711,149041,16941,8.357884619402829e-05,0.8524175542988426,579751,430710,149041,0,1,579752,0.7429223925443854,0.9999976782575788,0.0,0.8525011331450366,0.7429211110957789,0.4999988391287894,0.7429211110957789,-0.0007725723181578,-3.449739682763775e-06,True,True,True,0.7429228359712429,0.999998275124536,0.856656987151438,0.0001877380273072,0.856656987151438,0.0,0.8525022687619438,-1.1356169071774502e-06,True,True,102,1008,Vireo olivaceus,Red-eyed Vireo,reevir1,nodata_as_absence,both_classes,0.00121063250117,0.00121063250117,0.983136773109436,0.01,100,1,579752,574850,4902,0.0084553395244863,430711,149041,16941,0.1160166397680098,0.7364844933770267,579751,430710,149041,0,1,579752,0.7429223925443854,0.9999976782575788,0.0,0.8525011331450366,0.7429211110957789,0.4999988391287894,0.7429211110957789,-0.0007725723181578,-3.449739682763775e-06,True,True,True,0.7429228359712429,0.999998275124536,0.856656987151438,0.00121063250117,0.856656987151438,0.0,0.8525022687619438,-1.1356169071774502e-06,True,True,0.0,0.0,0.0,0.0,0.0,0.0,0.0,0.0,0.0010228944738628,0.0,True
103,1009,2487453,Vireo flavifrons,Vireo flavifrons,Yellow-throated Vireo,yetvir,nodata_as_absence,both_classes,0.0003410605131648,0.0003410605131648,0.6069852709770203,0.01,62,1,579752,574850,4902,0.0084553395244863,331617,248135,16941,1.2061998673180148e-05,0.7277203139460604,579751,331616,248135,0,1,579752,0.5719972884910935,0.9999969844730516,0.0,0.7277323759447336,0.5719963018670052,0.4999984922365258,0.5719963018670052,-0.0011360694127041,-3.4497489260709145e-06,True,True,True,0.5719980267424692,0.999998275124536,0.731667817656702,0.0003410605131648,0.731667817656702,0.0,0.7277337719408933,-1.3959961596698989e-06,True,True,103,1009,Vireo flavifrons,Yellow-throated Vireo,yetvir,nodata_as_absence,both_classes,0.0810379544692114,0.0010379544692113,0.8784656524658203,0.01,89,1,579752,574850,4902,0.0084553395244863,331617,248135,16941,0.078264108880155,0.728976724295943,367971,282368,85603,162532,49249,579752,0.7673648195102332,0.851488313325312,0.6550144074797993,0.807240833176098,0.7673970939298183,0.7532513604025557,0.6767844302765926,0.5204678350396843,0.5160187490166859,True,True,True,0.5719980267424692,0.6347041493604162,0.8079360673890464,0.0710379544692114,0.8083091534778654,-0.0099999999999999,0.7277337719408933,0.0795070612352046,False,False,0.07950845723136435,0.19536753101913962,-0.14850867114773958,0.6550144074797993,0.19540079206281302,0.2532528681660299,0.1047881284095874,0.5216039044523884,0.0806968939560466,-0.3652941257641198,True
104,1010,2487456,Vireo solitarius,Vireo solitarius,Blue-headed Vireo,buhvir,nodata_as_absence,both_classes,0.0004295173566788,0.0004295173566788,0.6658995747566223,0.01,68,1,579752,574850,4902,0.0084553395244863,480232,99520,16941,6.24672047175233e-05,0.9060482911753698,579751,480231,99520,0,1,579752,0.8283400977316123,0.9999979176731246,0.0,0.9061107583800871,0.8283386689481019,0.4999989588365623,0.8283386689481019,-0.0005978729195341,-3.44972816515671e-06,True,True,True,0.828340393823566,0.999998275124536,0.9103206294113912,0.0004295173566788,0.9103206294113912,0.0,0.906111790366647,-1.0319865597629985e-06,True,True,104,1010,Vireo solitarius,Blue-headed Vireo,buhvir,nodata_as_absence,both_classes,0.0053415480069816,0.0053415480069816,0.954453468322754,0.01,96,1,579752,574850,4902,0.0084553395244863,480232,99520,16941,0.0955526677486083,0.810558090631479,579751,480231,99520,0,1,579752,0.8283400977316123,0.9999979176731246,0.0,0.9061107583800871,0.8283386689481019,0.4999989588365623,0.8283386689481019,-0.0005978729195341,-3.44972816515671e-06,True,True,True,0.828340393823566,0.999998275124536,0.9103206294113912,0.0053415480069816,0.9103206294113912,0.0,0.906111790366647,-1.0319865597629985e-06,True,True,0.0,0.0,0.0,0.0,0.0,0.0,0.0,0.0,0.0049120306503028,0.0,True
105,1011,2487463,Vireo altiloquus,Vireo altiloquus,Black-whiskered Vireo,bkwvir,nodata_as_absence,both_classes,0.0300139868743644,1.3986874364491086e-05,0.8408777117729187,0.01,86,1,579752,574850,4902,0.0084553395244863,3806,575946,16941,0.0078104660244727,0.1361428170610164,10921,1060,9861,566085,2746,579752,0.0970607087263071,0.2785076195480819,0.9828786032023836,0.1439532830854892,0.9782544950254592,0.6306931113752328,0.0775590839247823,0.1552691359733628,0.1355363988088891,True,True,True,0.0065648760159516,0.0188373649422511,0.1439728353140917,0.0300139868743644,0.1439728353140917,0.0,0.0130441190078792,0.13090916407761,False,False,105,1011,Vireo altiloquus,Black-whiskered Vireo,bkwvir,nodata_as_absence,both_classes,0.2300027487672014,2.7487672014103737e-06,0.7771593928337097,0.01,79,1,579752,574850,4902,0.0084553395244863,3806,575946,16941,0.0306778822365165,0.1093436927365147,5464,649,4815,571131,3157,579752,0.1187774524158126,0.1705202312138728,0.9916398412351158,0.1400215749730312,0.9862492928010598,0.5810800362244943,0.0752812898735645,0.1355342287400819,0.1333142533000355,True,True,True,0.0065648760159516,0.0094247195352495,0.1400215749730312,0.2300027487672014,0.1400215749730312,0.0,0.0130441190078792,0.126977455965152,False,False,-0.003931708112457993,0.021716743689505505,-0.1079873883342091,0.00876123803273221,0.007994797775600526,-0.04961307515073843,-0.0022777940512177935,-0.01973490723328092,0.19998876189283699,-0.009412645407001598,True
106,1012,2487596,Polioptila caerulea,Polioptila caerulea,Blue-gray Gnatcatcher,buggna,nodata_as_absence,both_classes,0.0004756802809424,0.0004756802809424,0.924160897731781,0.01,94,1,579752,574850,4902,0.0084553395244863,567084,12668,16941,0.0118798276040361,0.9770732475985868,579751,567083,12668,0,1,579752,0.9781492399323156,0.9999982365928152,0.0,0.9889530752026228,0.9781475527466916,0.4999991182964076,0.9781475527466916,-0.0001962951535246,-3.4494905243572706e-06,True,True,True,0.9781492776221556,0.999998275124536,0.9931983750360136,0.0004756802809424,0.9931983750360136,0.0,0.9889539567994028,-8.8159678002242e-07,True,True,106,1012,Polioptila caerulea,Blue-gray Gnatcatcher,buggna,nodata_as_absence,both_classes,0.99791157245636,0.99791157245636,1.0,0.01,2,1,579752,574850,4902,0.0084553395244863,567084,12668,16941,0.9889539567994028,-8.8159678002242e-07,579751,567083,12668,0,1,579752,0.9781492399323156,0.9999982365928152,0.0,0.9889530752026228,0.9781475527466916,0.4999991182964076,0.9781475527466916,-0.0001962951535246,-3.4494905243572706e-06,True,True,True,0.9781492776221556,0.999998275124536,0.9931983750360136,0.99791157245636,0.9931983750360136,0.0,0.9889539567994028,-8.8159678002242e-07,True,True,0.0,0.0,0.0,0.0,0.0,0.0,0.0,0.0,0.9974358921754176,0.0,True
107,1013,2487844,Poecile carolinensis,Poecile carolinensis,Carolina Chickadee,carchi,nodata_as_absence,both_classes,0.0200050906733122,5.0906733122246806e-06,0.6303016543388367,0.01,65,1,579752,574850,4902,0.0084553395244863,294570,285182,16941,0.0008144123844976,0.8430321095281126,334497,265418,69079,216103,29152,579752,0.7934839475391409,0.9010354075431986,0.7577722296638638,0.8438465219126102,0.830563758296651,0.8294038186035312,0.7298741368737436,0.6666668940696346,0.6602807220380128,True,True,True,0.5080965654279761,0.5769656680787647,0.8438505462083349,0.0200050906733122,0.8438505462083349,0.0,0.6738249752379558,0.1700215466746544,False,False,107,1013,Poecile carolinensis,Carolina Chickadee,carchi,nodata_as_absence,both_classes,0.2600452682506875,4.52682506875135e-05,0.9948405623435974,0.01,101,1,579752,574850,4902,0.0084553395244863,294570,285182,16941,0.745768648023085,0.132493087428022,338107,277828,60279,224903,16742,579752,0.8217162022673296,0.9431646128254744,0.7886297171630748,0.878261735451107,0.8671483668879106,0.8658971649942746,0.7829471127155494,0.7420417910145545,0.733578917302358,True,True,True,0.5080965654279761,0.583192468503774,0.8790050336791417,0.2600452682506875,0.8790050336791417,0.0,0.6738249752379558,0.2044367602131511,False,False,0.03441521353849675,0.028232254728188688,0.04212920528227582,0.030857487499211023,0.03658460859125967,0.03649334639074342,0.053072975841805814,0.07537489694491983,0.24004017757737534,0.006226800425009338,True
108,1014,2487887,Baeolophus bicolor,Baeolophus bicolor,Tufted Titmouse,tuftit,nodata_as_absence,both_classes,0.010027800188036,2.780018803605344e-05,0.7556573748588562,0.01,77,1,579752,574712,5040,0.0086933723385171,381213,198539,16941,0.0093249099357802,0.8320998221234858,477559,361296,116263,82276,19917,579752,0.7565473585462739,0.9477536180560474,0.4144072449241711,0.841424732059266,0.7651064593136375,0.6810804314901092,0.72625815114699,0.4510079436741754,0.4098093061693939,True,True,True,0.6575449502545916,0.8237298017083167,0.8416962242063145,0.010027800188036,0.8416962242063145,0.0,0.7933962215065065,0.0480285105527595,False,False,108,1014,Baeolophus bicolor,Tufted Titmouse,tuftit,nodata_as_absence,both_classes,0.1446292988210916,0.0146292988210916,0.9999877214431764,0.01,100,1,579752,574712,5040,0.0086933723385171,381213,198539,16941,0.7405836815310405,0.0549739254309376,569896,378331,191565,6974,2882,579752,0.6638597217737974,0.9924399220383356,0.0351265998116239,0.7955576069619781,0.6646031406532449,0.5137832609249797,0.6605194333581248,0.101190697107323,0.0356941306569245,True,True,True,0.6575449502545916,0.9829996274268996,0.7997949411777141,0.1446292988210916,0.7997949411777141,0.0,0.7933962215065065,0.0021613854554716,False,False,-0.045867125097287964,-0.09268763677247649,0.044686303982288234,-0.37928064511254717,-0.10050331866039264,-0.1672971705651295,-0.0657387177888652,-0.3498172465668524,0.1346014986330556,0.15926982571858295,True
109,1015,2488485,Piranga rubra,Piranga rubra,Summer Tanager,sumtan,nodata_as_absence,both_classes,0.0104411689878907,0.0004411689878907,0.6157878041267395,0.01,63,1,579752,574850,4902,0.0084553395244863,334959,244793,16941,5.970559172719321e-05,0.743996628339528,490121,306953,183168,61625,28006,579752,0.6262800410510874,0.9163897671058248,0.2517433096534623,0.7440563339312551,0.6357511487670591,0.5840665383796436,0.5924281112545766,0.2297035499805294,0.1838145719054167,True,True,True,0.5777625605431288,0.8453976872869778,0.745446796212939,0.0104411689878907,0.745446796212939,0.0,0.7323821403700185,0.0116741935612366,False,False,109,1015,Piranga rubra,Summer Tanager,sumtan,nodata_as_absence,both_classes,0.0807807362708263,0.0007807362708263,0.9252813458442688,0.01,94,1,579752,574850,4902,0.0084553395244863,334959,244793,16941,0.2987772674367671,0.5255743478349957,374612,292468,82144,162649,42491,579752,0.7807224541659104,0.8731456685743628,0.6644348490357159,0.8243516152717628,0.7850201465454194,0.7687902588050394,0.7011889149682452,0.5552938019613834,0.5495621227848747,True,True,True,0.5777625605431288,0.6461590473167838,0.8244085454714583,0.0807807362708263,0.8244085454714583,0.0,0.7323821403700185,0.0919694749017443,False,False,0.08029528134050767,0.15444241311482299,-0.04324409853146194,0.4126915393822536,0.14926899777836034,0.18472372042539575,0.10876080371366859,0.32559025198085406,0.0703395672829356,-0.1992386399701941,True
110,1016,2488517,Piranga olivacea,Piranga olivacea,Scarlet Tanager,scatan,nodata_as_absence,both_classes,0.000429730687756,0.000429730687756,0.5736612677574158,0.01,59,1,579752,574850,4902,0.0084553395244863,162793,416959,16941,2.457062827096489e-05,0.4384491090459301,579751,162793,416958,1,0,579752,0.2807981357513829,1.0,2.3983173405538674e-06,0.4384736796742011,0.2807993762850322,0.5000011991586703,0.2807981357513829,0.0008206357524308,1.3468851692984902e-06,True,True,True,0.2807976514095682,0.999998275124536,0.44138755656538,0.000429730687756,0.44138755656538,0.0,0.4384730891730467,5.90501154418277e-07,True,True,110,1016,Piranga olivacea,Scarlet Tanager,scatan,nodata_as_absence,both_classes,6.579623732250184e-05,6.579623732250184e-05,0.7250967025756836,0.01,74,1,579752,574850,4902,0.0084553395244863,162793,416959,16941,0.0005647948628223,0.4379088848113787,579751,162793,416958,1,0,579752,0.2807981357513829,1.0,2.3983173405538674e-06,0.4384736796742011,0.2807993762850322,0.5000011991586703,0.2807981357513829,0.0008206357524308,1.3468851692984902e-06,True,True,True,0.2807976514095682,0.999998275124536,0.44138755656538,6.579623732250184e-05,0.44138755656538,0.0,0.4384730891730467,5.90501154418277e-07,True,True,0.0,0.0,0.0,0.0,0.0,0.0,0.0,0.0,-0.0003639344504334982,0.0,True
111,1017,2489005,Acridotheres tristis,Acridotheres tristis,Common Myna,commyn,nodata_as_absence,both_classes,0.0500159009541675,1.5900954167591408e-05,0.4230778813362121,0.01,44,1,579752,574850,4902,0.0084553395244863,3758,575994,16941,0.0,0.3514018691588785,4802,1504,3298,572696,2254,579752,0.3132028321532695,0.4002128791910591,0.994274245912284,0.3514018691588785,0.9904234914239192,0.6972435625516715,0.2131519274376417,0.3492963796256901,0.3466502829373115,True,True,True,0.00648208199368,0.0082828519780871,0.3514018691588785,0.0500159009541675,0.3514018691588785,0.0,0.0128806704255282,0.3385211987333502,False,False,111,1017,Acridotheres tristis,Common Myna,commyn,nodata_as_absence,both_classes,0.3700083775676103,8.377567610295955e-06,0.9311946034431458,0.01,95,1,579752,574850,4902,0.0084553395244863,3758,575994,16941,0.332466030644695,0.0651662159023312,6885,2116,4769,571225,1642,579752,0.3073347857661583,0.5630654603512507,0.9917203998652764,0.3976322465470262,0.9889418234003504,0.7773929301082636,0.2481529259997654,0.4109924807008911,0.3925377213656041,True,True,True,0.00648208199368,0.0118757675695814,0.3976322465470262,0.3700083775676103,0.3976322465470262,0.0,0.0128806704255282,0.3847515761214979,False,False,0.046230377388147725,-0.005868046387111192,0.16285258116019163,-0.0025538460470075908,-0.0014816680235687496,0.08014936755659208,0.035000998562123714,0.061696101075201015,0.31999247661344277,0.0035929155914943,True
112,1018,2489129,Progne subis,Progne subis,Purple Martin,purmar,nodata_as_absence,both_classes,0.0007387003279291,0.0007387003279291,0.4693627953529358,0.01,48,1,579752,574850,4902,0.0084553395244863,478761,100991,16941,0.0,0.904590595099536,579751,478760,100991,0,1,579752,0.8258028015475609,0.9999979112751456,0.0,0.904590595099536,0.8258013771405704,0.4999989556375728,0.8258013771405704,-0.0006031998159549,-3.449728669946288e-06,True,True,True,0.8258031020160345,0.999998275124536,0.9087992710775334,0.0007387003279291,0.9087992710775334,0.0,0.9045916299563632,-1.0348568273421677e-06,True,True,112,1018,Progne subis,Purple Martin,purmar,nodata_as_absence,both_classes,0.0068845809437334,0.0068845809437334,0.95181143283844,0.01,96,1,579752,574850,4902,0.0084553395244863,478761,100991,16941,0.4015305512375942,0.5030600438619418,579751,478760,100991,0,1,579752,0.8258028015475609,0.9999979112751456,0.0,0.904590595099536,0.8258013771405704,0.4999989556375728,0.8258013771405704,-0.0006031998159549,-3.449728669946288e-06,True,True,True,0.8258031020160345,0.999998275124536,0.9087992710775334,0.0068845809437334,0.9087992710775334,0.0,0.9045916299563632,-1.0348568273421677e-06,True,True,0.0,0.0,0.0,0.0,0.0,0.0,0.0,0.0,0.0061458806158043,0.0,True
113,1019,2489166,Petrochelidon fulva,Petrochelidon fulva,Cave Swallow,cavswa,nodata_as_absence,both_classes,0.030116130177048,0.000116130177048,0.2405704259872436,0.01,26,1,579752,574850,4902,0.0084553395244863,31835,547917,16941,0.0,0.3473707043475566,32707,11210,21497,526420,20625,579752,0.3427400862200752,0.3521281608292759,0.9607659554275556,0.3473707043475566,0.92734479570575,0.6564470581284158,0.2101927548188704,0.3089408445622276,0.308909225225722,True,True,True,0.0549114103961694,0.0564155018007699,0.3487811328386304,0.020116130177048,0.352864670927234,-0.0099999999999999,0.1041062023882129,0.2432645019593436,False,False,113,1019,Petrochelidon fulva,Cave Swallow,cavswa,nodata_as_absence,both_classes,0.1500053595558711,5.359555871109478e-06,0.8111193776130676,0.01,83,1,579752,574850,4902,0.0084553395244863,31835,547917,16941,0.0423396965247185,0.3768865267831374,31620,13301,18319,529598,18534,579752,0.420651486401012,0.4178105858332024,0.9665661039902028,0.4192262233078559,0.9364331645255212,0.6921883449117027,0.2652031742233919,0.3856056119981693,0.3856031348958106,True,True,True,0.0549114103961694,0.0545405621714112,0.421959266544001,0.1400053595558711,0.4226563792507031,-0.0099999999999999,0.1041062023882129,0.315120020919643,False,False,0.07185551896029929,0.07791140018093684,0.06568242500392651,0.005800148562647212,0.009088368819771153,0.03574128678328692,0.055010419404521504,0.0766647674359417,0.1198892293788231,-0.0018749396293587031,True
114,1020,2489181,Tachycineta bicolor,Tachycineta bicolor,Tree Swallow,treswa,nodata_as_absence,both_classes,0.001135696307756,0.001135696307756,0.4685584008693695,0.01,48,1,579752,574850,4902,0.0084553395244863,434425,145327,16941,0.0,0.8567053450288707,579751,434425,145326,1,0,579752,0.7493303159459838,1.0,6.881033806519091e-06,0.8567053450288707,0.7493307483199713,0.5000034405169033,0.7493303159459838,0.0022707195415272,1.0312281300437886e-05,True,True,True,0.7493290234445074,0.999998275124536,0.8608663256954999,0.001135696307756,0.8608663256954999,0.0,0.8567045002992574,8.447296133695659e-07,True,True,114,1020,Tachycineta bicolor,Tree Swallow,treswa,nodata_as_absence,both_classes,0.0046114875003695,0.0046114875003695,0.987837255001068,0.01,100,1,579752,574850,4902,0.0084553395244863,434425,145327,16941,0.5484668935038524,0.3082364794807184,579751,434424,145327,0,1,579752,0.7493285910675446,0.9999976981066928,0.0,0.8567033729845708,0.7493272985690433,0.4999988490533463,0.7493272985690433,-0.0007596175607102,-3.449739090962671e-06,True,True,True,0.7493290234445074,0.999998275124536,0.8608643440730663,0.0046114875003695,0.8608643440730663,0.0,0.8567045002992574,-1.1273146865997674e-06,True,True,-1.9720442999693333e-06,-1.7248784391910021e-06,-2.3018933071883296e-06,-6.881033806519091e-06,-3.449750927919659e-06,-4.591463556968822e-06,-3.017376940417371e-06,-0.0030303371022374,0.0034757911926135004,0.0,True
115,1021,2489202,Stelgidopteryx serripennis,Stelgidopteryx serripennis,Northern Rough-winged Swallow,nrwswa,nodata_as_absence,both_classes,0.0004376307188067,0.0004376307188067,0.4218471646308899,0.01,44,1,579752,574850,4902,0.0084553395244863,298884,280868,16941,0.0,0.6803348375605343,579751,298883,280868,0,1,579752,0.515536842541022,0.9999966542203664,0.0,0.6803348375605343,0.5155359533041715,0.4999983271101832,0.5155359533041715,-0.0012731484459564,-3.449750546255301e-06,True,True,True,0.5155376781796355,0.999998275124536,0.6841517946558044,0.0004376307188067,0.6841517946558044,0.0,0.6803363395080557,-1.5019475214650413e-06,True,True,115,1021,Stelgidopteryx serripennis,Northern Rough-winged Swallow,nrwswa,nodata_as_absence,both_classes,0.0103489883965812,0.0003489883965812,0.930613934993744,0.01,95,1,579752,574850,4902,0.0084553395244863,298884,280868,16941,0.0512893685466715,0.6303488228143114,567071,295134,271937,8931,3750,579752,0.5204533471117373,0.9874533263741117,0.0317978552202458,0.6816381913609829,0.5244742579585754,0.5096255907971787,0.5170342366521203,0.0657755343129822,0.0198216085855602,True,True,True,0.5155376781796355,0.9781268542411238,0.6855187775897651,0.0103489883965812,0.6855187775897651,0.0,0.6803363395080557,0.0013018518529271,False,False,0.001303353800448659,0.004916504570715352,-0.012543327846254781,0.0317978552202458,0.008938304654403928,0.009627263686995513,0.001498283347948881,0.0670486827589386,0.0099113576777745,-0.021871420883412207,True
116,1022,2489590,Seiurus aurocapilla,Seiurus aurocapilla,Ovenbird,ovenbi1,nodata_as_absence,both_classes,0.0001154889832832,0.0001154889832832,0.8725669980049133,0.01,89,1,579752,574850,4902,0.0084553395244863,350540,229212,16941,0.0011232527575285,0.7524904014646451,579751,350540,229211,1,0,579752,0.604638888074363,1.0,4.362773327748983e-06,0.7536136542221735,0.6046395700230444,0.5000021813866639,0.604638888074363,0.001624162065131,5.275790910658576e-06,True,True,True,0.6046378451475803,0.999998275124536,0.7576057204051485,0.0001154889832832,0.7576057204051485,0.0,0.7536128441392596,8.100829139712218e-07,True,True,116,1022,Seiurus aurocapilla,Ovenbird,ovenbi1,nodata_as_absence,both_classes,0.0103511463000904,0.0003511463000904,0.8755694627761841,0.01,89,1,579752,574850,4902,0.0084553395244863,350540,229212,16941,0.0161995531547837,0.7549359544039519,500859,328272,172587,56625,22268,579752,0.6554179918899331,0.9364751526216696,0.2470420396837861,0.7711355075587357,0.6638993914639363,0.5917585961527279,0.6275187478375231,0.2616900716810246,0.2070116103313098,True,True,True,0.6046378451475803,0.8639194000193186,0.7755406272185296,0.0103511463000904,0.7755406272185296,0.0,0.7536128441392596,0.0175226634194761,False,False,0.0175218533365622,0.05077910381557016,-0.06352484737833042,0.24703767691045836,0.059259821440891924,0.091756414766064,0.022879859763160204,0.2600659096158936,0.0102356573168072,-0.13607887510521743,True
117,1023,2489603,Helmitheros vermivorum,Helmitheros vermivorum,Worm-eating Warbler,woewar1,nodata_as_absence,both_classes,0.0101152891418314,0.0001152891418314,0.6950666904449463,0.01,71,1,579752,574850,4902,0.0084553395244863,109605,470147,16941,0.0001277209115623,0.3417698054998156,281325,66829,214496,255651,42776,579752,0.2375508753221363,0.6097258336754711,0.5437682256826056,0.341897526411378,0.5562378396279789,0.5767470296790383,0.2061980678862453,0.1202542320513568,0.0958897562695708,True,True,True,0.1890549752307883,0.4852505899074086,0.3440838623643956,0.0101152891418314,0.3440838623643956,0.0,0.3179919838342107,0.0239055425771672,False,False,117,1023,Helmitheros vermivorum,Worm-eating Warbler,woewar1,nodata_as_absence,both_classes,0.010039746017137,3.974601713707671e-05,0.7591683268547058,0.01,77,1,579752,574850,4902,0.0084553395244863,109605,470147,16941,0.0020584940203481,0.3662094854356717,322249,79519,242730,227417,30086,579752,0.2467625966255907,0.7255052233018566,0.4837146679655512,0.3682679794560198,0.529426375415695,0.604609945633704,0.2256914584131579,0.164872435790252,0.1199723652202636,True,True,True,0.1890549752307883,0.5558393933957968,0.3723034929642089,0.010039746017137,0.3723034929642089,0.0,0.3179919838342107,0.0502759956218091,False,False,0.026370453044641806,0.009211721303454379,0.11577938962638556,-0.06005355771705445,-0.026811464212283864,0.027862915954665612,0.019493390526912596,0.04461820373889519,-7.554312469439974e-05,0.0705888034883882,True
118,1024,2489613,Mniotilta varia,Mniotilta varia,Black-and-white Warbler,bawwar,nodata_as_absence,both_classes,0.0001842378405854,0.0001842378405854,0.9279350638389589,0.01,94,1,579752,574850,4902,0.0084553395244863,467986,111766,16941,0.0024152991706477,0.89091002960938,579751,467985,111766,0,1,579752,0.8072172363652672,0.9999978631839412,0.0,0.8933253287800278,0.8072158440160621,0.4999989315919707,0.8072158440160621,-0.0006418265382141,-3.4497319631658327e-06,True,True,True,0.8072175688915261,0.999998275124536,0.8975245364798842,0.0001842378405854,0.8975245364798842,0.0,0.8933263850313723,-1.0562513445000477e-06,True,True,118,1024,Mniotilta varia,Black-and-white Warbler,bawwar,nodata_as_absence,both_classes,0.0047982954420149,0.0047982954420149,0.9262024760246276,0.01,94,1,579752,574850,4902,0.0084553395244863,467986,111766,16941,0.0797230015532049,0.8136023272268229,579751,467985,111766,0,1,579752,0.8072172363652672,0.9999978631839412,0.0,0.8933253287800278,0.8072158440160621,0.4999989315919707,0.8072158440160621,-0.0006418265382141,-3.4497319631658327e-06,True,True,True,0.8072175688915261,0.999998275124536,0.8975245364798842,0.0047982954420149,0.8975245364798842,0.0,0.8933263850313723,-1.0562513445000477e-06,True,True,0.0,0.0,0.0,0.0,0.0,0.0,0.0,0.0,0.0046140576014294995,0.0,True
119,1025,2489636,Limnothlypis swainsonii,Limnothlypis swainsonii,Swainson's Warbler,swawar,nodata_as_absence,both_classes,0.0002399139193585,0.0002399139193585,0.496470034122467,0.01,51,1,579752,574850,4902,0.0084553395244863,118407,461345,16941,0.0,0.3391954256772822,579751,118406,461345,0,1,579752,0.2042359564709677,0.9999915545533624,0.0,0.3391954256772822,0.2042356041893775,0.4999957772766812,0.2042356041893775,-0.002592408680286,-3.4497553511848005e-06,True,True,True,0.2042373290648415,0.999998275124536,0.3415938700855095,0.0002399139193585,0.3415938700855095,0.0,0.3391978045115797,-2.3788342974895293e-06,True,True,119,1025,Limnothlypis swainsonii,Swainson's Warbler,swawar,nodata_as_absence,both_classes,0.0100059447447711,5.944744771113619e-06,0.784625768661499,0.01,80,1,579752,574850,4902,0.0084553395244863,118407,461345,16941,0.0007934565160506,0.4847155925541652,203173,78065,125108,336237,40342,579752,0.3842292036835603,0.6592937917521768,0.7288189966294205,0.4855090490702158,0.7146193544826064,0.6940563941907987,0.3205757345543396,0.3279431058709173,0.3065480174730206,True,True,True,0.2042373290648415,0.350448122645545,0.4855181078072232,0.0100059447447711,0.4855181078072232,0.0,0.3391978045115797,0.1463112445586361,False,False,0.14631362339293358,0.17999324721259258,-0.3406977628011856,0.7288189966294205,0.5103837502932289,0.19406061691411747,0.11634013036496207,0.3305355145512033,0.0097660308254126,-0.6495501524789911,True
120,1026,2489670,Geothlypis trichas,Geothlypis trichas,Common Yellowthroat,comyel,nodata_as_absence,both_classes,0.000375761417672,0.000375761417672,0.8314852714538574,0.01,85,1,579752,574850,4902,0.0084553395244863,568937,10815,16941,0.0016753419172655,0.9889086983094976,579751,568936,10815,0,1,579752,0.9813454396801384,0.9999982423361462,0.0,0.990584040226763,0.981343746981468,0.4999991211680731,0.981343746981468,-0.0001810758028647,-3.4494438776250186e-06,True,True,True,0.981345471856932,0.999998275124536,0.9948294523625923,0.000375761417672,0.9948294523625923,0.0,0.990584918981552,-8.787547889355096e-07,True,True,120,1026,Geothlypis trichas,Common Yellowthroat,comyel,nodata_as_absence,both_classes,0.0070281201042234,0.0070281201042234,0.9048625826835632,0.01,91,1,579752,574850,4902,0.0084553395244863,568937,10815,16941,0.1067792550005988,0.8838047852261641,579751,568936,10815,0,1,579752,0.9813454396801384,0.9999982423361462,0.0,0.990584040226763,0.981343746981468,0.4999991211680731,0.981343746981468,-0.0001810758028647,-3.4494438776250186e-06,True,True,True,0.981345471856932,0.999998275124536,0.9948294523625923,0.0070281201042234,0.9948294523625923,0.0,0.990584918981552,-8.787547889355096e-07,True,True,0.0,0.0,0.0,0.0,0.0,0.0,0.0,0.0,0.0066523586865514005,0.0,True
121,1027,2489871,Protonotaria citrea,Protonotaria citrea,Prothonotary Warbler,prowar,nodata_as_absence,both_classes,0.01062983087264,0.00062983087264,0.4105060696601867,0.01,42,1,579752,574850,4902,0.0084553395244863,271185,308567,16941,0.0,0.6414947304062825,526979,256009,270970,37597,15176,579752,0.485804937198636,0.944038202702952,0.1218438783149202,0.6414947304062825,0.5064337854806883,0.5329410405089361,0.4722062878697051,0.1142805530904985,0.0623213078591926,True,True,True,0.4677603527025348,0.9089731471387764,0.6453962303630605,0.01062983087264,0.6453962303630605,0.0,0.6373797355150851,0.0041149948911973,False,False,121,1027,Protonotaria citrea,Prothonotary Warbler,prowar,nodata_as_absence,both_classes,0.010029769482353,2.9769482353003696e-05,0.9121693968772888,0.01,93,1,579752,574850,4902,0.0084553395244863,271185,308567,16941,0.0315359074366744,0.6380522459442404,427546,233931,193615,114952,37254,579752,0.5471481431237808,0.8626251451960839,0.3725349761964176,0.6695881533809148,0.6017797265037464,0.6175800606962507,0.5032938898450947,0.2666637219591716,0.2272241459625045,True,True,True,0.4677603527025348,0.7374636051277098,0.6742557220555301,0.010029769482353,0.6742557220555301,0.0,0.6373797355150851,0.0322084178658297,False,False,0.028093422974632354,0.061343205925144806,-0.08141305750686811,0.2506910978814974,0.09534594102305816,0.08463902018731462,0.031087601975389623,0.1523831688686731,-0.0006000613902869996,-0.1715095420110666,True
122,1028,2489985,Setophaga ruticilla,Setophaga ruticilla,American Redstart,amered,nodata_as_absence,both_classes,0.0001910676510306,0.0001910676510306,0.8478807806968689,0.01,86,1,579752,574850,4902,0.0084553395244863,488861,90891,16941,0.001083532151261,0.9138622105504866,579751,488861,90890,1,0,579752,0.8432257986618393,1.0,1.1002189435697705e-05,0.9149457427017476,0.8432260690778126,0.5000055010947179,0.8432257986618393,0.0030458709713224,1.855448781190102e-05,True,True,True,0.8432243442023486,0.999998275124536,0.9191621776612048,0.0001910676510306,0.9191621776612048,0.0,0.91494488650241,8.561993375399979e-07,True,True,122,1028,Setophaga ruticilla,American Redstart,amered,nodata_as_absence,both_classes,0.0007595000206492,0.0007595000206492,0.9230241179466248,0.01,94,1,579752,574850,4902,0.0084553395244863,488861,90891,16941,0.026862593555964,0.8880812775590898,579751,488860,90891,0,1,579752,0.8432240737834001,0.999997954428764,0.0,0.914943871115054,0.8432226193268846,0.499998977214382,0.8432226193268846,-0.0005663005608025,-3.449724874335306e-06,True,True,True,0.8432243442023486,0.999998275124536,0.9191602974494928,0.0007595000206492,0.9191602974494928,0.0,0.91494488650241,-1.0153873561957738e-06,True,True,-1.871586693513727e-06,-1.7248784391910021e-06,-2.0455712359535028e-06,-1.1002189435697705e-05,-3.4497509280306815e-06,-6.523880335840282e-06,-3.1793349547504235e-06,-0.0036121715321249,0.0005684323696186,0.0,True
123,1029,2490327,Passerina cyanea,Passerina cyanea,Indigo Bunting,indbun,nodata_as_absence,both_classes,0.0005910000181756,0.0005910000181756,0.4694555401802063,0.01,48,1,579752,574850,4902,0.0084553395244863,536644,43108,16941,0.0,0.9613873225874354,579751,536644,43107,1,0,579752,0.9256456651217504,1.0,2.319755033868424e-05,0.9613873225874354,0.9256457933737184,0.5000115987751693,0.9256456651217504,0.0046338657633175,4.294450169080271e-05,True,True,True,0.9256440684982544,0.999998275124536,0.9656273138922152,0.0005910000181756,0.9656273138922152,0.0,0.9613864614348314,8.611526040036566e-07,True,True,123,1029,Passerina cyanea,Indigo Bunting,indbun,nodata_as_absence,both_classes,0.002833150094375,0.002833150094375,0.9079508185386658,0.01,92,1,579752,574850,4902,0.0084553395244863,536644,43108,16941,0.0147885722315803,0.9465969588752412,579751,536643,43108,0,1,579752,0.9256439402433112,0.9999981365672588,0.0,0.9613855311068216,0.9256423436227904,0.4999990682836294,0.9256423436227904,-0.00037223314772,-3.4496828041577684e-06,True,True,True,0.9256440684982544,0.999998275124536,0.9656255145106628,0.002833150094375,0.9656255145106628,0.0,0.9613864614348314,-9.30328009962622e-07,True,True,-1.7914806138552564e-06,-1.7248784391910021e-06,-1.8634327412225815e-06,-2.319755033868424e-05,-3.4497509280306815e-06,-1.2530491539930466e-05,-3.321498959985014e-06,-0.0050060989110375,0.0022421500761994,0.0,True
124,1030,2490384,Cardinalis cardinalis,Cardinalis cardinalis,Northern Cardinal,norcar,nodata_as_absence,both_classes,0.0002929832844529,0.0002929832844529,0.9768975377082824,0.01,99,1,579752,574850,4902,0.0084553395244863,567081,12671,16941,0.019561046212186,0.9693893841908722,579751,567080,12671,0,1,579752,0.9781440652969982,0.9999982365834864,0.0,0.9889504304030582,0.9781423781202996,0.4999991182917431,0.9781423781202996,-0.0001963189144667,-3.449490593572921e-06,True,True,True,0.9781441029957636,0.999998275124536,0.9931957300359916,0.0002929832844529,0.9931957300359916,0.0,0.9889513120044504,-8.816013923329535e-07,True,True,124,1030,Cardinalis cardinalis,Northern Cardinal,norcar,nodata_as_absence,both_classes,0.0803874135017395,0.0803874135017395,0.9984787106513976,0.01,93,1,579752,574850,4902,0.0084553395244863,567081,12671,16941,0.948166615860297,0.0407838145427611,579751,567080,12671,0,1,579752,0.9781440652969982,0.9999982365834864,0.0,0.9889504304030582,0.9781423781202996,0.4999991182917431,0.9781423781202996,-0.0001963189144667,-3.449490593572921e-06,True,True,True,0.9781441029957636,0.999998275124536,0.9931957300359916,0.0803874135017395,0.9931957300359916,0.0,0.9889513120044504,-8.816013923329535e-07,True,True,0.0,0.0,0.0,0.0,0.0,0.0,0.0,0.0,0.0800944302172866,0.0,True
125,1031,2490494,Pheucticus ludovicianus,Pheucticus ludovicianus,Rose-breasted Grosbeak,robgro,nodata_as_absence,both_classes,0.000537407991942,0.000537407991942,0.6594008803367615,0.01,67,1,579752,574850,4902,0.0084553395244863,124511,455241,16941,0.0001284944466306,0.3534643445820263,579751,124511,455240,1,0,579752,0.2147663393422348,1.0,2.196638703455972e-06,0.3535928390286569,0.2147676937725096,0.5000010983193517,0.2147663393422348,0.000686850823104,9.435276612558892e-07,True,True,True,0.2147659688970456,0.999998275124536,0.3560712651567147,0.000537407991942,0.3560712651567147,0.0,0.3535923369536664,5.020749905271238e-07,True,True,125,1031,Pheucticus ludovicianus,Rose-breasted Grosbeak,robgro,nodata_as_absence,both_classes,0.0501228051551152,0.0001228051551152,0.6824964284896851,0.01,70,1,579752,574850,4902,0.0084553395244863,124511,455241,16941,0.0009146781777043,0.4164777492535575,216166,71098,145068,310173,53413,579752,0.3289046381021992,0.571017821718563,0.6813380165670491,0.4173924274312618,0.6576449930315031,0.6261779191428061,0.2637371605355016,0.2143091097788519,0.1991140558933717,True,True,True,0.2147659688970456,0.3728594295491865,0.4179322060798796,0.0501228051551152,0.4179322060798796,0.0,0.3535923369536664,0.0638000904775954,False,False,0.06379958840260491,0.11413829875996442,-0.42898217828143703,0.6813358199283456,0.44287729925899355,0.12617682082345438,0.04897082119326682,0.2136222589557479,0.0495853971631732,-0.6271388455753495,True
126,1032,2490804,Catharus fuscescens,Catharus fuscescens,Veery,veery,nodata_as_absence,both_classes,0.0005071035120636,0.0005071035120636,0.3750627338886261,0.01,39,1,579752,574850,4902,0.0084553395244863,306876,272876,16941,0.0,0.6922324720542009,579751,306876,272875,1,0,579752,0.5293237959054835,1.0,3.664668200941087e-06,0.6922324720542009,0.5293246077633195,0.5000018323341004,0.5293237959054835,0.0013927656238061,3.879584640037558e-06,True,True,True,0.5293228828878555,0.999998275124536,0.6960809776290794,0.0005071035120636,0.6960809776290794,0.0,0.6922316913068389,7.807473619836358e-07,True,True,126,1032,Catharus fuscescens,Veery,veery,nodata_as_absence,both_classes,0.0001354053238173,0.0001354053238173,0.7966725826263428,0.01,81,1,579752,574850,4902,0.0084553395244863,306876,272876,16941,0.0018091950058408,0.6904210213083476,579751,306875,272876,0,1,579752,0.5293220710270443,0.9999967413548144,0.0,0.6922302163141885,0.5293211580123915,0.4999983706774071,0.5293211580123915,-0.0012384556379832,-3.44975018650939e-06,True,True,True,0.5293228828878555,0.999998275124536,0.6960787093481527,0.0001354053238173,0.6960787093481527,0.0,0.6922316913068389,-1.474992650463136e-06,True,True,-2.255740012446772e-06,-1.7248784391910021e-06,-3.2586451855776133e-06,-3.664668200941087e-06,-3.449750927919659e-06,-3.461656693348747e-06,-2.637893091961274e-06,-0.0026312212617893,-0.0003716981882463,0.0,True
127,1033,2490810,Catharus guttatus,Catharus guttatus,Hermit Thrush,herthr,nodata_as_absence,both_classes,0.0100098179434644,9.81794346444076e-06,0.6096482276916504,0.01,62,1,579752,574850,4902,0.0084553395244863,427655,152097,16941,0.0004067844159487,0.8674933063854543,440173,376594,63579,88518,51061,579752,0.8555590642770001,0.880602354701804,0.5819838655594785,0.8679000908014031,0.8022602768080145,0.7312931101306412,0.7666285314127279,0.4759683245310162,0.4751861328384303,True,True,True,0.7376516165532848,0.7592436076115304,0.8679590997143249,0.0100098179434644,0.8679590997143249,0.0,0.8490212992365548,0.0188787915648482,False,False,127,1033,Catharus guttatus,Hermit Thrush,herthr,nodata_as_absence,both_classes,0.0101212566639878,0.0001212566639878,0.9717073440551758,0.01,99,1,579752,574850,4902,0.0084553395244863,427655,152097,16941,0.1894629638202332,0.6609257116198188,512461,399732,112729,39368,27923,579752,0.7800242359906412,0.9347067145245584,0.2588348225145795,0.850388675440052,0.7573928162386676,0.5967707685195689,0.739718422455143,0.2658106550700453,0.2359217799952405,True,True,True,0.7376516165532848,0.883931405152548,0.8544979398137015,0.0101212566639878,0.8544979398137015,0.0,0.8490212992365548,0.0013673762034972,False,False,-0.017511415361351035,-0.07553482828635893,0.05410435982275441,-0.32314904304489894,-0.04486746056934687,-0.13452234161107235,-0.026910108957584944,-0.21015766946097086,0.00011143872052340152,0.12468779754101755,True
128,1034,2490821,Catharus ustulatus,Catharus ustulatus,Swainson's Thrush,swathr,nodata_as_absence,both_classes,0.0001800570025807,0.0001800570025807,0.5441328883171082,0.01,56,1,579752,574850,4902,0.0084553395244863,330841,248911,16941,1.813543543180472e-05,0.7266300231251529,579751,330840,248911,0,1,579752,0.5706587828222806,0.99999697740002,0.0,0.7266481585605847,0.5706577985069478,0.4999984887000099,0.5706577985069478,-0.001139178104809,-3.4497489695537684e-06,True,True,True,0.5706595233824118,0.999998275124536,0.7305811039097263,0.0001800570025807,0.7305811039097263,0.0,0.7266495569370729,-1.3983764881597691e-06,True,True,128,1034,Catharus ustulatus,Swainson's Thrush,swathr,nodata_as_absence,both_classes,0.0001402775524184,0.0001402775524184,0.9644415974617004,0.01,98,1,579752,574850,4902,0.0084553395244863,330841,248911,16941,0.0638230832069086,0.6628250753536761,579751,330840,248911,0,1,579752,0.5706587828222806,0.99999697740002,0.0,0.7266481585605847,0.5706577985069478,0.4999984887000099,0.5706577985069478,-0.001139178104809,-3.4497489695537684e-06,True,True,True,0.5706595233824118,0.999998275124536,0.7305811039097263,0.0001402775524184,0.7305811039097263,0.0,0.7266495569370729,-1.3983764881597691e-06,True,True,0.0,0.0,0.0,0.0,0.0,0.0,0.0,0.0,-3.97794501623e-05,0.0,True
129,1035,2490941,Sialia sialis,Sialia sialis,Eastern Bluebird,easblu,nodata_as_absence,both_classes,0.0100407765910495,4.077659104950726e-05,0.7687906622886658,0.01,78,1,579752,574850,4902,0.0084553395244863,403868,175884,16941,0.0032283501548668,0.8589475277487536,474389,378606,95783,80101,25262,579752,0.7980918613205619,0.9374498598552002,0.4554194810215824,0.8621758779036205,0.7912124494611489,0.6964346704383914,0.757740903150399,0.4683490655520603,0.443003562505615,True,True,True,0.696622003891319,0.8182619464874636,0.8647644890295879,0.0100407765910495,0.8647644890295879,0.0,0.8211870437770684,0.040988834126552,False,False,129,1035,Sialia sialis,Eastern Bluebird,easblu,nodata_as_absence,both_classes,0.2500303786491713,3.0378649171325375e-05,0.9952507019042968,0.01,101,1,579752,574850,4902,0.0084553395244863,403868,175884,16941,0.8170927823093025,0.0428965781827345,466473,374242,92231,83653,29626,579752,0.802280089094117,0.9266443491437796,0.4756146096290737,0.859989360492037,0.7898118505843879,0.7011294793864267,0.7543695915532989,0.4663915302984063,0.4471857695733988,True,True,True,0.696622003891319,0.8046078323145069,0.8604312709364589,0.2400303786491713,0.8604370890487391,-0.01,0.8211870437770684,0.0388023167149685,False,False,-0.0021865174115834884,0.004188227773555098,-0.010805510711420663,0.020195128607491286,-0.0014005988767610278,0.004694808948035312,-0.003371311597100135,-0.001957535253653997,0.23998960205812184,-0.0136541141729567,True
130,1036,2491123,Ammodramus savannarum,Ammodramus savannarum,Grasshopper Sparrow,graspa,nodata_as_absence,both_classes,0.0102737606118898,0.0002737606118898,0.3355278670787811,0.01,35,1,579752,574850,4902,0.0084553395244863,427470,152282,16941,0.0,0.8518577485431134,489554,390587,98967,53315,36883,579752,0.797842526054327,0.9137179217255011,0.3501070382579688,0.8518577485431134,0.7656756682167547,0.631912479991735,0.7419444301977255,0.320327505617863,0.3036755546673056,True,True,True,0.7373325145924464,0.8444196828988947,0.856088601324724,0.0102737606118898,0.856088601324724,0.0,0.8488098949387524,0.0030478536043609,False,False,130,1036,Ammodramus savannarum,Grasshopper Sparrow,graspa,nodata_as_absence,both_classes,3.0840230465400964e-05,3.0840230465400964e-05,0.9047733545303344,0.01,92,1,579752,574850,4902,0.0084553395244863,427470,152282,16941,0.109907987496528,0.738902750166805,579751,427470,152281,1,0,579752,0.7373337864014033,1.0,6.566764292562482e-06,0.848810737663333,0.7373342394679104,0.5000032833821463,0.7373337864014033,0.0022004311350825,9.683747472870788e-06,True,True,True,0.7373325145924464,0.999998275124536,0.8529619811656768,3.0840230465400964e-05,0.8529619811656768,0.0,0.8488098949387524,8.427245806741368e-07,True,True,-0.003047010879780321,-0.06050873965292369,0.08628207827449885,-0.35010047149367624,-0.028341428748844266,-0.13190919660958877,-0.004610643796322145,-0.3181270744827805,-0.0102429203814244,0.1555785922256413,True
131,1037,2491205,Pipilo erythrophthalmus,Pipilo erythrophthalmus,Eastern Towhee,eastow,nodata_as_absence,both_classes,0.0100194965523405,1.9496552340569903e-05,0.6598044633865356,0.01,67,1,579752,574850,4902,0.0084553395244863,467833,111919,16941,0.0006111228634738,0.8993923058597981,465459,419983,45476,66443,47850,579752,0.9022985912830132,0.8977199128748934,0.5936704223590276,0.900003428723272,0.8390242724475293,0.7456951676169605,0.8181874855106768,0.4874986474781181,0.4874572114368878,True,True,True,0.8069536629455353,0.8028588085940195,0.9007533390883792,0.0100194965523405,0.9007533390883792,0.0,0.8931647551272689,0.006838673596003,False,False,131,1037,Pipilo erythrophthalmus,Eastern Towhee,eastow,nodata_as_absence,both_classes,0.0202053569623967,0.0002053569623967,0.9907163977622986,0.01,101,1,579752,574850,4902,0.0084553395244863,467833,111919,16941,0.5605598410027185,0.3443124660310952,541463,456642,84821,27098,11191,579752,0.8433484836452352,0.9760790709505316,0.2421215343239307,0.9048723070338136,0.8343912569512482,0.609100302637231,0.8262710484317494,0.3467623067610417,0.2910314004235186,True,True,True,0.8069536629455353,0.9339562433592294,0.909151904593622,0.0202053569623967,0.909151904593622,0.0,0.8931647551272689,0.0117075519065448,False,False,0.004868878310541613,-0.05895010763777797,0.0783591580756382,-0.3515488880350969,-0.004633015496281145,-0.1365948649797295,0.008083562921072596,-0.1407363407170764,0.0101858604100562,0.13109743476520996,True
132,1038,2491728,Pooecetes gramineus,Pooecetes gramineus,Vesper Sparrow,vesspa,nodata_as_absence,both_classes,0.010066572727519,6.65727275190875e-05,0.3811670839786529,0.01,40,1,579752,574850,4902,0.0084553395244863,200851,378901,16941,0.0,0.6139613560267857,372589,176035,196554,182347,24816,579752,0.4724642971209563,0.8764457234467341,0.4812523587955692,0.6139613560267857,0.6181643185362017,0.6788490411211516,0.4429612108554245,0.355177443021953,0.297858490976858,True,True,True,0.3464429618181567,0.6426696242531289,0.6144081476659751,0.010066572727519,0.6144081476659751,0.0,0.5146047350573851,0.0993566209694005,False,False,132,1038,Pooecetes gramineus,Vesper Sparrow,vesspa,nodata_as_absence,both_classes,0.0100000122979813,1.2297981299980164e-08,0.9561721682548524,0.01,97,1,579752,574850,4902,0.0084553395244863,200851,378901,16941,0.0505096957154901,0.4694562240042016,279192,124803,154389,224512,76048,579752,0.4470149574486375,0.6213710661136863,0.5925347254295977,0.5199659197196917,0.6025248727041908,0.606952895771642,0.3513202342078594,0.2037067135818862,0.1959484070854963,True,True,True,0.3464429618181567,0.4815714305427148,0.5204765916275346,0.0100000122979813,0.5204765916275346,0.0,0.5146047350573851,0.0053611846623066,False,False,-0.09399543630709395,-0.02544933967231877,-0.2550746573330478,0.11128236663402852,-0.015639445832010934,-0.07189614534950961,-0.0916409766475651,-0.1514707294400668,-6.656042953769904e-05,-0.16109819371041412,True
133,1039,2492109,Spizella passerina,Spizella passerina,Chipping Sparrow,chispa,nodata_as_absence,both_classes,4.430939952726476e-05,4.430939952726476e-05,0.5755751132965088,0.01,59,1,579752,574850,4902,0.0084553395244863,379043,200709,16941,2.1105562107073797e-05,0.7906450855070902,579751,379043,200708,1,0,579752,0.6538030982266525,1.0,4.982337613161343e-06,0.7906661910691973,0.653803695373194,0.5000024911688066,0.6538030982266525,0.0018048456354758,6.514914313492528e-06,True,True,True,0.65380197049773,0.999998275124536,0.7947293823619446,4.430939952726476e-05,0.7947293823619446,0.0,0.7906653664234795,8.24645717822925e-07,True,True,133,1039,Spizella passerina,Chipping Sparrow,chispa,nodata_as_absence,both_classes,0.0004611088952515,0.0004611088952515,0.9954943656921388,0.01,101,1,579752,574850,4902,0.0084553395244863,379043,200709,16941,0.3090540589397481,0.4816121321294492,579751,379043,200708,1,0,579752,0.6538030982266525,1.0,4.982337613161343e-06,0.7906661910691973,0.653803695373194,0.5000024911688066,0.6538030982266525,0.0018048456354758,6.514914313492528e-06,True,True,True,0.65380197049773,0.999998275124536,0.7947293823619446,0.0004611088952515,0.7947293823619446,0.0,0.7906653664234795,8.24645717822925e-07,True,True,0.0,0.0,0.0,0.0,0.0,0.0,0.0,0.0,0.00041679949572423524,0.0,True
134,1040,2492196,Melospiza melodia,Melospiza melodia,Song Sparrow,sonspa,nodata_as_absence,both_classes,0.0100079946948972,7.9946948972065e-06,0.5093411803245544,0.01,52,1,579752,574850,4902,0.0084553395244863,256406,323346,16941,7.800099061258077e-06,0.683592041502862,314308,195070,119238,204108,61336,579752,0.6206332641867213,0.7607856290414421,0.631237126792971,0.6835998416019232,0.6885323379651989,0.6960113779172066,0.5192948642863988,0.3907913492654377,0.3830684890509002,True,True,True,0.4422684182202045,0.5421421573362403,0.6883191808059619,0.0100079946948972,0.6883191808059619,0.0,0.6132955733246588,0.0703042682772644,False,False,134,1040,Melospiza melodia,Song Sparrow,sonspa,nodata_as_absence,both_classes,3.521632606862113e-06,3.521632606862113e-06,0.967930257320404,0.01,98,1,579752,574850,4902,0.0084553395244863,256406,323346,16941,0.0309137365015763,0.5823825702924826,579751,256406,323345,1,0,579752,0.4422691810794634,1.0,3.092662349310027e-06,0.613296306794059,0.4422701430956685,0.5000015463311747,0.4422691810794634,0.0011695252218676,2.735574747403621e-06,True,True,True,0.4422684182202045,0.999998275124536,0.6169129809745505,3.521632606862113e-06,0.6169129809745505,0.0,0.6132955733246588,7.334694002159026e-07,True,True,-0.07030353480786422,-0.17836408310725788,0.2392143709585579,-0.6312340341306216,-0.24626219486953038,-0.1960098315860319,-0.07702568320693542,-0.3896218240435701,-0.010004473062290338,0.4578561177882957,True
135,1041,2492235,Melospiza georgiana,Melospiza georgiana,Swamp Sparrow,swaspa,nodata_as_absence,both_classes,0.0001236991229234,0.0001236991229234,0.4756872653961181,0.01,49,1,579752,574850,4902,0.0084553395244863,473361,106391,16941,0.0,0.8989756075327221,579751,473361,106390,1,0,579752,0.8164901828543634,1.0,9.399291293436476e-06,0.8989756075327221,0.8164904993859443,0.5000046996456468,0.8164901828543634,0.0027702759911025,1.5348740341076956e-05,True,True,True,0.8164887745104803,0.999998275124536,0.9031797063565506,0.0001236991229234,0.9031797063565506,0.0,0.8989747538963055,8.536364165534494e-07,True,True,135,1041,Melospiza georgiana,Swamp Sparrow,swaspa,nodata_as_absence,both_classes,0.0002014775818679,0.0002014775818679,0.9757286906242372,0.01,99,1,579752,574850,4902,0.0084553395244863,473361,106391,16941,0.1182021228233154,0.7807734847094067,579751,473361,106390,1,0,579752,0.8164901828543634,1.0,9.399291293436476e-06,0.8989756075327221,0.8164904993859443,0.5000046996456468,0.8164901828543634,0.0027702759911025,1.5348740341076956e-05,True,True,True,0.8164887745104803,0.999998275124536,0.9031797063565506,0.0002014775818679,0.9031797063565506,0.0,0.8989747538963055,8.536364165534494e-07,True,True,0.0,0.0,0.0,0.0,0.0,0.0,0.0,0.0,7.77784589445e-05,0.0,True
136,1042,2492870,Lanius ludovicianus,Lanius ludovicianus,Loggerhead Shrike,logshr,nodata_as_absence,both_classes,0.010468968268251,0.000468968268251,0.6391919851303101,0.01,65,1,579752,574850,4902,0.0084553395244863,290129,289623,16941,0.0001860997287768,0.7091769553206997,409696,248215,161481,128142,41914,579752,0.6058516558619074,0.8555332283225737,0.4424441429030153,0.7093630550494766,0.6491689550014489,0.6489886856127945,0.5496224618586834,0.3272416224693122,0.2980846829875079,True,True,True,0.5004363934923899,0.7066745780954615,0.7143052419987251,0.010468968268251,0.7143052419987251,0.0,0.6670544591731513,0.0423085958763252,False,False,136,1042,Lanius ludovicianus,Loggerhead Shrike,logshr,nodata_as_absence,both_classes,0.9967808723449708,0.9967808723449708,1.0,0.01,2,1,579752,574850,4902,0.0084553395244863,290129,289623,16941,0.6670544591731513,-1.5323326675309443e-06,579751,290128,289623,0,1,579752,0.500435531805896,0.9999965532573442,0.0,0.6670529268404838,0.5004346686169259,0.4999982766286721,0.5004346686169259,-0.0013122005036857,-3.449750917592099e-06,True,True,True,0.5004363934923899,0.999998275124536,0.6708332466259257,0.9967808723449708,0.6708332466259257,0.0,0.6670544591731513,-1.5323326675309443e-06,True,True,-0.042310128208992825,-0.10541612405601142,0.14446332493477043,-0.4424441429030153,-0.14873428638452302,-0.14899040898412247,-0.04918779324175748,-0.3285538229729979,0.9863119040767199,0.29332369702907446,True
137,1043,2493598,Lonchura punctulata,Lonchura punctulata,Scaly-breasted Munia,nutman,nodata_as_absence,both_classes,0.0303659264184534,0.0003659264184534,0.401139885187149,0.01,42,1,579752,574850,4902,0.0084553395244863,7187,572565,16941,0.0,0.0642441054091539,46888,1737,45151,527414,5450,579752,0.0370457259853267,0.2416863781828301,0.921142577698602,0.0642441054091539,0.912719576646566,0.581414477940716,0.0331881233520577,0.0660813359436359,0.0436851296622117,True,True,True,0.0123966799597069,0.0808759607556334,0.0642452934867034,0.0303659264184534,0.0642452934867034,0.0,0.0244897681019663,0.0397543373071876,False,False,137,1043,Lonchura punctulata,Scaly-breasted Munia,nutman,nodata_as_absence,both_classes,0.4429726588726044,0.4129726588726043,0.9999988675117492,0.01,60,1,579752,574850,4902,0.0084553395244863,7187,572565,16941,0.0243586173435132,0.0001353801614121,579569,7186,572383,182,1,579752,0.0123988688145846,0.9998608598859052,0.0003178678403325,0.0244939975049253,0.0127088824186893,0.5000893638631189,0.0123988474213641,0.0011132687857897,4.432642454749538e-06,True,True,True,0.0123966799597069,0.9996843477900896,0.0247003543844332,0.4429726588726044,0.0247003543844332,0.0,0.0244897681019663,4.229402959084194e-06,False,True,-0.0397501079042286,-0.024646857170742095,0.7581744817030751,-0.9208247098582695,-0.9000106942278767,-0.08132511407759713,-0.0207892759306936,-0.0649680671578462,0.412606732454151,0.9188083870344562,True
138,1044,2493801,Thryothorus ludovicianus,Thryothorus ludovicianus,Carolina Wren,carwre,nodata_as_absence,both_classes,1.5348514352808706e-05,1.5348514352808706e-05,0.7862852215766907,0.01,80,1,579752,574850,4902,0.0084553395244863,513945,65807,16941,0.0099854612613275,0.9298460824217436,579751,513945,65806,1,0,579752,0.8864926494305314,1.0,1.5195951798440896e-05,0.939831543683071,0.8864928452165753,0.5000075979758992,0.8864926494305314,0.0036702996567608,2.6941836204731846e-05,True,True,True,0.8864911203411113,0.999998275124536,0.9440628805816343,1.5348514352808706e-05,0.9440628805816343,0.0,0.9398306843668768,8.593161942016536e-07,True,True,138,1044,Thryothorus ludovicianus,Carolina Wren,carwre,nodata_as_absence,both_classes,0.1235200759302824,0.0035200759302824,0.9994062781333924,0.01,101,1,579752,574850,4902,0.0084553395244863,513945,65807,16941,0.907667594426956,0.0337962336978999,571401,510907,60494,5313,3038,579752,0.894130391791404,0.99408886164862,0.0807360919051164,0.941463828124856,0.890415212021692,0.5374124767768682,0.8894016597062525,0.199205389941774,0.1208125098525624,True,True,True,0.8864911203411113,0.985595565000207,0.945729144588695,0.1235200759302824,0.945729144588695,0.0,0.9398306843668768,0.0016331437579792,False,False,0.0016322844417849813,0.007637742360872557,-0.005911138351380019,0.08072089595331795,0.003922366805116706,0.03740487880096899,0.0029090102757211023,0.1955350902850132,0.12350472741592959,-0.014402710124329032,True
139,1045,2493863,Cistothorus palustris,Cistothorus palustris,Marsh Wren,marwre,nodata_as_absence,both_classes,0.0001684780436335,0.0001684780436335,0.4437315464019775,0.01,46,1,579752,574850,4902,0.0084553395244863,234661,345091,16941,0.0,0.5762709783254667,579751,234661,345090,1,0,579752,0.4047616994192334,1.0,2.8977863809835668e-06,0.5762709783254667,0.4047627261311733,0.5000014488931905,0.4047616994192334,0.0010830110526309,2.345823128791384e-06,True,True,True,0.4047610012557093,0.999998275124536,0.579760595916048,0.0001684780436335,0.579760595916048,0.0,0.5762702707348728,7.075905938958016e-07,True,True,139,1045,Cistothorus palustris,Marsh Wren,marwre,nodata_as_absence,both_classes,0.0300340321857947,3.403218579478562e-05,0.9523995518684388,0.01,97,1,579752,574850,4902,0.0084553395244863,234661,345091,16941,0.123914655962302,0.5192216723598048,264751,160595,104156,240935,74066,579752,0.6065888325256562,0.6843702191672242,0.6981781617022756,0.6431363283221068,0.6925892450565069,0.6912741904347499,0.4739874327439296,0.3769631278663726,0.3748575896380446,True,True,True,0.4047610012557093,0.4566625039672136,0.6486432997019218,0.0300340321857947,0.6486432997019218,0.0,0.5762702707348728,0.0668660575872339,False,False,0.06686534999664007,0.2018271331064228,-0.3156297808327758,0.6981752639158947,0.28782651892533356,0.19127274154155938,0.06922573332469623,0.37588011681374167,0.029865554142161202,-0.5433357711573223,True
140,1046,2493890,Cistothorus platensis,Cistothorus stellaris,Sedge Wren,sedwre1,nodata_as_absence,both_classes,3.742698027053848e-05,3.742698027053848e-05,0.4258757531642914,0.01,44,1,579752,574850,4902,0.0084553395244863,389913,189839,16941,0.0,0.8042229060788066,579751,389913,189838,1,0,579752,0.6725525268606695,1.0,5.267621510859202e-06,0.8042229060788066,0.6725530916667817,0.5000026338107554,0.6725525268606695,0.0018822200077764,7.085479213219905e-06,True,True,True,0.6725513667913177,0.999998275124536,0.8083091995746101,3.742698027053848e-05,0.8083091995746101,0.0,0.8042220766965911,8.293822155724939e-07,True,True,140,1046,Cistothorus stellaris,Sedge Wren,sedwre1,nodata_as_absence,both_classes,0.0100040044651541,4.004465154139325e-06,0.918993592262268,0.01,93,1,579752,574850,4902,0.0084553395244863,389913,189839,16941,0.0514150203923188,0.7588223721025732,515044,366615,148429,41410,23298,579752,0.7118129713189553,0.940248209215902,0.2181322067646795,0.810237392494892,0.7037923111951317,0.5791902079902908,0.6810076122613505,0.2360352689304933,0.1906156632955365,True,True,True,0.6725513667913177,0.888386758476038,0.8146493107095558,0.0100040044651541,0.8146493107095558,0.0,0.8042220766965911,0.0060153157983009,False,False,0.006014486416085374,0.039260444458285804,-0.05975179078409798,0.21812693914316866,0.03123921952835007,0.07918757417953537,0.008455085400681073,0.2341530489227169,0.009966577484883561,-0.111611516648498,True
141,1047,2494936,Dumetella carolinensis,Dumetella carolinensis,Gray Catbird,grycat,nodata_as_absence,both_classes,0.0001662010618019,0.0001662010618019,0.9645811915397644,0.01,98,1,579752,574850,4902,0.0084553395244863,571055,8697,16941,0.0084254283332926,0.9840163907048424,579751,571054,8697,0,1,579752,0.9849987322143472,0.9999982488551892,0.0,0.992441819038135,0.984997033214202,0.4999991244275945,0.984997033214202,-0.0001620783521636,-3.4493662103987306e-06,True,True,True,0.984998758089666,0.999998275124536,0.9966873315740236,0.0001662010618019,0.9966873315740236,0.0,0.9924426945612947,-8.755231598600588e-07,True,True,141,1047,Dumetella carolinensis,Gray Catbird,grycat,nodata_as_absence,both_classes,0.0114490864798426,0.0114490864798426,0.9868078231811525,0.01,99,1,579752,574850,4902,0.0084553395244863,571055,8697,16941,0.5112848725544451,0.4811569464836899,579751,571054,8697,0,1,579752,0.9849987322143472,0.9999982488551892,0.0,0.992441819038135,0.984997033214202,0.4999991244275945,0.984997033214202,-0.0001620783521636,-3.4493662103987306e-06,True,True,True,0.984998758089666,0.999998275124536,0.9966873315740236,0.0114490864798426,0.9966873315740236,0.0,0.9924426945612947,-8.755231598600588e-07,True,True,0.0,0.0,0.0,0.0,0.0,0.0,0.0,0.0,0.0112828854180407,0.0,True
142,1048,2495310,Patagioenas leucocephala,Patagioenas leucocephala,White-crowned Pigeon,whcpig2,nodata_as_absence,both_classes,0.0400015037630873,1.5037630873848684e-06,0.7847452163696289,0.01,80,1,579752,574850,4902,0.0084553395244863,3252,576500,16941,0.0024487297214569,0.1775047996431772,9229,1123,8106,568394,2129,579752,0.1216816556506663,0.3453259532595326,0.9859392888117952,0.1799535293646342,0.982345899626047,0.6656326210356639,0.09887304102835,0.19766823876869,0.1730939145772245,True,True,True,0.0056092950089003,0.0159188756571775,0.1799679487179487,0.0400015037630873,0.1799679487179487,0.0,0.0111560126517142,0.16879751671292,False,False,142,1048,Patagioenas leucocephala,White-crowned Pigeon,whcpig2,nodata_as_absence,both_classes,0.2300011077966064,1.107796606447664e-06,0.948786199092865,0.01,96,1,579752,574850,4902,0.0084553395244863,3252,576500,16941,0.0759682224428997,0.1169105654358881,9948,1273,8675,567825,1979,579752,0.1279654201849618,0.3914514145141451,0.9849522983521248,0.1928787878787878,0.9816231768066346,0.688201856433135,0.1067326234593778,0.2164702346114028,0.1859966029250928,True,True,True,0.0056092950089003,0.0171590611157874,0.1928787878787878,0.2300011077966064,0.1928787878787878,0.0,0.0111560126517142,0.1817227752270736,False,False,0.012925258514153576,0.006283764534295494,0.04612546125461253,-0.0009869904596703227,-0.0007227228194124358,0.022569235397471132,0.0078595824310278,0.018801995842712804,0.1899996040335191,0.0012401854586099013,True
143,1049,2495347,Zenaida macroura,Zenaida macroura,Mourning Dove,moudov,nodata_as_absence,both_classes,0.0002756688627414,0.0002756688627414,0.9681415557861328,0.01,98,1,579752,574850,4902,0.0084553395244863,558337,21415,16941,0.0066011785013646,0.9745812959645818,579751,558336,21415,0,1,579752,0.9630617282247034,0.999998208966986,0.0,0.9811824744659464,0.963060067063158,0.4999991044834929,0.963060067063158,-0.0002572113221337,-3.449601745658292e-06,True,True,True,0.963061791938622,0.999998275124536,0.9854269290301856,0.0002756688627414,0.9854269290301856,0.0,0.9811833696661684,-8.952002220619093e-07,True,True,143,1049,Zenaida macroura,Mourning Dove,moudov,nodata_as_absence,both_classes,0.0593533404171466,0.0593533404171466,0.982113003730774,0.01,94,1,579752,574850,4902,0.0084553395244863,558337,21415,16941,0.8904261539265498,0.0907563205393966,579751,558336,21415,0,1,579752,0.9630617282247034,0.999998208966986,0.0,0.9811824744659464,0.963060067063158,0.4999991044834929,0.963060067063158,-0.0002572113221337,-3.449601745658292e-06,True,True,True,0.963061791938622,0.999998275124536,0.9854269290301856,0.0593533404171466,0.9854269290301856,0.0,0.9811833696661684,-8.952002220619093e-07,True,True,0.0,0.0,0.0,0.0,0.0,0.0,0.0,0.0,0.0590776715544052,0.0,True
144,1050,2495370,Zenaida asiatica,Zenaida asiatica,White-winged Dove,whwdov,nodata_as_absence,both_classes,0.0101687383337412,0.0001687383337412,0.4076849520206451,0.01,42,1,579752,574850,4902,0.0084553395244863,97540,482212,16941,0.0,0.3792030665817547,230643,62224,168419,313793,35316,579752,0.2697849056767385,0.6379331556284601,0.6507366054764294,0.3792030665817547,0.6485824973436918,0.6443348805524447,0.2339608736684977,0.2206281958420442,0.1869275801699765,True,True,True,0.1682443527577309,0.3978304516413914,0.3839494517564157,0.0101687383337412,0.3839494517564157,0.0,0.2880293876201106,0.091173678961644,False,False,144,1050,Zenaida asiatica,White-winged Dove,whwdov,nodata_as_absence,both_classes,0.1006188116967678,0.0006188116967678,0.9338932037353516,0.01,95,1,579752,574850,4902,0.0084553395244863,97540,482212,16941,0.1001951977561733,0.3233436010740604,175677,57859,117818,364394,39681,579752,0.3293487479863613,0.5931822841911011,0.7556717792174397,0.4235387988302338,0.7283338392968027,0.6744270317042704,0.2686642706563025,0.2839655949195891,0.264379740468419,True,True,True,0.1682443527577309,0.3030209468876347,0.4239298078508233,0.1006188116967678,0.4239298078508233,0.0,0.2880293876201106,0.1355094112101231,False,False,0.04433573224847914,0.059563842309622805,-0.04475087143735901,0.10493517374101025,0.07975134195311095,0.03009215115182573,0.03470339698780481,0.0633373990775449,0.0904500733630266,-0.09480950475375671,True
145,1051,2495414,Columba livia,Columba livia,Rock Pigeon,rocpig,nodata_as_absence,both_classes,0.0407009510300122,0.0007009510300122,0.6954140067100525,0.01,71,1,579752,574850,4902,0.0084553395244863,28164,551588,16941,0.0028323597096831,0.4035515377228076,32050,12235,19815,531773,15929,579752,0.3817472698907956,0.4344198267291578,0.9640764483636336,0.4063838974324907,0.938346051415088,0.6992481375463957,0.2550073990704266,0.3748803341820508,0.3740111759282953,True,True,True,0.0485793925678566,0.0552822586209275,0.4071208718076699,0.0407009510300122,0.4071208718076699,0.0,0.0926575382125162,0.3137263592199745,False,False,145,1051,Columba livia,Rock Pigeon,rocpig,nodata_as_absence,both_classes,0.3306493902765214,0.0006493902765214,0.8793041110038757,0.01,89,1,579752,574850,4902,0.0084553395244863,28164,551588,16941,0.2576073122758301,0.2020419437217404,24524,12109,12415,539173,16055,579752,0.4937612135051378,0.42994603039341,0.977492258714838,0.4596492559975706,0.950892795540162,0.703719144554124,0.2984055792404939,0.4351961839974794,0.4340554081340805,True,True,True,0.0485793925678566,0.0423008458789275,0.4631921201109304,0.3206493902765214,0.4657359248106579,-0.01,0.0926575382125162,0.3669917177850544,False,False,0.05326535856507991,0.11201394361434219,-0.004473796335747793,0.013415810351204427,0.01254674412507406,0.004471007007728289,0.0433981801700673,0.06031584981542859,0.2899484392465092,-0.012981412742,True
146,1052,2495696,Streptopelia decaocto,Streptopelia decaocto,Eurasian Collared-Dove,eucdov,nodata_as_absence,both_classes,0.0200434295179729,4.342951797298156e-05,0.6682702898979187,0.01,68,1,579752,574850,4902,0.0084553395244863,68562,511190,16941,0.0030869141051589,0.4283684578433944,52651,26149,26502,484688,42413,579752,0.4966477369850525,0.3813920247367346,0.9481562628376924,0.4314553719485534,0.8811302073990258,0.6647741437872136,0.2750673230665656,0.3703409537947665,0.366356472751783,True,True,True,0.1182609115621852,0.0908164180546164,0.431875799991742,0.0200434295179729,0.431875799991742,0.0,0.2115086208226261,0.2199467511259273,False,False,146,1052,Streptopelia decaocto,Eurasian Collared-Dove,eucdov,nodata_as_absence,both_classes,0.2601387419906678,0.0001387419906677,0.9580443501472472,0.01,97,1,579752,574850,4902,0.0084553395244863,68562,511190,16941,0.2706219163062679,0.1503807615690583,49442,24840,24602,486588,43722,579752,0.502406860563893,0.3622998162247309,0.9518730804593204,0.4210026778753262,0.8821496087982448,0.6570864483420257,0.2666265939633335,0.3632358510396525,0.3573128401146561,True,True,True,0.1182609115621852,0.0852812926906677,0.4243252476938845,0.2401387419906677,0.4262310949788264,-0.02,0.2115086208226261,0.2094940570527001,False,False,-0.010452694073227187,0.005759123578840564,-0.019092208512003717,0.00371681762162801,0.0010194013992189666,-0.007687695445187881,-0.008440729103232125,-0.007105102755114001,0.2400953124726949,-0.005535125363948706,True
147,1053,2495869,Columbina passerina,Columbina passerina,Common Ground Dove,cogdov,nodata_as_absence,both_classes,0.000299961597193,0.000299961597193,0.875304639339447,0.01,89,1,579752,574850,4902,0.0084553395244863,350433,229319,16941,0.0005419111208718,0.7529283700278041,579751,350433,229318,1,0,579752,0.6044543260813694,1.0,4.360737662382969e-06,0.753470281148676,0.6044550083483973,0.5000021803688312,0.6044543260813694,0.0016235352613766,5.271719594370119e-06,True,True,True,0.6044532834729333,0.999998275124536,0.7574620494076401,0.000299961597193,0.7574620494076401,0.0,0.7534694711267114,8.10021964614549e-07,True,True,147,1053,Columbina passerina,Common Ground Dove,cogdov,nodata_as_absence,both_classes,0.142000855980441,0.0020008559804409,0.9543548822402954,0.01,97,1,579752,574850,4902,0.0084553395244863,350433,229319,16941,0.4960534722166062,0.2724616664908402,482399,320022,162377,66942,30411,579752,0.6633968975889254,0.9132187893263476,0.2919165005952407,0.7685151387074464,0.6674647090480067,0.6025676449607942,0.6240556931417094,0.2683397608927827,0.2277875391973771,True,True,True,0.6044532834729333,0.8320781989540356,0.7694676972016143,0.1020008559804409,0.7702032807399722,-0.04,0.7534694711267114,0.015045667580735,False,False,0.015044857558770386,0.058942571507555996,-0.08678121067365241,0.29191213985757836,0.06300970069960943,0.10256546459196303,0.01960136706033999,0.2667162256314061,0.14170089438324798,-0.16792007617050042,True
148,1054,2496209,Crotophaga ani,Crotophaga ani,Smooth-billed Ani,smbani,nodata_as_absence,both_classes,0.0300136626276798,1.3662627679877914e-05,0.6477298140525818,0.01,66,1,579752,574850,4902,0.0084553395244863,3916,575836,16941,0.0,0.0205257094983767,24731,294,24437,551399,3622,579752,0.0118879139541466,0.0750766087844739,0.9575625698983738,0.0205257094983767,0.9516017193558624,0.5163195893414239,0.0103692730927944,0.0132292256165152,0.0089677615290314,True,True,True,0.0067546123169907,0.0426578950999737,0.0205292926471615,0.0300136626276798,0.0205292926471615,0.0,0.0134185872790696,0.0071071222193071,False,False,148,1054,Crotophaga ani,Smooth-billed Ani,smbani,nodata_as_absence,both_classes,0.4600004422774111,4.4227741113900265e-07,0.9597305655479432,0.01,97,1,579752,574850,4902,0.0084553395244863,3916,575836,16941,0.1575362179794684,0.0067615415965373,8537,1023,7514,568322,2893,579752,0.1198313224786224,0.2612359550561798,0.9869511458123492,0.1642977595760058,0.9820492210462404,0.6240935504342646,0.089501312335958,0.1687708786443101,0.1564859066224781,True,True,True,0.0067546123169907,0.0147252618360954,0.1642977595760058,0.4600004422774111,0.1642977595760058,0.0,0.0134185872790696,0.1508791722969361,False,False,0.14377205007762908,0.1079434085244758,0.18615934627170588,0.029388575913975368,0.03044750169037802,0.10777396109284076,0.0791320392431636,0.15554165302779488,0.4299867796497313,-0.0279326332638783,True
149,1055,2496211,Crotophaga sulcirostris,Crotophaga sulcirostris,Groove-billed Ani,grbani,nodata_as_absence,both_classes,0.0002111325593432,0.0002111325593432,0.5048742890357971,0.01,52,1,579752,574850,4902,0.0084553395244863,12083,567669,16941,0.0,0.0408323955703795,579751,12083,567668,1,0,579752,0.0208417061807569,1.0,1.7615899406168032e-06,0.0408323955703795,0.0208433951068732,0.5000008807949703,0.0208417061807569,0.0001916103858179,7.34290772108897e-08,True,True,True,0.0208416702314092,0.999998275124536,0.0411734238378551,0.0002111325593432,0.0411734238378551,0.0,0.0408323265775089,6.899287059713989e-08,True,True,149,1055,Crotophaga sulcirostris,Groove-billed Ani,grbani,nodata_as_absence,both_classes,0.0300364557017746,3.645570177468471e-05,0.9469183087348938,0.01,96,1,579752,574850,4902,0.0084553395244863,12083,567669,16941,0.0247961502472931,0.0253173195516304,341315,8855,332460,235209,3228,579752,0.0259437762770461,0.7328478026980054,0.4143418083425376,0.0501134697989235,0.4209800052436214,0.5735948055202715,0.0257007107966204,0.0427314492838487,0.0102687204494698,True,True,True,0.0208416702314092,0.5887258689922588,0.0503809149925182,0.0300364557017746,0.0503809149925182,0.0,0.0408323265775089,0.0092811432214146,False,False,0.009281074228543996,0.005102070096289199,-0.2671521973019946,0.41434004675259695,0.40013661013674817,0.07359392472530124,0.004859004615863499,0.0425398388980308,0.0298253231424314,-0.4112724061322772,True
150,1056,2496287,Coccyzus americanus,Coccyzus americanus,Yellow-billed Cuckoo,yebcuc,nodata_as_absence,both_classes,0.0010234846267849,0.0010234846267849,0.5852453708648682,0.01,60,1,579752,574850,4902,0.0084553395244863,439889,139863,16941,3.182563190928786e-05,0.8627981928059707,579751,439888,139863,0,1,579752,0.7587533268592896,0.9999977266992356,0.0,0.86283001843788,0.7587520181042928,0.4999988633496177,0.7587520181042928,-0.0007405580642235,-3.449738163867976e-06,True,True,True,0.7587537429797568,0.999998275124536,0.8669981808112045,0.0010234846267849,0.8669981808112045,0.0,0.8628311337029405,-1.1152650605250614e-06,True,True,150,1056,Coccyzus americanus,Yellow-billed Cuckoo,yebcuc,nodata_as_absence,both_classes,0.0037162494845688,0.0037162494845688,0.9999958872795104,0.01,101,1,579752,574850,4902,0.0084553395244863,439889,139863,16941,0.8363414256643685,0.0264885927735114,579751,439888,139863,0,1,579752,0.7587533268592896,0.9999977266992356,0.0,0.86283001843788,0.7587520181042928,0.4999988633496177,0.7587520181042928,-0.0007405580642235,-3.449738163867976e-06,True,True,True,0.7587537429797568,0.999998275124536,0.8669981808112045,0.0037162494845688,0.8669981808112045,0.0,0.8628311337029405,-1.1152650605250614e-06,True,True,0.0,0.0,0.0,0.0,0.0,0.0,0.0,0.0,0.0026927648577838997,0.0,True
151,1057,2496294,Coccyzus minor,Coccyzus minor,Mangrove Cuckoo,mancuc,nodata_as_absence,both_classes,0.0500095367386165,9.536738616588993e-06,0.5547360777854919,0.01,57,1,579752,574850,4902,0.0084553395244863,6919,572833,16941,0.0,0.1944147890093836,10878,1730,9148,563685,5189,579752,0.1590365876080161,0.2500361323890736,0.9840302496539132,0.1944147890093836,0.975270460472754,0.6170331910214933,0.1076741146449243,0.1873234519897721,0.1824878906249237,True,True,True,0.0119344133353571,0.0187631952972995,0.2201578009671672,0.0500095367386165,0.2201578009671672,0.0,0.0235873257754346,0.1708274632339489,False,False,151,1057,Coccyzus minor,Mangrove Cuckoo,mancuc,nodata_as_absence,both_classes,0.4900001691807796,1.6918077960781377e-07,0.9804550409317015,0.01,100,1,579752,574850,4902,0.0084553395244863,6919,572833,16941,0.3719569142643671,0.0006708229619102,9521,3063,6458,566375,3856,579752,0.3217099044218044,0.442694030929325,0.9887262081618902,0.3726277372262773,0.9822096344643916,0.7157101195456076,0.2289751065261269,0.3686120265260187,0.3638338194543934,True,True,True,0.0119344133353571,0.016422539292663,0.3730361709901352,0.4900001691807796,0.3730361709901352,0.0,0.0235873257754346,0.3490404114508427,False,False,0.17821294821689368,0.16267331681378833,0.19265789854025145,0.004695958507976994,0.0069391739916375705,0.09867692852411425,0.12130099188120261,0.1812885745362466,0.4399906324421631,-0.0023406560046364995,True
152,1058,2497035,Chordeiles minor,Chordeiles minor,Common Nighthawk,comnig,nodata_as_absence,both_classes,0.0008027142030186,0.0008027142030186,0.5899989604949951,0.01,60,1,579752,574850,4902,0.0084553395244863,558615,21137,16941,3.5802769702264165e-06,0.9814276992939236,579751,558614,21137,0,1,579752,0.9635412444307988,0.9999982098583104,0.0,0.9814312795708936,0.9635395824421475,0.4999991049291551,0.9635395824421475,-0.0002554727740866,-3.4495996261780075e-06,True,True,True,0.9635413073176116,0.999998275124536,0.985675769146616,0.0008027142030186,0.985675769146616,0.0,0.9814321743339364,-8.947630425470976e-07,True,True,152,1058,Chordeiles minor,Common Nighthawk,comnig,nodata_as_absence,both_classes,0.0007634859648533,0.0007634859648533,0.996044933795929,0.01,101,1,579752,574850,4902,0.0084553395244863,558615,21137,16941,0.4554710218295376,0.5259602577413561,579751,558614,21137,0,1,579752,0.9635412444307988,0.9999982098583104,0.0,0.9814312795708936,0.9635395824421475,0.4999991049291551,0.9635395824421475,-0.0002554727740866,-3.4495996261780075e-06,True,True,True,0.9635413073176116,0.999998275124536,0.985675769146616,0.0007634859648533,0.985675769146616,0.0,0.9814321743339364,-8.947630425470976e-07,True,True,0.0,0.0,0.0,0.0,0.0,0.0,0.0,0.0,-3.9228238165300074e-05,0.0,True
153,1059,2497240,Athene cunicularia,Athene cunicularia,Burrowing Owl,burowl,nodata_as_absence,both_classes,0.0100725645440979,7.256454409798607e-05,0.2928832173347473,0.01,31,1,579752,574850,4902,0.0084553395244863,46548,533204,16941,0.0,0.1678799584014262,128458,14690,113768,419436,31858,579752,0.1143564433511342,0.3155882100197645,0.786633258565202,0.1678799584014262,0.7488132856807739,0.5511107342924833,0.0916315277327278,0.0668850368103949,0.0566941055815506,True,True,True,0.0802895030978763,0.2215740523534201,0.168829228488352,0.0100725645440979,0.168829228488352,0.0,0.148644419607217,0.0192355387942092,False,False,153,1059,Athene cunicularia,Burrowing Owl,burowl,nodata_as_absence,both_classes,0.0400000715012831,7.150128311650407e-08,0.936453640460968,0.01,95,1,579752,574850,4902,0.0084553395244863,46548,533204,16941,0.1413139597385258,0.116812786328229,123477,21944,101533,431671,24604,579752,0.1777173076767333,0.471427343817135,0.8095794480161439,0.2581267460667549,0.7824293835985042,0.6405033959166395,0.1481891667398248,0.1865123771979604,0.1601906579237938,True,True,True,0.0802895030978763,0.2129824476672784,0.2621164975483316,0.0400000715012831,0.2621164975483316,0.0,0.148644419607217,0.1094823264595379,False,False,0.0902467876653287,0.0633608643255991,0.15583913379737052,0.022946189450941845,0.03361609791773035,0.08939266162415627,0.056557639007096996,0.1196273403875655,0.029927506957185206,-0.008591604686141702,True
154,1060,2497415,Megascops asio,Megascops asio,Eastern Screech-Owl,easowl1,nodata_as_absence,both_classes,6.750670581823215e-05,6.750670581823215e-05,0.7679226398468018,0.01,78,1,579752,574850,4902,0.0084553395244863,472296,107456,16941,0.0001354938964233,0.8977236321692371,579751,472295,107456,0,1,579752,0.8146514624381846,0.9999978826837408,0.0,0.8978591260656605,0.8146500572658654,0.4999989413418703,0.8146500572658654,-0.000626451492309,-3.449730725130792e-06,True,True,True,0.8146517821413294,0.999998275124536,0.9020622740881158,6.750670581823215e-05,0.9020622740881158,0.0,0.8978601736802884,-1.0476146278248777e-06,True,True,154,1060,Megascops asio,Eastern Screech-Owl,easowl1,nodata_as_absence,both_classes,0.0006223314558155,0.0006223314558155,0.9932877421379088,0.01,101,1,579752,574850,4902,0.0084553395244863,472296,107456,16941,0.098216348413514,0.7996427776521465,579751,472295,107456,0,1,579752,0.8146514624381846,0.9999978826837408,0.0,0.8978591260656605,0.8146500572658654,0.4999989413418703,0.8146500572658654,-0.000626451492309,-3.449730725130792e-06,True,True,True,0.8146517821413294,0.999998275124536,0.9020622740881158,0.0006223314558155,0.9020622740881158,0.0,0.8978601736802884,-1.0476146278248777e-06,True,True,0.0,0.0,0.0,0.0,0.0,0.0,0.0,0.0,0.0005548247499972678,0.0,True
155,1061,2497541,Strix varia,Strix varia,Barred Owl,brdowl,nodata_as_absence,both_classes,0.0100716757422196,7.167574221966788e-05,0.7561970353126526,0.01,77,1,579752,574850,4902,0.0084553395244863,371333,208419,16941,0.0053897503482669,0.7831885090993665,515397,349628,165769,42650,21705,579752,0.6783663855241687,0.9415484214976854,0.2046358537369433,0.7885782594476335,0.6766306972636575,0.5730921376173144,0.6509527054451483,0.22330014005615,0.1723117842093352,True,True,True,0.6405031806703556,0.8889956395148271,0.7903010521057372,0.0100716757422196,0.7903010521057372,0.0,0.7808618577729646,0.0077164016746689,False,False,155,1061,Strix varia,Barred Owl,brdowl,nodata_as_absence,both_classes,0.0605394014879129,0.0005394014879129,0.9996283650398254,0.01,101,1,579752,574850,4902,0.0084553395244863,371333,208419,16941,0.6729740150753389,0.1186427359371333,558569,368063,190506,17913,3270,579752,0.6589391820885154,0.991193887965788,0.0859470585695162,0.7916167510124723,0.6657605320895831,0.5385704732676522,0.6551040422612172,0.1972891686729335,0.0960741152801608,True,True,True,0.6405031806703556,0.963461963046268,0.7958101712212514,0.0705394014879129,0.795810427486582,0.01,0.7808618577729646,0.0107548932395077,False,False,0.003038491564838819,-0.019427203435653295,0.04964546646810264,-0.11868879516742709,-0.010870165174074464,-0.034521664349662196,0.00415133681606894,-0.026010971383216508,0.0504677257456933,0.07446632353144089,True
157,1064,2498080,Anas fulvigula,Anas fulvigula,Mottled Duck,motduc,nodata_as_absence,both_classes,0.03016155593039,0.00016155593039,0.6606935858726501,0.01,68,1,579752,574850,4902,0.0084553395244863,83847,495905,16941,0.0005484482491385,0.3708715603671912,129701,39658,90043,405862,44189,579752,0.3057647974957787,0.4729805479027276,0.8184269164456902,0.3714200086163298,0.768466516717493,0.645703732174209,0.2280637184426936,0.2459467861719001,0.2374560529740047,True,True,True,0.1446256330292953,0.2237180725551615,0.371714179933358,0.03016155593039,0.371714179933358,0.0,0.2527038166121407,0.118716192004189,False,False,157,1064,Anas fulvigula,Mottled Duck,motduc,nodata_as_absence,both_classes,0.2400398642878281,3.986428782809526e-05,0.91272634267807,0.01,93,1,579752,574850,4902,0.0084553395244863,83847,495905,16941,0.3359742912574891,0.1583318982057602,158258,59837,98421,397484,24010,579752,0.3780977896851976,0.7136450916550383,0.8015325515975842,0.4943061894632494,0.7888217720680567,0.7575888216263112,0.3282913073057256,0.4067443049958564,0.3763977617516521,True,True,True,0.1446256330292953,0.2729753411803667,0.4952594572895931,0.2400398642878281,0.4952594572895931,0.0,0.2527038166121407,0.2416023728511086,False,False,0.1228861808469196,0.07233299218941891,0.24066454375231072,-0.016894364848106025,0.020355255350563706,0.1118850894521023,0.10022758886303199,0.1607975188239563,0.2098783083574381,0.049257268625205214,True
158,1065,2498112,Anas acuta,Anas acuta,Northern Pintail,norpin,nodata_as_absence,both_classes,0.0102397246280452,0.0002397246280452,0.4282946288585663,0.01,44,1,579752,574850,4902,0.0084553395244863,76978,502774,16941,0.0,0.3092883371073973,164583,37356,127227,375547,39622,579752,0.2269736242503782,0.4852815090025721,0.7469499218336668,0.3092883371073973,0.7122062537084822,0.6161157154181195,0.1829338165079209,0.1747775989878582,0.1567114618136869,True,True,True,0.1327774634671376,0.283885178490113,0.3155627264970983,0.0102397246280452,0.3155627264970983,0.0,0.2344281515995919,0.0748601855078053,False,False,158,1065,Anas acuta,Northern Pintail,norpin,nodata_as_absence,both_classes,0.0901452443830203,0.0001452443830203,0.7248198390007019,0.01,74,1,579752,574850,4902,0.0084553395244863,76978,502774,16941,0.0148087312484761,0.4297664745631945,104863,40421,64442,438332,36557,579752,0.3854648446067726,0.5250980799709007,0.8718271032312729,0.4445752058116706,0.8257893030123226,0.6984625916010868,0.2858223730731155,0.3499219427705149,0.3441372687867938,True,True,True,0.1327774634671376,0.1808756157805406,0.4453613926840017,0.0901452443830203,0.4453613926840017,0.0,0.2344281515995919,0.2101470542120787,False,False,0.1352868687042733,0.1584912203563944,0.039816570968328635,0.12487718139760606,0.11358304930384033,0.08234687618296732,0.10288855656519458,0.17514434378265673,0.07990551975497509,-0.10300956270957243,True
159,1066,2498155,Mareca americana,Mareca americana,American Wigeon,amewig,nodata_as_absence,both_classes,0.0102336545003345,0.0002336545003345,0.4773338437080383,0.01,49,1,579752,574850,4902,0.0084553395244863,53795,525957,16941,0.0,0.2588246153587956,184544,30844,153700,372257,22951,579752,0.1671362926998439,0.5733618366019146,0.7077707873457336,0.2588246153587956,0.6952990244104376,0.6405663119738241,0.1486493650449408,0.1751033654946673,0.1344517126758166,True,True,True,0.0927896755854227,0.3183154176268473,0.2641658102089756,0.0102336545003345,0.2641658102089756,0.0,0.1698216549048452,0.0890029604539503,False,False,159,1066,Mareca americana,American Wigeon,amewig,nodata_as_absence,both_classes,0.1602936525561381,0.0002936525561381,0.857803463935852,0.01,87,1,579752,574850,4902,0.0084553395244863,53795,525957,16941,0.0614969148990719,0.2988690400281054,84692,24953,59739,466218,28842,579752,0.2946323147404713,0.4638535179849428,0.8864184714720025,0.3603659549271772,0.847208806524169,0.6751359947284726,0.2197843817710994,0.2877407502082743,0.2784795768826352,True,True,True,0.0927896755854227,0.1460831527963681,0.3660300416593323,0.1602936525561381,0.3660300416593323,0.0,0.1698216549048452,0.190544300022332,False,False,0.10154133956838163,0.1274960220406274,-0.10950831861697186,0.17864768412626886,0.1519097821137314,0.034569682754648556,0.0711350167261586,0.11263738471360699,0.15005999805580358,-0.17223226483047918,True
160,1067,2498167,Anser caerulescens,Anser caerulescens,Snow Goose,snogoo,nodata_as_absence,both_classes,0.0303816778771579,0.0003816778771579,0.344189703464508,0.01,36,1,579752,574850,4902,0.0084553395244863,34962,544790,16941,0.0,0.1830460768007603,74464,10015,64449,480341,24947,579752,0.1344945208422862,0.2864538641954122,0.8816993703996036,0.1830460768007603,0.8458030330210159,0.5840766172975078,0.1007433784993612,0.119639682179189,0.1099994581475434,True,True,True,0.0603050959720708,0.128441126550663,0.184214398705073,0.0303816778771579,0.184214398705073,0.0,0.1137504595633091,0.0692956172374512,False,False,160,1067,Anser caerulescens,Snow Goose,snogoo,nodata_as_absence,both_classes,0.0900106711786429,1.0671178642951418e-05,0.7954461574554443,0.01,81,1,579752,574850,4902,0.0084553395244863,34962,544790,16941,0.0040952137189659,0.1682036132001532,110808,12558,98250,446540,22404,579752,0.1133311674247346,0.3591899776900635,0.8196552800161531,0.1722988269191191,0.7918868757675696,0.5894226288531083,0.0942707864156382,0.1082789602324251,0.0887533556538159,True,True,True,0.0603050959720708,0.1911300004139701,0.1731887106005337,0.0800106711786429,0.173271289902932,-0.0099999999999999,0.1137504595633091,0.05854836735581,False,False,-0.010747249881641191,-0.021163353417551586,0.07273611349465131,-0.06204409038345049,-0.05391615725344634,0.005346011555600438,-0.006472592083723,-0.011360721946763894,0.05962899330148501,0.0626888738633071,True
161,1068,2498252,Alopochen aegyptiaca,Alopochen aegyptiaca,Egyptian Goose,egygoo,nodata_as_absence,both_classes,0.0500269664869847,2.6966486984747465e-05,0.63117516040802,0.01,65,1,579752,574850,4902,0.0084553395244863,14903,564849,16941,0.0061419320381867,0.4119761275760739,19317,7154,12163,552686,7749,579752,0.3703473624268779,0.480037576326914,0.9784668114841312,0.4181180596142607,0.9656542797610012,0.7292521939055225,0.264316855094953,0.4043096100200945,0.4007261840811098,True,True,True,0.0257058190398653,0.0333194193379238,0.4181180596142607,0.0500269664869847,0.4181180596142607,0.0,0.0501231806677821,0.3679948789464785,False,False,161,1068,Alopochen aegyptiaca,Egyptian Goose,egygoo,nodata_as_absence,both_classes,0.2800383229562431,3.8322956243064255e-05,0.9597331881523132,0.01,97,1,579752,574850,4902,0.0084553395244863,14903,564849,16941,0.4674667809687098,0.0938569277889948,15436,8515,6921,557928,6388,579752,0.5516325472920446,0.5713614708447964,0.9877471678271538,0.5613237087577047,0.9770436324497372,0.7795543193359751,0.3901667888563049,0.5496303024458715,0.5495408586155932,True,True,True,0.0257058190398653,0.0266251776621727,0.5613237087577047,0.2800383229562431,0.5613237087577047,0.0,0.0501231806677821,0.5112005280899224,False,False,0.14320564914344397,0.1812851848651667,0.09132389451788236,0.0092803563430226,0.011389352688736087,0.05030212543045254,0.1258499337613519,0.145320692425777,0.23001135646925838,-0.0066942416757511045,True
162,1069,2498256,Aythya valisineria,Aythya valisineria,Canvasback,canvas,nodata_as_absence,both_classes,0.0202503613941371,0.0002503613941371,0.3694215714931488,0.01,38,1,579752,574850,4902,0.0084553395244863,28243,551509,16941,0.0,0.1766966659193543,96649,11034,85615,465894,17209,579752,0.1141656923506709,0.3906808766774068,0.8447622794913592,0.1766966659193543,0.822641405290538,0.617721578084383,0.096910186372499,0.135987577209016,0.1095589631018089,True,True,True,0.0487156577295119,0.1667074887193144,0.1832403347947389,0.0202503613941371,0.1832403347947389,0.0,0.0929053692875763,0.0837912966317779,False,False,162,1069,Aythya valisineria,Canvasback,canvas,nodata_as_absence,both_classes,0.0501106044728658,0.0001106044728658,0.6832996606826782,0.01,70,1,579752,574850,4902,0.0084553395244863,28243,551509,16941,0.0018352509352721,0.133540733194664,100805,8735,92070,459439,19508,579752,0.0866524477952482,0.3092801756187374,0.8330580280648185,0.1353759841299361,0.8075418454787564,0.5711691018417779,0.0726022956787712,0.0808478416174654,0.0641505062637818,True,True,True,0.0487156577295119,0.1738760711476631,0.1357736846195694,0.0501106044728658,0.1357736846195694,0.0,0.0929053692875763,0.0424706148423597,False,False,-0.041320681789418195,-0.0275132445554227,-0.08140070105866942,-0.011704251426540635,-0.015099559811781571,-0.046552476242605056,-0.024307890693727796,-0.055139735591550595,0.0298602430787287,0.0071685824283486965,True
163,1070,2498257,Aythya affinis,Aythya affinis,Lesser Scaup,lessca,nodata_as_absence,both_classes,0.0201110006051021,0.0001110006051021,0.3937276899814605,0.01,41,1,579752,574850,4902,0.0084553395244863,60411,519341,16941,0.0,0.3637788407811712,86343,26693,59650,459691,33718,579752,0.3091507128545452,0.4418566155170416,0.8851429022549732,0.3637788407811712,0.8389518276780417,0.6634997588860074,0.2223286496031184,0.2806172271521336,0.2748672287131648,True,True,True,0.1042014516551905,0.148930922187418,0.375244253883461,0.0201110006051021,0.375244253883461,0.0,0.188736306222009,0.1750425345591621,False,False,163,1070,Aythya affinis,Lesser Scaup,lessca,nodata_as_absence,both_classes,0.1202341480285394,0.0002341480285394,0.8883118629455566,0.01,90,1,579752,574850,4902,0.0084553395244863,60411,519341,16941,0.0572044305703012,0.3172464097504932,103931,30769,73162,446179,29642,579752,0.2960521884711972,0.5093277714323551,0.8591253145813637,0.3744508403207944,0.8226759027998178,0.6842265430068594,0.2303534396921533,0.2934757086533229,0.2794910661439582,True,True,True,0.1042014516551905,0.1792680318481005,0.3856610158869426,0.1202341480285394,0.3856610158869426,0.0,0.188736306222009,0.1857145340987853,False,False,0.010671999539623223,-0.01309852438334802,0.0674711559153135,-0.02601758767360951,-0.016275924878223824,0.020726784120851938,0.008024790089034894,0.01285848150118929,0.10012314742343731,0.03033710966068251,True
164,1071,2498263,Aythya americana,Aythya americana,Redhead,redhea,nodata_as_absence,both_classes,0.0305881055258214,0.0005881055258214,0.3845772743225097,0.01,40,1,579752,574850,4902,0.0084553395244863,44278,535474,16941,0.0,0.2587346135996994,91475,17562,73913,461561,26716,579752,0.1919868816616562,0.3966303807760061,0.8619671543342907,0.2587346135996994,0.8264275069339994,0.6292987675551485,0.148589994161992,0.1884096879603722,0.1736845611906382,True,True,True,0.0763740357946156,0.1577829830686224,0.267862453956851,0.0305881055258214,0.267862453956851,0.0,0.141909844078009,0.1168247695216903,False,False,164,1071,Aythya americana,Redhead,redhea,nodata_as_absence,both_classes,0.06009432452498,9.43245249800384e-05,0.9148781895637512,0.01,93,1,579752,574850,4902,0.0084553395244863,44278,535474,16941,0.0471545765777404,0.1910245333603262,147057,22786,124271,411203,21492,579752,0.1549467213393446,0.5146122227742898,0.7679233725633737,0.2381791099380667,0.748576977742207,0.6412677976688317,0.1351891734747758,0.1724656355467778,0.1368449601497088,True,True,True,0.0763740357946156,0.253655011108198,0.2396848521824196,0.06009432452498,0.2396848521824196,0.0,0.141909844078009,0.0962692658600576,False,False,-0.020555503661632696,-0.03704016032231161,0.11798184199828365,-0.09404378177091699,-0.07785052919179236,0.011969030113683221,-0.013400820687216208,-0.015944052413594395,0.0295062189991586,0.09587202803957559,True
165,1072,2498264,Aythya collaris,Aythya collaris,Ring-necked Duck,rinduc,nodata_as_absence,both_classes,0.0105461332621052,0.0005461332621052,0.5745432376861572,0.01,59,1,579752,574850,4902,0.0084553395244863,98165,481587,16941,8.149212073057686e-05,0.3395138179294864,253907,59781,194126,287461,38384,579752,0.2354444737640159,0.6089848724086996,0.5969035709020385,0.339595310050217,0.5989492058673364,0.6029442216553691,0.2045256268581653,0.1556341203068276,0.1261903986441735,True,True,True,0.1693223999227255,0.4379579544356897,0.3443199391776892,0.0105461332621052,0.3443199391776892,0.0,0.2896077248394715,0.0499875852107454,False,False,165,1072,Aythya collaris,Ring-necked Duck,rinduc,nodata_as_absence,both_classes,0.1304395325668156,0.0004395325668156,0.8862019777297974,0.01,90,1,579752,574850,4902,0.0084553395244863,98165,481587,16941,0.0637489108683371,0.3138137186287433,167285,50112,117173,364414,48053,579752,0.2995606300624682,0.5104874446085672,0.7566940137503712,0.3775626294970804,0.7150057265865405,0.6335907291794691,0.2327132229332491,0.2211561010061272,0.2086869991533527,True,True,True,0.1693223999227255,0.288545791993818,0.3788027107010707,0.1304395325668156,0.3788027107010707,0.0,0.2896077248394715,0.0879549046576089,False,False,0.037967319446863435,0.0641161562984523,-0.09849742780013238,0.15979044284833266,0.11605652071920414,0.03064650752410003,0.02818759607508378,0.0655219806992996,0.1198933993047104,-0.14941216244187167,True
166,1073,2498265,Aythya marila,Aythya marila,Greater Scaup,gresca,nodata_as_absence,both_classes,0.0201539328222861,0.0001539328222861,0.3509162068367004,0.01,37,1,579752,574850,4902,0.0084553395244863,25129,554623,16941,0.0,0.2494883321028382,81874,13348,68526,486097,11781,579752,0.1630309988518943,0.5311791157626646,0.8764458019231082,0.2494883321028382,0.8614804261132346,0.7038124588428865,0.1425230900645988,0.2383487028018005,0.1961699137038827,True,True,True,0.0433443955346424,0.14122245373884,0.2600783274555268,0.0201539328222861,0.2600783274555268,0.0,0.0830874171944564,0.1664009149083818,False,False,166,1073,Aythya marila,Greater Scaup,gresca,nodata_as_absence,both_classes,0.1000306294678012,3.062946780119091e-05,0.8564049601554871,0.01,87,1,579752,574850,4902,0.0084553395244863,25129,554623,16941,0.0343234323432343,0.280752736453824,31981,8997,22984,531639,16132,579752,0.2813232857008849,0.3580325520315173,0.9585592375361282,0.3150761687970583,0.9325297713505084,0.6582958947838228,0.1869972772431567,0.2823843675004791,0.2801302257676771,True,True,True,0.0433443955346424,0.0551632422139121,0.3160279602374513,0.1000306294678012,0.3160279602374513,0.0,0.0830874171944564,0.2319887516026018,False,False,0.06558783669422011,0.1182922868489906,-0.17314656373114734,0.08211343561301998,0.0710493452372738,-0.04551656405906368,0.04447418717855792,0.04403566469867862,0.0798766966455151,-0.08605921152492789,True
167,1074,2498305,Oxyura jamaicensis,Oxyura jamaicensis,Ruddy Duck,rudduc,nodata_as_absence,both_classes,0.0205491996416822,0.0005491996416822,0.3353989124298095,0.01,35,1,579752,574850,4902,0.0084553395244863,63813,515939,16941,0.0,0.26859719091382,97663,21686,75977,439962,42127,579752,0.2220492919529402,0.3398367103881654,0.8527403433351617,0.26859719091382,0.7962853082007479,0.5962885268616636,0.1551326990485728,0.1610384777182011,0.1562587887188243,True,True,True,0.1100694779836895,0.1684565124398018,0.2766865490733948,0.0205491996416822,0.2766865490733948,0.0,0.1983109709197983,0.0702862199940216,False,False,167,1074,Oxyura jamaicensis,Ruddy Duck,rudduc,nodata_as_absence,both_classes,0.0500210652560781,2.1065256078145467e-05,0.8173334002494812,0.01,83,1,579752,574850,4902,0.0084553395244863,63813,515939,16941,0.0136250329013578,0.3235262703436933,160128,37751,122377,393562,26062,579752,0.2357551458832933,0.5915879209565449,0.762807231087396,0.3371513032450511,0.7439612110005658,0.6771975760219704,0.2027552500134271,0.2480719913860687,0.2133205975823007,True,True,True,0.1100694779836895,0.2762008582980308,0.3434469331683619,0.0500210652560781,0.3434469331683619,0.0,0.1983109709197983,0.1388403323252528,False,False,0.0685541123312311,0.01370585393035309,0.2517512105683795,-0.08993311224776568,-0.05232409720018216,0.08090904916030683,0.04762255096485429,0.0870335136678676,0.0294718656143959,0.10774434585822901,True
168,1075,2498329,Bucephala albeola,Bucephala albeola,Bufflehead,buffle,nodata_as_absence,both_classes,0.0501313274988206,0.0001313274988206,0.4444549679756164,0.01,46,1,579752,574850,4902,0.0084553395244863,37468,542284,16941,0.0,0.2579549466171798,67341,13518,53823,488461,23950,579752,0.2007395197576513,0.3607878723177111,0.9007475787594692,0.2579549466171798,0.8658512605389891,0.6307677255385902,0.1480759330054441,0.2006897602597021,0.1907481936896765,True,True,True,0.0646276338848335,0.1161548386206515,0.2591442374051069,0.0501313274988206,0.2591442374051069,0.0,0.1214088979618288,0.1365460486553509,False,False,168,1075,Bucephala albeola,Bufflehead,buffle,nodata_as_absence,both_classes,0.1800259008556895,2.5900855689542368e-05,0.9197692275047302,0.01,93,1,579752,574850,4902,0.0084553395244863,37468,542284,16941,0.0554463430616462,0.172323494427105,56987,10757,46230,496054,26711,579752,0.1887623493077368,0.2870983239030639,0.914749467068916,0.2277698374887512,0.874185858780996,0.6009238954859899,0.1285215895242419,0.1666965083377005,0.1624557513271266,True,True,True,0.0646276338848335,0.0982954780664836,0.228243456858231,0.1800259008556895,0.228243456858231,0.0,0.1214088979618288,0.1063609395269224,False,False,-0.030185109128428617,-0.011977170449914504,-0.0736895484146472,0.01400188830944682,0.008334598242006885,-0.029843830052600273,-0.01955434348120222,-0.03399325192200159,0.1298945733568689,-0.017859360554167897,True
170,1077,2498375,Mergus serrator,Mergus serrator,Red-breasted Merganser,rebmer,nodata_as_absence,both_classes,0.0501129771626438,0.0001129771626438,0.7227192521095276,0.01,74,1,579752,574850,4902,0.0084553395244863,31149,548603,16941,0.0036524413687043,0.4433525549822752,40103,15925,24178,524425,15224,579752,0.3971024611625065,0.5112523676522521,0.9559280572654544,0.4470049963509796,0.9320364569678068,0.7335902124588531,0.2878341496918322,0.4151372091473463,0.4114068961327544,True,True,True,0.0537281458278712,0.0691726807324511,0.4767393126571668,0.0501129771626438,0.4767393126571668,0.0,0.1019772434486111,0.3450277529023685,False,False,170,1077,Mergus serrator,Red-breasted Merganser,rebmer,nodata_as_absence,both_classes,0.2600557973580726,5.579735807259567e-05,0.9383217096328736,0.01,95,1,579752,574850,4902,0.0084553395244863,31149,548603,16941,0.2819072082196179,0.3066944409923093,26333,16917,9416,539187,14232,579752,0.6424258534918164,0.5430992969276702,0.9828364044673472,0.5886016492119273,0.959210145027529,0.7629678506975086,0.417034389251818,0.569516870789017,0.5673013420695701,True,True,True,0.0537281458278712,0.0454211455932881,0.611959195485458,0.2300557973580726,0.6166201707667597,-0.03,0.1019772434486111,0.4866244057633161,False,False,0.14159665286094764,0.24532339232930983,0.0318469292754181,0.026908347201892835,0.0271736880597222,0.029377638238655468,0.12920023955998583,0.15437966164167072,0.20994282019542881,-0.023751535139162998,True
171,1078,2498387,Aix sponsa,Aix sponsa,Wood Duck,wooduc,nodata_as_absence,both_classes,0.0006480228039436,0.0006480228039436,0.414478987455368,0.01,43,1,579752,574850,4902,0.0084553395244863,304986,274766,16941,0.0,0.6894387823726147,579751,304986,274765,1,0,579752,0.5260637756554107,1.0,3.6394604863774994e-06,0.6894387823726147,0.5260645931363755,0.5000018197302432,0.5260637756554107,0.0013836864980234,3.829169318246379e-06,True,True,True,0.5260628682609115,0.999998275124536,0.6932799899981247,0.0006480228039436,0.6932799899981247,0.0,0.6894380031150464,7.792575682508129e-07,True,True,171,1078,Aix sponsa,Wood Duck,wooduc,nodata_as_absence,both_classes,0.1201268626219825,0.0001268626219825,0.9079039692878724,0.01,92,1,579752,574850,4902,0.0084553395244863,304986,274766,16941,0.3091021422127323,0.4122717340736112,460556,276121,184435,90331,28865,579752,0.5995383840401601,0.9053563114372464,0.3287561051949659,0.7213738762863435,0.6320840635306131,0.6170562083161061,0.5641788971049465,0.2892503097509059,0.2408690190545882,True,True,True,0.5260628682609115,0.7944017441940692,0.7224591570817067,0.1201268626219825,0.7224591570817067,0.0,0.6894380031150464,0.031935873171297,False,False,0.03193509391372884,0.0734746083847494,-0.09464368856275363,0.3287524657344795,0.10601947039423754,0.11705438858586292,0.03811512144953577,0.2878666232528825,0.11947883981803889,-0.20559653093046681,True
172,1079,2498393,Dendrocygna autumnalis,Dendrocygna autumnalis,Black-bellied Whistling-Duck,bbwduc,nodata_as_absence,both_classes,0.0105111669888719,0.0005111669888719,0.5903882384300232,0.01,60,1,579752,574850,4902,0.0084553395244863,269739,310013,16941,0.0001334514625909,0.6771260011207071,400025,226802,173223,136790,42937,579752,0.5669695644022249,0.8408202002676661,0.4412395609216388,0.677259452583298,0.6271509197035974,0.6410298805946525,0.5120123170836325,0.3041954605121959,0.2734796313925908,True,True,True,0.4652661827816031,0.6899933074831998,0.681990263381836,0.0105111669888719,0.681990263381836,0.0,0.6350602890436744,0.0421991635396236,False,False,172,1079,Dendrocygna autumnalis,Black-bellied Whistling-Duck,bbwduc,nodata_as_absence,both_classes,0.2954846131242811,0.0054846131242811,0.9758583903312684,0.01,99,1,579752,574850,4902,0.0084553395244863,269739,310013,16941,0.646536768542593,0.102562826381453,318052,220157,97895,212118,49582,579752,0.6922044194031165,0.8161852753958456,0.6842229196840133,0.7490995949240461,0.7456205411969256,0.7502040975399294,0.59884831109201,0.5015743408888248,0.4946533179772225,True,True,True,0.4652661827816031,0.5486000910734244,0.7495025320226393,0.2954846131242811,0.7495025320226393,0.0,0.6350602890436744,0.1140393058803717,False,False,0.07184014234074809,0.1252348550008916,-0.024634924871820507,0.24298335876237448,0.11846962149332818,0.10917421694527696,0.08683599400837749,0.19737888037662887,0.2849734461354092,-0.1413932164097753,True
173,1080,2498402,Dendrocygna bicolor,Dendrocygna bicolor,Fulvous Whistling-Duck,fuwduc,nodata_as_absence,both_classes,0.0302606831840239,0.0002606831840239,0.367906242609024,0.01,38,1,579752,574850,4902,0.0084553395244863,30308,549444,16941,0.0,0.1876710760488328,65775,9016,56759,492685,21292,579752,0.1370733561383504,0.2974792134090009,0.8966973886328725,0.1876710760488328,0.8653717451599995,0.5970883010209367,0.1035524366292625,0.1362808968317432,0.1250465784617284,True,True,True,0.0522775255626543,0.1134536836440409,0.1881135441334487,0.0302606831840239,0.1881135441334487,0.0,0.0993607186178408,0.0883103574309919,False,False,173,1080,Dendrocygna bicolor,Fulvous Whistling-Duck,fuwduc,nodata_as_absence,both_classes,0.3800114792046588,1.1479204658826347e-05,0.9375789761543274,0.01,95,1,579752,574850,4902,0.0084553395244863,30308,549444,16941,0.3318936232165388,0.0703688114274775,21141,10348,10793,538651,19960,579752,0.4894754268956057,0.3414280058070476,0.9803565058495496,0.4022624346440164,0.9469549048558694,0.6608922558282987,0.2517700299262791,0.3821096349044693,0.3754290544285563,True,True,True,0.0522775255626543,0.0364655921842443,0.4029516559257023,0.3800114792046588,0.4029516559257023,0.0,0.0993607186178408,0.3029017160261755,False,False,0.2145913585951836,0.35240207075725527,0.043948792398046665,0.08365911721667707,0.08158315969586993,0.063803954807362,0.14821759329701661,0.24582873807272612,0.34975079602063486,-0.0769880914597966,True
174,1081,2498408,Lophodytes cucullatus,Lophodytes cucullatus,Hooded Merganser,hoomer,nodata_as_absence,both_classes,0.0202672072441782,0.0002672072441782,0.4839134216308594,0.01,50,1,579752,574850,4902,0.0084553395244863,47650,532102,16941,0.0,0.2324423403839679,192943,27962,164981,367121,19688,579752,0.1449236302949575,0.5868205666316894,0.6899447850224205,0.2324423403839679,0.6814689729401537,0.638382675827055,0.1315048135032051,0.1613161391125482,0.1158955675488529,True,True,True,0.0821903158591949,0.3328026466489119,0.2333686644021399,0.0202672072441782,0.2333686644021399,0.0,0.1518962323996417,0.0805461079843262,False,False,174,1081,Lophodytes cucullatus,Hooded Merganser,hoomer,nodata_as_absence,both_classes,0.2800379240482289,3.792404822888784e-05,0.9235826730728148,0.01,94,1,579752,574850,4902,0.0084553395244863,47650,532102,16941,0.0712177990188091,0.1372855575693177,81499,13464,68035,464067,34186,579752,0.1652044810365771,0.2825603357817419,0.8721391763233365,0.2085033565881268,0.8236815051953249,0.5773497560525391,0.1163850110213078,0.122240956940702,0.1168975584995349,True,True,True,0.0821903158591949,0.1405756254398432,0.2091852588403455,0.2800379240482289,0.2091852588403455,0.0,0.1518962323996417,0.0566071241884851,False,False,-0.023938983795841112,0.020280850741619588,-0.30426023084994747,0.18219439130091597,0.14221253225517116,-0.06103291977451586,-0.015119802481897288,-0.03907518217184619,0.2597707168040507,-0.1922270212090687,True
175,1114,4409023,Chaetura pelagica,Chaetura pelagica,Chimney Swift,chiswi,nodata_as_absence,both_classes,0.0107128488505259,0.0007128488505259,0.3934515118598938,0.01,41,1,579752,574850,4902,0.0084553395244863,169744,410008,16941,0.0,0.5626004627091715,260764,121102,139662,270346,48642,579752,0.464412265496771,0.7134390611744745,0.6593676220951786,0.5626004627091715,0.6751990506285446,0.6864033416348265,0.3914015888508949,0.3410091880905713,0.3221872653819153,True,True,True,0.2927872607597731,0.4497854254922794,0.5685339718085044,0.0107128488505259,0.5685339718085044,0.0,0.4529550524619211,0.1096454102472504,False,False,175,1114,Chaetura pelagica,Chimney Swift,chiswi,nodata_as_absence,both_classes,0.4567195761203766,0.4267195761203766,0.9999993443489076,0.01,59,4,579752,574850,4902,0.0084553395244863,169744,410008,16941,0.452944731824665,8.256520820981716e-06,579751,169743,410008,0,1,579752,0.2927860409037673,0.999994108775568,0.0,0.452952988345486,0.2927855358843091,0.4999970543877839,0.2927855358843091,-0.0020411653912752,-3.449754414866395e-06,True,True,True,0.2927872607597731,0.999998275124536,0.4559349873017876,0.4567195761203766,0.4559349873017876,0.0,0.4529550524619211,-2.0641164351076213e-06,False,True,-0.10964747436368555,-0.1716262245930037,0.2865550476010935,-0.6593676220951786,-0.38241351474423546,-0.1864062872470426,-0.09861605296658577,-0.3430503534818465,0.4460067272698507,0.5502128496322566,True
176,1122,4848480,Larus smithsonianus,Larus smithsonianus,American Herring Gull,amhgul1,nodata_as_absence,both_classes,0.0401194720316561,0.0001194720316561,0.6689533591270447,0.01,68,1,579752,574850,4902,0.0084553395244863,32727,547025,16941,0.0015874469579021,0.5229195303226883,36641,18192,18449,528576,14535,579752,0.4964929996452062,0.5558712989274911,0.96627393629176,0.5245069772805905,0.9431067076957044,0.7610726176096255,0.3554791308425825,0.4952449394494302,0.4943526372533232,True,True,True,0.0564499993100498,0.0632011618761125,0.56196713208946,0.0401194720316561,0.56196713208946,0.0,0.1068673374923875,0.4176396397882029,False,False,176,1122,Larus smithsonianus,American Herring Gull,amhgul1,nodata_as_absence,both_classes,0.2402186138735851,0.0002186138735851,0.7832766175270081,0.01,80,1,579752,574850,4902,0.0084553395244863,32727,547025,16941,0.1813498464900869,0.3062067829270076,33493,16143,17350,529675,16584,579752,0.4819813095273639,0.4932624438536988,0.9682829852383348,0.4875566294170945,0.9414680760049124,0.7307727145460168,0.3223635601174192,0.4565567967921045,0.4565224384797805,True,True,True,0.0564499993100498,0.0577712539154673,0.5243446909409816,0.2402186138735851,0.5243446909409816,0.0,0.1068673374923875,0.380689291924707,False,False,-0.03695034786349599,-0.014511690117842313,-0.06260885507379232,0.002009048946574832,-0.0016386316907919252,-0.030299903063608746,-0.0331155707251633,-0.03868814265732573,0.200099141841929,-0.005429907960645193,True
177,1396,5228136,Porphyrio martinica,Porphyrio martinica,Purple Gallinule,purgal2,nodata_as_absence,both_classes,0.0300865140464156,8.651404641568661e-05,0.8180360794067383,0.01,83,1,579752,574850,4902,0.0084553395244863,115514,464238,16941,0.0112190638180896,0.4688373293374807,195162,74571,120591,343647,40943,579752,0.3820979493958865,0.6455581141679796,0.7402388430072506,0.4800563931555704,0.7213739667995971,0.6928984785876151,0.3158382922852121,0.3260992716575426,0.3064382794877753,True,True,True,0.1992472643475141,0.3366301453035091,0.4848096739589767,0.0300865140464156,0.4848096739589767,0.0,0.3322872109379719,0.1477691822175985,False,False,177,1396,Porphyrio martinica,Purple Gallinule,purgal2,nodata_as_absence,both_classes,0.4411359363561496,0.0011359363561496,0.9767703413963318,0.01,99,1,579752,574850,4902,0.0084553395244863,115514,464238,16941,0.5271254987795102,0.0129840103422649,135424,67767,67657,396581,47747,579752,0.500406131852552,0.5866561628893467,0.85426225341312,0.5401095091217751,0.800942471953525,0.7204592081512333,0.3699657696906169,0.4162423204006266,0.4141104434121183,True,True,True,0.1992472643475141,0.2335895348355848,0.5406934299289495,0.4411359363561496,0.5406934299289495,0.0,0.3322872109379719,0.2078222981838032,False,False,0.06005311596620472,0.11830818245666552,-0.05890195127863285,0.11402341040586939,0.07956850515392788,0.027560729563618214,0.0541274774054048,0.09014304874308399,0.411049422309734,-0.10304061046792429,True
178,1397,5228199,Gallinula chloropus,Gallinula galeata,Common Gallinule,comgal1,nodata_as_absence,both_classes,0.0100987577732303,9.875777323031798e-05,0.8689340949058533,0.01,88,1,579752,574850,4902,0.0084553395244863,173352,406400,16941,0.0214428720935523,0.5109506373547191,332984,134785,198199,208201,38567,579752,0.4047792086106239,0.7775220360884213,0.5123056102362205,0.5323935094482715,0.5916081358925885,0.6449138231623208,0.3627631200023684,0.2683644497269941,0.2292886362887147,True,True,True,0.2990106114338545,0.5743559315017456,0.5374523994656778,0.0100987577732303,0.5374523994656778,0.0,0.4603666957020544,0.072026813746217,False,False,178,1397,Gallinula galeata,Common Gallinule,comgal1,nodata_as_absence,both_classes,0.4935511269420385,0.0235511269420385,0.998944878578186,0.01,99,1,579752,574850,4902,0.0084553395244863,173352,406400,16941,0.5335804514204764,0.0002354597625038,273139,119172,153967,252433,54180,579752,0.4363053243952712,0.6874567354284923,0.6211441929133859,0.5338159111829802,0.6409723467965613,0.6543004641709391,0.3640851890663237,0.2830423141448618,0.2648828870299491,True,True,True,0.2990106114338545,0.4711307593591742,0.5347632936953107,0.4335511269420385,0.5355906447798141,-0.06,0.4603666957020544,0.0734492154809258,False,False,0.0014224017347087559,0.03152611578464731,-0.09006530065992902,0.1088385826771654,0.049364210903972805,0.009386641008618302,0.0013220690639553223,0.014677864417867725,0.4834523691688082,-0.10322517214257138,True
179,1398,5228514,Archilochus colubris,Archilochus colubris,Ruby-throated Hummingbird,rthhum,nodata_as_absence,both_classes,0.0204736012779176,0.0004736012779176,0.6414753794670105,0.01,66,1,579752,574850,4902,0.0084553395244863,108230,471522,16941,0.0002216946710143,0.3842426822442052,267706,72267,195439,276083,35963,579752,0.2699491232919696,0.6677168991961563,0.5855145677190036,0.3844643769152196,0.6008603678814389,0.6266157334575799,0.2379795105855388,0.1979265787985411,0.1615369411579184,True,True,True,0.1866832714678,0.4617595109633085,0.3847110022757822,0.0204736012779176,0.3847110022757822,0.0,0.3146303246305862,0.0698340522846333,False,False,179,1398,Archilochus colubris,Ruby-throated Hummingbird,rthhum,nodata_as_absence,both_classes,0.468627313375473,0.458627313375473,0.9999980926513672,0.01,56,1,579752,574850,4902,0.0084553395244863,108230,471522,16941,0.3146208197729265,1.133416222842687e-05,579748,108230,471518,4,0,579752,0.1866845594982647,1.0,8.48316727533392e-06,0.3146321539351549,0.1866901709696559,0.5000042415836377,0.1866845594982647,0.0012584420312218,3.1673476758228103e-06,True,True,True,0.1866832714678,0.999993100498144,0.3168900678694611,0.468627313375473,0.3168900678694611,0.0,0.3146303246305862,1.82930456865682e-06,False,True,-0.0698322229800647,-0.08326456379370487,0.3322831008038437,-0.5855060845517283,-0.41417019691178303,-0.12661149187394227,-0.05129495108727408,-0.19666813676731928,0.4481537120975554,0.5382335895348356,True
180,1399,5228824,Dryocopus pileatus,Dryocopus pileatus,Pileated Woodpecker,pilwoo,nodata_as_absence,both_classes,0.0001628234895179,0.0001628234895179,0.901044487953186,0.01,92,1,579752,574850,4902,0.0084553395244863,473441,106311,16941,0.0095855771088689,0.8894717647623188,579751,473440,106311,0,1,579752,0.8166264482510595,0.9999978878043938,0.0,0.8990573418711878,0.8166250396721356,0.4999989439021969,0.8166250396721356,-0.0006223510346254,-3.449730379636236e-06,True,True,True,0.8166267645475996,0.999998275124536,0.9032615020652682,0.0001628234895179,0.9032615020652682,0.0,0.899058387209182,-1.0453379941655072e-06,True,True,180,1399,Dryocopus pileatus,Pileated Woodpecker,pilwoo,nodata_as_absence,both_classes,0.027597760297358,0.007597760297358,0.9795194864273072,0.01,99,1,579752,574850,4902,0.0084553395244863,473441,106311,16941,0.3286417094381046,0.5706268093004585,578534,473004,105530,781,437,579752,0.8175906688284527,0.999076970520086,0.007346370554317,0.8992685187385632,0.8172201217072127,0.5032116705372015,0.8169735617155264,0.0542868859240701,0.0104153792857559,True,True,True,0.8166267645475996,0.9978991016848584,0.903478554026319,0.027597760297358,0.903478554026319,0.0,0.899058387209182,0.0002101315293812,False,True,0.00021117686737537333,0.0009642205773932044,-0.0009209172843077651,0.007346370554317,0.0005950820350770769,0.0032127266350046035,0.0003485220433907532,0.0549092369586955,0.027434936807840097,-0.002099173439677582,True
181,1400,5229128,Himantopus mexicanus,Himantopus mexicanus,Black-necked Stilt,bknsti,nodata_as_absence,both_classes,0.0101904319506138,0.0001904319506138,0.675419270992279,0.01,69,1,579752,574850,4902,0.0084553395244863,128030,451722,16941,0.0019656479618102,0.5055881279589572,285538,104954,180584,271138,23076,579752,0.3675657880912523,0.8197609935171444,0.6002320010980204,0.5075537759207676,0.6487118630034912,0.7099964973075824,0.3400817850129936,0.3484736277290164,0.2915039615811219,True,True,True,0.2208358056548317,0.4925174902372048,0.5134120420986721,0.0101904319506138,0.5134120420986721,0.0,0.3617780616065398,0.1457757143142277,False,False,181,1400,Himantopus mexicanus,Black-necked Stilt,bknsti,nodata_as_absence,both_classes,0.850997075587511,0.010997075587511,0.9999957084655762,0.01,100,1,579752,574850,4902,0.0084553395244863,128030,451722,16941,0.3676787898368449,0.0568498434817577,412791,114797,297994,153728,13233,579752,0.2780995709693283,0.8966414121690229,0.3403155037833003,0.4245286333186026,0.4631721839683175,0.6184784579761616,0.2694613449007567,0.2170642260618705,0.1318704239938076,True,True,True,0.2208358056548317,0.7120130676565152,0.4252055707830209,0.850997075587511,0.4252055707830209,0.0,0.3617780616065398,0.0627505717120627,False,False,-0.08302514260216498,-0.08946621712192399,0.07688041865187856,-0.25991649731472016,-0.18553967903517365,-0.09151803933142078,-0.07062044011223689,-0.1314094016671459,0.8408066436368973,0.21949557741931036,True
182,1401,5229155,Pelecanus erythrorhynchos,Pelecanus erythrorhynchos,American White Pelican,amwpel,nodata_as_absence,both_classes,0.0405810215952806,0.0005810215952806,0.6070186495780945,0.01,62,1,579752,574850,4902,0.0084553395244863,97773,481979,16941,0.00053165928819,0.3481592240177672,125049,38848,86201,395778,58925,579752,0.3106622204095994,0.3973285058247164,0.8211519589027738,0.3486908833059572,0.7496757234127696,0.6092402323637451,0.2111602726472219,0.1988987795215863,0.1966183658644337,True,True,True,0.1686462487408409,0.215693951896673,0.3562369900321868,0.0405810215952806,0.3562369900321868,0.0,0.2886181321722446,0.0600727511337126,False,False,182,1401,Pelecanus erythrorhynchos,American White Pelican,amwpel,nodata_as_absence,both_classes,0.6207293193484656,0.0007293193484656,0.9937564730644226,0.01,101,1,579752,574850,4902,0.0084553395244863,97773,481979,16941,0.4038048277516602,0.0250010234368624,200833,64022,136811,345168,33751,579752,0.3187822718377955,0.6548024505742894,0.7161473840146563,0.4288058511885226,0.7058017911106819,0.6854749172944729,0.2729171640009549,0.2919093334766681,0.2612095149709828,True,True,True,0.1686462487408409,0.3464119140598048,0.4300834007906784,0.6207293193484656,0.4300834007906784,0.0,0.2886181321722446,0.140187719016278,False,False,0.08011496788256539,0.008120051428196107,0.257473944749573,-0.10500457488811754,-0.04387393230208769,0.07623468493072771,0.061756891353732996,0.09301055395508179,0.5801482977531851,0.1307179621631318,True
183,1402,5229158,Pelecanus occidentalis,Pelecanus occidentalis,Brown Pelican,brnpel,nodata_as_absence,both_classes,0.0401255876122741,0.0001255876122741,0.9331194758415222,0.01,95,1,579752,574850,4902,0.0084553395244863,41354,538398,16941,0.0520454811862618,0.4232553723365075,52961,22414,30547,507851,18940,579752,0.4232170842695568,0.5420031919524109,0.9432631621959964,0.4753008535227694,0.9146410879134528,0.7426331770742036,0.3117341900668975,0.4335042899565378,0.4296073347572022,True,True,True,0.0713304999379044,0.0913511294484538,0.4994206773618538,0.0401255876122741,0.4994206773618538,0.0,0.1331624553618867,0.3421383981608827,False,False,183,1402,Pelecanus occidentalis,Brown Pelican,brnpel,nodata_as_absence,both_classes,0.7498160980269313,0.0098160980269312,0.999872386455536,0.01,101,1,579752,574850,4902,0.0084553395244863,41354,538398,16941,0.2618686288612819,0.1378633591570059,60134,20284,39850,498548,21070,579752,0.3373133335550604,0.4904966871403008,0.9259841232694028,0.3997319880182878,0.8949205867336378,0.7082404052048519,0.2497906507068617,0.3515631413424899,0.3443062190308314,True,True,True,0.0713304999379044,0.1037236611516648,0.406175534151665,0.7498160980269313,0.406175534151665,0.0,0.1331624553618867,0.2665695326564011,False,False,-0.07556886550448161,-0.08590375071449641,-0.051506504812110054,-0.01727903892659355,-0.019720501179814942,-0.034392771869351746,-0.0619435393600358,-0.08194114861404789,0.7096905104146571,0.012372531703210995,True
184,1403,5229205,Eudocimus albus,Eudocimus albus,White Ibis,whiibi,nodata_as_absence,both_classes,0.0203840934950858,0.0003840934950858,0.9739357829093932,0.01,99,1,579752,574850,4902,0.0084553395244863,364503,215249,16941,0.0580659244706396,0.7288514300919107,442184,317398,124786,90463,47105,579752,0.717796211531851,0.8707692392106512,0.420271406603515,0.7869173545625503,0.7035094316190371,0.645520322907083,0.6486922861539908,0.3305327877171414,0.3142604336354135,True,True,True,0.6287222812512937,0.7627123321696173,0.79171858143291,0.0203840934950858,0.79171858143291,0.0,0.7720435687393765,0.0148737858231737,False,False,184,1403,Eudocimus albus,White Ibis,whiibi,nodata_as_absence,both_classes,0.2319970458745956,0.1819970458745956,0.9994384050369264,0.01,83,1,579752,574850,4902,0.0084553395244863,364503,215249,16941,0.7664317859781666,0.0056112999320714,579750,364502,215248,1,1,579752,0.6287227253126347,0.9999972565383548,4.645782326514873e-06,0.7720430859102381,0.6287222812512937,0.5000009511603407,0.6287216408423616,0.0004948453319358,2.392057075127777e-06,True,True,True,0.6287222812512937,0.999996550249072,0.7760719901293552,0.2319970458745956,0.7760719901293552,0.0,0.7720435687393765,-4.828291384484373e-07,False,True,-0.014874268652312228,-0.08907348621921629,0.12922801732770361,-0.42026676082118847,-0.07478715036774342,-0.14551937174674234,-0.019970645311629176,-0.3300379423852056,0.2116129523795098,0.23728421807945466,True
185,1404,5229247,Sterna forsteri,Sterna forsteri,Forster's Tern,forter,nodata_as_absence,both_classes,0.0301946621632669,0.0001946621632669,0.6627389192581177,0.01,68,1,579752,574850,4902,0.0084553395244863,57345,522407,16941,0.0017070791527313,0.4967832539748647,62549,29883,32666,489741,27462,579752,0.4777534413020192,0.5211090766413811,0.9374702100086714,0.498490333127596,0.8962866881011191,0.7292896433250262,0.3319927564408794,0.4412919484997213,0.4407747644107535,True,True,True,0.0989129834825925,0.1078892353972043,0.5188516264573875,0.0301946621632669,0.5188516264573875,0.0,0.1800196830309984,0.3184706500965976,False,False,185,1404,Sterna forsteri,Forster's Tern,forter,nodata_as_absence,both_classes,0.2901943831448443,0.0001943831448443,0.9366816878318788,0.01,95,1,579752,574850,4902,0.0084553395244863,57345,522407,16941,0.2910116453236536,0.1891946415132815,64815,29331,35484,486923,28014,579752,0.4525341356167554,0.5114831284331677,0.9320759484463264,0.4802062868369351,0.8904738577874678,0.721779538439747,0.3159680703228517,0.4202318173336232,0.4192499195533486,True,True,True,0.0989129834825925,0.111797803198609,0.4984831876003773,0.2901943831448443,0.4984831876003773,0.0,0.1800196830309984,0.3001866038059367,False,False,-0.018284046290660882,-0.025219305685263815,-0.009625948208213386,-0.005394261562345015,-0.005812830313651318,-0.007510104885279256,-0.01602468611802771,-0.021060131166098117,0.2599997209815774,0.003908567801404708,True
186,1405,5229400,Calidris himantopus,Calidris himantopus,Stilt Sandpiper,stisan,nodata_as_absence,both_classes,0.0102434316120343,0.0002434316120343,0.3623724579811096,0.01,38,1,579752,574850,4902,0.0084553395244863,148899,430853,16941,0.0,0.4628086339872664,314757,107292,207465,223388,41607,579752,0.3408724825818012,0.7205689762859387,0.5184784601708703,0.4628086339872664,0.5703818184327092,0.6195237182284046,0.3010741825773647,0.2096466868220904,0.1751941357944369,True,True,True,0.2568322317128703,0.5429166264195725,0.4677203146558207,0.0102434316120343,0.4677203146558207,0.0,0.4086977167395639,0.0541109172477024,False,False,186,1405,Calidris himantopus,Stilt Sandpiper,stisan,nodata_as_absence,both_classes,0.1100312846023007,3.12846023007296e-05,0.88668292760849,0.01,90,1,579752,574850,4902,0.0084553395244863,148899,430853,16941,0.0801919603826444,0.4705399826986625,188354,92868,95486,335367,56031,579752,0.4930503201418605,0.6236979429008925,0.778379168765217,0.5507319430813069,0.7386520443224,0.7010385558330547,0.3800069562370849,0.3750792835620896,0.369997561366709,True,True,True,0.2568322317128703,0.324887193144655,0.554722289421104,0.1000312846023007,0.5550173923267291,-0.0099999999999999,0.4086977167395639,0.1420342263417429,False,False,0.0879233090940405,0.15217783756005931,-0.09687103338504621,0.25990070859434666,0.16827022588969076,0.08151483760465017,0.07893277365972023,0.1654325967399992,0.0997878529902664,-0.21802943327491753,True
187,1406,5229662,Tyrannus melancholicus,Tyrannus melancholicus,Tropical Kingbird,trokin,nodata_as_absence,both_classes,0.0101398886961396,0.0001398886961396,0.3801259696483612,0.01,39,1,579752,574850,4902,0.0084553395244863,36522,543230,16941,0.0,0.2392802243405576,167097,24361,142736,400494,12161,579752,0.1457895713268341,0.6670226165051202,0.7372457338512233,0.2392802243405576,0.7328219652541087,0.7021341751781718,0.1358990951589329,0.2168507902359408,0.1515568356348471,True,True,True,0.0629959016958975,0.2882215154065876,0.2445576609361275,0.0101398886961396,0.2445576609361275,0.0,0.1185252014526006,0.1207550228879569,False,False,187,1406,Tyrannus melancholicus,Tropical Kingbird,trokin,nodata_as_absence,both_classes,0.1000007651300961,7.651300961697416e-07,0.9058681726455688,0.01,92,1,579752,574850,4902,0.0084553395244863,36522,543230,16941,0.1817920735209649,0.2815543831719485,65078,23538,41540,501690,12984,579752,0.3616890500630013,0.644488253655331,0.9235314691751192,0.4633464566929134,0.9059528902013274,0.7840098614152251,0.3015295534318875,0.4371689929001608,0.4162356723594387,True,True,True,0.0629959016958975,0.1122514454456388,0.464077287066246,0.1000007651300961,0.464077287066246,0.0,0.1185252014526006,0.3448212552403127,False,False,0.22406623235235582,0.2158994787361672,-0.022534362849789158,0.18628573532389592,0.1731309249472187,0.08187568623705332,0.16563045827295458,0.22031820266422,0.0898608764339565,-0.17597006996094877,True
188,1407,5229675,Tyrannus verticalis,Tyrannus verticalis,Western Kingbird,weskin,nodata_as_absence,both_classes,0.0007934495806694,0.0007934495806694,0.3086791634559631,0.01,32,1,579752,574850,4902,0.0084553395244863,96970,482782,16941,0.0,0.2865878257066058,579751,96970,482781,1,0,579752,0.167261462248448,1.0,2.071328259959982e-06,0.2865878257066058,0.1672628986187197,0.50000103566413,0.167261462248448,0.0005886029167082,6.929065470738972e-07,True,True,True,0.1672611737432557,0.999998275124536,0.288678944775304,0.0007934495806694,0.288678944775304,0.0,0.2865874022124299,4.23494175949557e-07,True,True,188,1407,Tyrannus verticalis,Western Kingbird,weskin,nodata_as_absence,both_classes,0.0600797617976786,7.976179767865688e-05,0.9249343276023864,0.01,94,1,579752,574850,4902,0.0084553395244863,96970,482782,16941,0.1176604958835007,0.2738231637606592,171690,52588,119102,363680,44382,579752,0.3062962315801735,0.5423120552748273,0.7533006615822462,0.3914836596441599,0.7180104596448137,0.6478063584285367,0.2433818356844015,0.2416472005360296,0.2260227917922245,True,True,True,0.1672611737432557,0.2961438684127006,0.3923526010482532,0.0600797617976786,0.3923526010482532,0.0,0.2865874022124299,0.10489625743173,False,False,0.10489583393755408,0.13903476933172548,-0.4576879447251727,0.7532985902539863,0.550747561026094,0.14780532276440672,0.07612037343595349,0.24105859761932139,0.059286312217009196,-0.7038544067118354,True
189,1408,5229678,Tyrannus dominicensis,Tyrannus dominicensis,Gray Kingbird,grykin,nodata_as_absence,both_classes,0.0200688103755237,6.881037552375346e-05,0.7480506300926208,0.01,76,1,579752,574850,4902,0.0084553395244863,26260,553492,16941,0.0016715419974926,0.3318060368416916,47688,12330,35358,518134,13930,579752,0.2585556114745848,0.4695354150799695,0.9361183178799332,0.3334775788391843,0.914984338130787,0.7028268664799514,0.2001038657535135,0.3070237838919292,0.2921230669917297,True,True,True,0.0452952296844167,0.0822558611268266,0.3506327314090715,0.0200688103755237,0.3506327314090715,0.0,0.0866649505290324,0.2468126283101518,False,False,189,1408,Tyrannus dominicensis,Gray Kingbird,grykin,nodata_as_absence,both_classes,0.2400058633067965,5.863306796527468e-06,0.9797602891921996,0.01,99,1,579752,574850,4902,0.0084553395244863,26260,553492,16941,0.274673504681257,0.1652435470159088,28714,12092,16622,536870,14168,579752,0.4211186180957024,0.4604722010662604,0.9699688523050016,0.4399170516971659,0.9468910844637016,0.7152205266856311,0.2819831164591204,0.4125523809142067,0.4120992481717221,True,True,True,0.0452952296844167,0.0495280740730519,0.4436372975253609,0.2400058633067965,0.4436372975253609,0.0,0.0866649505290324,0.3532521011681335,False,False,0.10643947285798161,0.1625630066211176,-0.009063214013709076,0.03385053442506847,0.03190674633291468,0.012393660205679669,0.08187925070560689,0.10552859702227751,0.2199370529312728,-0.0327277870537747,True
190,1409,5229687,Tyrannus forficatus,Tyrannus forficatus,Scissor-tailed Flycatcher,sctfly,nodata_as_absence,both_classes,0.010350679969415,0.000350679969415,0.3477702736854553,0.01,36,1,579752,574850,4902,0.0084553395244863,98757,480995,16941,0.0,0.3002380203356027,238189,50582,187607,293388,48175,579752,0.2123607723278573,0.5121864779205525,0.6099606025010655,0.3002380203356027,0.5933054133491562,0.561073540210809,0.1766353312567222,0.0933342529814922,0.0782495738959431,True,True,True,0.1703435261974085,0.4108463618926714,0.3026506312451385,0.010350679969415,0.3026506312451385,0.0,0.291100044361976,0.0091379759736267,False,False,190,1409,Tyrannus forficatus,Scissor-tailed Flycatcher,sctfly,nodata_as_absence,both_classes,0.0300018335970253,1.833597025324707e-06,0.9211958050727844,0.01,94,1,579752,574850,4902,0.0084553395244863,98757,480995,16941,0.1274299666374667,0.3742696276017616,153362,63244,90118,390877,35513,579752,0.4123837717296331,0.6404001741648693,0.8126425430617782,0.5016995942392283,0.7833021705832839,0.7265213586133237,0.3348457974851092,0.386127729667954,0.3714381704919952,True,True,True,0.1703435261974085,0.2645303509086644,0.5020819523115824,0.0300018335970253,0.5020819523115824,0.0,0.291100044361976,0.2105995498772522,False,False,0.20146157390362557,0.2000229994017758,0.12821369624431678,0.20268194056071265,0.18999675723412768,0.16544781840251466,0.15821046622838697,0.29279347668646183,0.0196511536276103,-0.14631601098400698,True
191,1410,5229688,Tyrannus tyrannus,Tyrannus tyrannus,Eastern Kingbird,easkin,nodata_as_absence,both_classes,0.0012949741212651,0.0012949741212651,0.4988867938518524,0.01,51,1,579752,574850,4902,0.0084553395244863,447688,132064,16941,0.0,0.8714639019932083,579751,447688,132063,1,0,579752,0.7722073786849871,1.0,7.572086261206688e-06,0.8714639019932083,0.7722077715988905,0.5000037860431306,0.7722073786849871,0.0024181027444968,1.1694373386017163e-05,True,True,True,0.7722060467234265,0.999998275124536,0.8756416638224338,0.0012949741212651,0.8756416638224338,0.0,0.8714630538036284,8.481895799050676e-07,True,True,191,1410,Tyrannus tyrannus,Eastern Kingbird,easkin,nodata_as_absence,both_classes,0.0004341667226981,0.0004341667226981,0.8244185447692871,0.01,84,1,579752,574850,4902,0.0084553395244863,447688,132064,16941,0.0262100766018857,0.8452518788037393,579751,447687,132064,0,1,579752,0.7722056538065479,0.9999977663015316,0.0,0.8714619554056251,0.7722043218479626,0.4999988831507657,0.7722043218479626,-0.0007133189204294,-3.4497367070180253e-06,True,True,True,0.7722060467234265,0.999998275124536,0.8756397079029903,0.0004341667226981,0.8756397079029903,0.0,0.8714630538036284,-1.0983980033296703e-06,True,True,-1.946587583234738e-06,-1.7248784391910021e-06,-2.2336984684123706e-06,-7.572086261206688e-06,-3.449750927919659e-06,-4.902892364877509e-06,-3.0568370245065424e-06,-0.0031314216649261997,-0.0008608073985669999,0.0,True
192,1411,5229734,Contopus virens,Contopus virens,Eastern Wood-Pewee,eawpew,nodata_as_absence,both_classes,0.0007441932684741,0.0007441932684741,0.5613598227500916,0.01,58,1,579752,574850,4902,0.0084553395244863,377897,201855,16941,2.1169565574052466e-05,0.7891978336589928,579751,377897,201854,1,0,579752,0.6518263875353384,1.0,4.9540511753486415e-06,0.7892190032245668,0.6518269880914598,0.5000024770255876,0.6518263875353384,0.0017969922874883,6.458341707508358e-06,True,True,True,0.6518252632159958,0.999998275124536,0.7932796359155536,0.0007441932684741,0.7932796359155536,0.0,0.7892181791031996,8.241213672599557e-07,True,True,192,1411,Contopus virens,Eastern Wood-Pewee,eawpew,nodata_as_absence,both_classes,0.0112914316030219,0.0012914316030219,0.8051735162734985,0.01,82,1,579752,574850,4902,0.0084553395244863,377897,201855,16941,0.0031628859882566,0.7930267414984301,551251,369889,181362,20493,8008,579752,0.6709992362825645,0.9788090405586708,0.1015233707364197,0.7961896274866868,0.6733603333839296,0.5401662056475453,0.6613912337575256,0.1770078539684629,0.1004199779777932,True,True,True,0.6518252632159958,0.9508393244007782,0.8003319128588104,0.0112914316030219,0.8003319128588104,0.0,0.7892181791031996,0.0069714483834871,False,False,0.006970624262119918,0.019172848747226134,-0.021190959441329205,0.10151841668524436,0.021533345292469863,0.040163728621957606,0.009564846222187229,0.1752108616809746,0.010547238334547801,-0.049158950723757755,True
193,1412,5229910,Icterus pectoralis,Icterus pectoralis,Spot-breasted Oriole,spbori,nodata_as_absence,both_classes,0.0300033223252557,3.322325255794567e-06,0.370767205953598,0.01,39,1,579752,574850,4902,0.0084553395244863,4219,575533,16941,0.0,0.3563095078449779,10695,2657,8038,567495,1562,579752,0.2484338475923328,0.6297700876985067,0.9860338156109206,0.3563095078449779,0.9834411955456815,0.8079019516547137,0.2167740882760871,0.3889681450468423,0.3495203227633884,True,True,True,0.0072772495825801,0.018447543087389,0.3563095078449779,0.0300033223252557,0.3563095078449779,0.0,0.0144493476559623,0.3418601601890155,False,False,193,1412,Icterus pectoralis,Spot-breasted Oriole,spbori,nodata_as_absence,both_classes,0.3200075443649621,7.544364962086547e-06,0.9324175119400024,0.01,95,1,579752,574850,4902,0.0084553395244863,4219,575533,16941,0.4410598127875614,0.1435183059044046,5689,2896,2793,572740,1323,579752,0.509052557567235,0.6864185826025124,0.99514710711636,0.5845781186919661,0.992900412590211,0.8407828448594362,0.4130062749572162,0.5876920997462843,0.5810772067105662,True,True,True,0.0072772495825801,0.0098128165146476,0.5845781186919661,0.3200075443649621,0.5845781186919661,0.0,0.0144493476559623,0.5701287710360037,False,False,0.22826861084698818,0.2606187099749022,0.0566484949040057,0.00911329150543938,0.009459217044529455,0.03288089320472254,0.1962321866811291,0.19872395469944204,0.2900042220397064,-0.008634726572741398,True
194,1413,5229935,Icterus spurius,Icterus spurius,Orchard Oriole,orcori,nodata_as_absence,both_classes,0.0002843653783202,0.0002843653783202,0.2791461050510406,0.01,29,1,579752,574850,4902,0.0084553395244863,182972,396780,16941,0.0,0.4797862395653468,579751,182972,396779,1,0,579752,0.3156044577758382,1.0,2.5202883209839205e-06,0.4797862395653468,0.3156056382729167,0.5000012601441605,0.3156044577758382,0.0008918599828352,1.5908271926174945e-06,True,True,True,0.3156039133974527,0.999998275124536,0.48288975892724,0.0002843653783202,0.48288975892724,0.0,0.4797856105222859,6.29043060862422e-07,True,True,194,1413,Icterus spurius,Orchard Oriole,orcori,nodata_as_absence,both_classes,0.0300148992494359,1.489924943598453e-05,0.8974528312683105,0.01,91,1,579752,574850,4902,0.0084553395244863,182972,396780,16941,0.0260705634657629,0.5115345949645429,293452,128064,165388,231392,54908,579752,0.436405272412524,0.6999103687995978,0.5831745551691113,0.5376051584303058,0.6200168347845285,0.6415424619843546,0.3676197037547364,0.2631508240651183,0.2434755037309385,True,True,True,0.3156039133974527,0.5061681546592336,0.5386396471991066,0.0300148992494359,0.5386396471991066,0.0,0.4797856105222859,0.0578195479080198,False,False,0.05781891886495899,0.12080081463668585,-0.3000896312004022,0.5831720348807904,0.3044111965116118,0.14154120184019414,0.05201524597889823,0.2622589640822831,0.0297305338711157,-0.4938301204653024,True
195,1414,5230862,Passerina caerulea,Passerina caerulea,Blue Grosbeak,blugrb1,nodata_as_absence,both_classes,0.0006301970570348,0.0006301970570348,0.3744463920593261,0.01,39,1,579752,574850,4902,0.0084553395244863,471417,108335,16941,0.0,0.8969394045480836,579751,471417,108334,1,0,579752,0.8131370191685741,1.0,9.230627221119675e-06,0.8969394045480836,0.8131373414839449,0.5000046153136105,0.8131370191685741,0.0027396650714343,1.5011416735286629e-05,True,True,True,0.8131356166084809,0.999998275124536,0.9011417746538644,0.0006301970570348,0.9011417746538644,0.0,0.8969385512700622,8.532780214620672e-07,True,True,195,1414,Passerina caerulea,Blue Grosbeak,blugrb1,nodata_as_absence,both_classes,0.000284586334601,0.000284586334601,0.8263270258903503,0.01,84,1,579752,574850,4902,0.0084553395244863,471417,108335,16941,0.013557408335826,0.8833819962122577,579751,471417,108334,1,0,579752,0.8131370191685741,1.0,9.230627221119675e-06,0.8969394045480836,0.8131373414839449,0.5000046153136105,0.8131370191685741,0.0027396650714343,1.5011416735286629e-05,True,True,True,0.8131356166084809,0.999998275124536,0.9011417746538644,0.000284586334601,0.9011417746538644,0.0,0.8969385512700622,8.532780214620672e-07,True,True,0.0,0.0,0.0,0.0,0.0,0.0,0.0,0.0,-0.00034561072243380006,0.0,True
196,1415,5231132,Zonotrichia leucophrys,Zonotrichia leucophrys,White-crowned Sparrow,whcspa,nodata_as_absence,both_classes,0.0004378011508379,0.0004378011508379,0.3177854716777801,0.01,33,1,579752,574850,4902,0.0084553395244863,145984,433768,16941,0.0,0.4023038712477695,579751,145983,433768,0,1,579752,0.2518029291885654,0.9999931499342394,0.0,0.4023038712477695,0.2518024948598711,0.4999965749671197,0.2518024948598711,-0.0022638902661061,-3.449754875800943e-06,True,True,True,0.2518042197353351,0.999998275124536,0.4050397248738612,0.0004378011508379,0.4050397248738612,0.0,0.402306072731682,-2.201483912556146e-06,True,True,196,1415,Zonotrichia leucophrys,White-crowned Sparrow,whcspa,nodata_as_absence,both_classes,1.889747363748029e-05,1.889747363748029e-05,0.8629785776138306,0.01,88,1,579752,574850,4902,0.0084553395244863,145984,433768,16941,0.0167780539323147,0.3855258173154547,579751,145983,433768,0,1,579752,0.2518029291885654,0.9999931499342394,0.0,0.4023038712477695,0.2518024948598711,0.4999965749671197,0.2518024948598711,-0.0022638902661061,-3.449754875800943e-06,True,True,True,0.2518042197353351,0.999998275124536,0.4050397248738612,1.889747363748029e-05,0.4050397248738612,0.0,0.402306072731682,-2.201483912556146e-06,True,True,0.0,0.0,0.0,0.0,0.0,0.0,0.0,0.0,-0.0004189036772004197,0.0,True
197,1416,5231140,Zonotrichia albicollis,Zonotrichia albicollis,White-throated Sparrow,whtspa,nodata_as_absence,both_classes,0.0200829956770758,8.299567707581446e-05,0.4201827943325043,0.01,44,1,579752,574850,4902,0.0084553395244863,182962,396790,16941,0.0,0.6580289629497197,292473,156425,136048,260742,26537,579752,0.5348356942350234,0.8549589532252599,0.6571284558582625,0.6580289629497197,0.7195611226869421,0.7560437045417612,0.4903451302467007,0.4760034236390537,0.4409694607786252,True,True,True,0.3155866646428127,0.5044795015799859,0.6580372673942902,0.0200829956770758,0.6580372673942902,0.0,0.4797656788783214,0.1782632840713983,False,False,197,1416,Zonotrichia albicollis,White-throated Sparrow,whtspa,nodata_as_absence,both_classes,0.0300215651998587,2.1565199858741835e-05,0.8598237037658691,0.01,87,1,579752,574850,4902,0.0084553395244863,182962,396790,16941,0.0132769019839484,0.5810236226909172,292380,141248,151132,245658,41714,579752,0.4830973390792804,0.7720073020627234,0.6191133849139343,0.5943005246748657,0.6673646662710953,0.6955603434883288,0.4227792178249235,0.3635595352980499,0.3368421467081857,True,True,True,0.3155866646428127,0.5043190881618347,0.5946846021872073,0.0300215651998587,0.5946846021872073,0.0,0.4797656788783214,0.1145348457965443,False,False,-0.06372843827485397,-0.05173835515574304,-0.08295165116253655,-0.03801507094432821,-0.052196456415846804,-0.06048336105343233,-0.06756591242177717,-0.11244388834100377,0.009938569522782898,-0.00016041341815120624,True
198,1417,5231142,Passerculus sandwichensis,Passerculus sandwichensis,Savannah Sparrow,savspa,nodata_as_absence,both_classes,0.0102749425766523,0.0002749425766523,0.6468140482902527,0.01,66,1,579752,574850,4902,0.0084553395244863,325010,254742,16941,0.0011192320346346,0.729620791154759,484843,295896,188947,65795,29114,579752,0.6102924039328195,0.9104212178086828,0.2582809273696524,0.7307400231893937,0.6238719314465495,0.5843510725891676,0.5757213152073033,0.2262898008790902,0.1809771149345409,True,True,True,0.5606017745518773,0.8362937945880308,0.7351526474797265,0.0102749425766523,0.7351526474797265,0.0,0.7184430822691492,0.0122969409202444,False,False,198,1417,Passerculus sandwichensis,Savannah Sparrow,savspa,nodata_as_absence,both_classes,0.0206599496118724,0.0006599496118724,0.9914952516555786,0.01,101,1,579752,574850,4902,0.0084553395244863,325010,254742,16941,0.433474625344544,0.3037789863414452,471294,293539,177755,76987,31471,579752,0.6228362762946271,0.9031691332574382,0.3022155749738952,0.7372536116859892,0.6391112061709144,0.6026923541156667,0.583849313297465,0.2613906165098749,0.2189780998620353,True,True,True,0.5606017745518773,0.8129234569264099,0.7418202127363843,0.0206599496118724,0.7418202127363843,0.0,0.7184430822691492,0.01881052941684,False,False,0.006513588496595557,0.01254387236180765,-0.0072520845512445975,0.04393464760424276,0.015239274724364926,0.018341281526499054,0.008127998090161737,0.03510081563078468,0.010385007035220101,-0.023370337661620888,True
199,1418,5231190,Passer domesticus,Passer domesticus,House Sparrow,houspa,nodata_as_absence,both_classes,0.030219623936573,0.000219623936573,0.6306564807891846,0.01,65,1,579752,574850,4902,0.0084553395244863,33423,546329,16941,0.0016135297457196,0.4659667688971766,41516,17520,23996,522333,15903,579752,0.4220059736005395,0.5241899290907459,0.9560777480236268,0.4675802986428962,0.9311791938622032,0.7401338385571863,0.3051254811125237,0.4341492724875471,0.4312506058072551,True,True,True,0.0576505126329879,0.0716099297630711,0.4675865382049161,0.030219623936573,0.4675865382049161,0.0,0.1090161862437314,0.3585641123991648,False,False,199,1418,Passer domesticus,House Sparrow,houspa,nodata_as_absence,both_classes,0.9922946095466614,0.9922946095466614,1.0,0.01,2,1,579752,574850,4902,0.0084553395244863,33423,546329,16941,0.1090161862437314,1.7778996866391061e-07,579751,33423,546328,1,0,579752,0.0576506120731141,1.0,1.8303988988320224e-06,0.1090163640337,0.0576522375084518,0.5000009151994494,0.0576506120731141,0.0003248439884861,2.1104721143693014e-07,True,True,True,0.0576505126329879,0.999998275124536,0.1098949154325696,0.9922946095466614,0.1098949154325696,0.0,0.1090161862437314,1.7778996866391061e-07,True,True,-0.35856393460919617,-0.36435536152742537,0.4758100709092541,-0.956075917624728,-0.8735269563537513,-0.24013292335773684,-0.24747486903940957,-0.433824428499061,0.9620749856100884,0.9283883453614649,True
200,1420,5231640,Spinus tristis,Spinus tristis,American Goldfinch,amegfi,nodata_as_absence,both_classes,0.0002664464700501,0.0002664464700501,0.372366726398468,0.01,39,1,579752,574850,4902,0.0084553395244863,459176,120576,16941,0.0,0.8839427601746802,579751,459176,120575,1,0,579752,0.7920227821944249,1.0,8.293524416135881e-06,0.8839427601746802,0.7920231409292249,0.5000041467622081,0.7920227821944249,0.002562939773437,1.3137234270235228e-05,True,True,True,0.792021416053761,0.999998275124536,0.8881332656367109,0.0002664464700501,0.8881332656367109,0.0,0.8839419093527174,8.508219627723079e-07,True,True,200,1420,Spinus tristis,American Goldfinch,amegfi,nodata_as_absence,both_classes,0.0908901635301299,0.0008901635301299,0.99213707447052,0.01,101,1,579752,574850,4902,0.0084553395244863,459176,120576,16941,0.6337790634689653,0.2611107217798808,544637,449151,95486,25090,10025,579752,0.8246795572096645,0.9781674129309894,0.2080845276008492,0.8948897852488461,0.8180066649187928,0.5931259702659193,0.8097742408890459,0.3168990413746166,0.2521440887223977,True,True,True,0.792021416053761,0.9394309980819384,0.8959885575444203,0.0708901635301299,0.896238429075365,-0.0199999999999999,0.8839419093527174,0.0109478758961286,False,False,0.010947025074165895,0.03265677501523956,-0.02183258706901059,0.20807623407643305,0.025983523989567936,0.09312182350371123,0.017751458694621025,0.3143361016011796,0.0906237170600798,-0.06056727704259757,True
201,1421,5231677,Mimus polyglottos,Mimus polyglottos,Northern Mockingbird,normoc,nodata_as_absence,both_classes,0.0004889807896688,0.0004889807896688,0.9682911038398744,0.01,98,1,579752,574850,4902,0.0084553395244863,515617,64135,16941,0.0087931430468356,0.932654845209166,579751,515616,64135,0,1,579752,0.8893749213024212,0.9999980605759702,0.0,0.9414479882560016,0.8893733872414412,0.4999990302879851,0.8893733872414412,-0.0004631942745007,-3.449709040263469e-06,True,True,True,0.8893751121169051,0.999998275124536,0.9456801037354672,0.0004889807896688,0.9456801037354672,0.0,0.941448954644508,-9.66388506329352e-07,True,True,201,1421,Mimus polyglottos,Northern Mockingbird,normoc,nodata_as_absence,both_classes,0.0090199504047632,0.0090199504047632,0.9976741671562196,0.01,100,1,579752,574850,4902,0.0084553395244863,515617,64135,16941,0.8418325560110429,0.0996154322449587,579751,515616,64135,0,1,579752,0.8893749213024212,0.9999980605759702,0.0,0.9414479882560016,0.8893733872414412,0.4999990302879851,0.8893733872414412,-0.0004631942745007,-3.449709040263469e-06,True,True,True,0.8893751121169051,0.999998275124536,0.9456801037354672,0.0090199504047632,0.9456801037354672,0.0,0.941448954644508,-9.66388506329352e-07,True,True,0.0,0.0,0.0,0.0,0.0,0.0,0.0,0.0,0.008530969615094398,0.0,True
202,1422,5232437,Branta canadensis,Branta canadensis,Canada Goose,cangoo,nodata_as_absence,both_classes,0.0300923627376323,9.236273763235658e-05,0.4694340825080871,0.01,48,1,579752,574850,4902,0.0084553395244863,38121,541631,16941,0.0,0.2505544193913036,77766,14518,63248,478383,23603,579752,0.1866882699380191,0.3808399569790929,0.8832267724705565,0.2505544193913036,0.8501928410768742,0.6320333647248246,0.1432193274077874,0.1920467236167902,0.17801557106705,True,True,True,0.0657539775628199,0.1341366653327629,0.2505544193913036,0.0300923627376323,0.2505544193913036,0.0,0.1233942897650488,0.1271601296262547,False,False,202,1422,Branta canadensis,Canada Goose,cangoo,nodata_as_absence,both_classes,0.2600005633143019,5.633143018712872e-07,0.9440061450004578,0.01,96,1,579752,574850,4902,0.0084553395244863,38121,541631,16941,0.1805523853001597,0.0750292453756643,54773,11871,42902,498729,26250,579752,0.2167308710496047,0.3114031636106083,0.9207910920903716,0.255581630675824,0.8807214119140598,0.6160971278504899,0.1465139528282092,0.19675742958946,0.1930066310710008,True,True,True,0.0657539775628199,0.0944766037892064,0.255581630675824,0.2600005633143019,0.255581630675824,0.0,0.1233942897650488,0.1321873409107752,False,False,0.005027211284520439,0.030042601111585604,-0.06943679336848457,0.0375643196198151,0.03052857083718563,-0.015936236874334764,0.003294625420421804,0.0047107059726697875,0.22990820057666958,-0.03966006154355649,True
203,1431,5789281,Thalasseus maximus,Thalasseus maximus,Royal Tern,royter1,nodata_as_absence,both_classes,0.0200861274384078,8.612743840785697e-05,0.886344850063324,0.01,90,1,579752,574850,4902,0.0084553395244863,32861,546891,16941,0.0185396978270029,0.4685042401225594,47912,19670,28242,518649,13191,579752,0.4105443312740023,0.5985819056023858,0.9483589965825,0.4870439379495623,0.9285332349004402,0.7734704510924428,0.3219154542330164,0.4593233563810303,0.4500646778408687,True,True,True,0.0566811326222246,0.0826422332307607,0.5165576827122561,0.0200861274384078,0.5165576827122561,0.0,0.1072814321602708,0.3797625057892915,False,False,203,1431,Thalasseus maximus,Royal Tern,royter1,nodata_as_absence,both_classes,0.3101797993027139,0.0001797993027139,0.8745792508125305,0.01,89,1,579752,574850,4902,0.0084553395244863,32861,546891,16941,0.3370492115668619,0.2290326597781672,34684,19118,15566,531325,13743,579752,0.5512051666474455,0.58178387754481,0.9715372898804332,0.5660818713450292,0.9494456250258732,0.7766605837126216,0.3947797716150081,0.5394834530861693,0.53926188002662,True,True,True,0.0566811326222246,0.0598255805930811,0.6053831538948702,0.3101797993027139,0.6053831538948702,0.0,0.1072814321602708,0.4588004391847583,False,False,0.07903793339546689,0.14066083537344315,-0.016798028057575798,0.023178293297933195,0.020912390125433,0.003190132620178754,0.07286431738199173,0.08016009670513902,0.29009367186430607,-0.022816652637679596,True
204,1433,5789298,Tringa semipalmata,Tringa semipalmata,Willet,willet1,nodata_as_absence,both_classes,0.0300308812159346,3.088121593464166e-05,0.9307201504707336,0.01,95,1,579752,574850,4902,0.0084553395244863,24731,555021,16941,0.0498117351741449,0.3838837747093476,36381,13252,23129,531892,11479,579752,0.36425606772766,0.5358456997290849,0.9583277029157456,0.4336955098834926,0.9403055099421822,0.7470867013224152,0.2768909318846636,0.4117839065688649,0.4033939338298566,True,True,True,0.0426578950999737,0.0627526942554747,0.4521323780279768,0.0300308812159346,0.4521323780279768,0.0,0.0818252953350218,0.3518702145484708,False,False,204,1433,Tringa semipalmata,Willet,willet1,nodata_as_absence,both_classes,0.3201509055582573,0.0001509055582573,0.9527164697647096,0.01,97,1,579752,574850,4902,0.0084553395244863,24731,555021,16941,0.5092864902101052,0.0914423338944188,31524,16897,14627,540394,7834,579752,0.5360043141733283,0.683231571711617,0.9736460422218258,0.600728824104524,0.9612575722032868,0.8284388069667215,0.4293155139996951,0.5854081202626944,0.5806816348033906,True,True,True,0.0426578950999737,0.054374974126868,0.6501471748206006,0.3201509055582573,0.6501471748206006,0.0,0.0818252953350218,0.5189035287695022,False,False,0.1670333142210314,0.17174824644566827,0.14738587198253206,0.015318339306080175,0.020952062261104576,0.08135210564430628,0.15242458211503146,0.17362421369382952,0.2901200243423227,-0.008377720128606693,True
205,1445,5959118,Bubo virginianus,Bubo virginianus,Great Horned Owl,grhowl,nodata_as_absence,both_classes,0.0002954367664642,0.0002954367664642,0.6349085569381714,0.01,65,1,579752,574850,4902,0.0084553395244863,431059,148693,16941,1.391894995441544e-05,0.8528822732127666,579751,431058,148693,0,1,579752,0.7435226502412242,0.999997680131954,0.0,0.852896192162721,0.743521367757248,0.499998840065977,0.743521367757248,-0.0007713582878299,-3.44973962795706e-06,True,True,True,0.7435230926327119,0.999998275124536,0.8570525336313063,0.0002954367664642,0.8570525336313063,0.0,0.8528973269978265,-1.1348351055540109e-06,True,True,205,1445,Bubo virginianus,Great Horned Owl,grhowl,nodata_as_absence,both_classes,0.0010767417261376,0.0010767417261376,0.99127858877182,0.01,101,1,579752,574850,4902,0.0084553395244863,431059,148693,16941,0.4673497971749845,0.3855483735989493,579751,431059,148692,1,0,579752,0.7435243751196634,1.0,6.725266152407982e-06,0.8528981707739338,0.7435248175081759,0.5000033626330762,0.7435243751196634,0.0022361572649262,1.0000748619332909e-05,True,True,True,0.7435230926327119,0.999998275124536,0.8570545218847052,0.0010767417261376,0.8570545218847052,0.0,0.8528973269978265,8.43776107317673e-07,True,True,1.9786112128716837e-06,1.7248784391910021e-06,2.31986804599682e-06,6.725266152407982e-06,3.449750927919659e-06,4.5225670992077305e-06,3.0073624154303147e-06,0.0030075155527560997,0.0007813049596733999,0.0,True
206,1446,5959228,Ara severus,Ara severus,Chestnut-fronted Macaw,chfmac1,nodata_as_absence,both_classes,0.030005268066161,5.268066161079332e-06,0.2884113490581512,0.01,30,1,579752,574850,4902,0.0084553395244863,950,578802,16941,0.0,0.0991069865172474,4761,283,4478,574324,667,579752,0.0594412938458307,0.2978947368421052,0.9922633301197992,0.0991069865172474,0.9911255157377638,0.6450790334809522,0.0521370670596904,0.1300414637490722,0.0966389092744488,True,True,True,0.0016386316907919,0.0082121320840635,0.0991069865172474,0.030005268066161,0.0991069865172474,0.0,0.0032719019393768,0.0958350845778706,False,False,206,1446,Ara severus,Chestnut-fronted Macaw,chfmac1,nodata_as_absence,both_classes,0.4400088327906269,8.832790626911446e-06,0.9456720352172852,0.01,96,1,579752,574850,4902,0.0084553395244863,950,578802,16941,0.2351212343864805,0.0274782351095406,558,198,360,578442,752,579752,0.3548387096774194,0.2084210526315789,0.9993780256460758,0.2625994694960212,0.9980819384840416,0.6038995391388273,0.1511450381679389,0.2710449402404344,0.2617041570415023,True,True,True,0.0016386316907919,0.0009624805089072,0.2625994694960212,0.4400088327906269,0.2625994694960212,0.0,0.0032719019393768,0.2593275675566444,False,False,0.16349248297877378,0.2953974158315887,-0.08947368421052632,0.007114695526276638,0.006956422746277835,-0.04117949434212487,0.0990079711082485,0.14100347649136222,0.4100035647244659,-0.0072496515751562995,True
207,1447,5959231,Ara ararauna,Ara ararauna,Blue-and-yellow Macaw,baymac,nodata_as_absence,both_classes,0.050017487878722,1.7487878722022288e-05,0.4337165355682373,0.01,45,1,579752,574850,4902,0.0084553395244863,834,578918,16941,0.0,0.095590046809559,3225,194,3031,575887,640,579752,0.0601550387596899,0.2326139088729016,0.9947643707744448,0.095590046809559,0.9936679821716872,0.6136891398236732,0.0501940491591203,0.1158686222902302,0.0935178848422775,True,True,True,0.0014385461369689,0.0055627233713725,0.095590046809559,0.050017487878722,0.095590046809559,0.0,0.0028729593893066,0.0927170874202523,False,False,207,1447,Ara ararauna,Blue-and-yellow Macaw,baymac,nodata_as_absence,both_classes,0.3900253652087849,2.53652087849332e-05,0.7634590864181519,0.01,78,1,579752,574850,4902,0.0084553395244863,834,578918,16941,0.3444108761329305,0.0429620505658388,1035,362,673,578245,472,579752,0.3497584541062802,0.434052757793765,0.9988374864834052,0.3873729266987694,0.9980250175937296,0.7164451221385851,0.2402123424021234,0.388656607480945,0.3863952989557707,True,True,True,0.0014385461369689,0.0017852461052312,0.3873729266987694,0.3900253652087849,0.3873729266987694,0.0,0.0028729593893066,0.3844999673094627,False,False,0.29178287988921037,0.2896034153465903,0.20143884892086342,0.004073115708960406,0.004357035422042466,0.1027559823149119,0.19001829324300312,0.2727879851907148,0.3400078773300629,-0.0037774772661413,True
208,1465,6065818,Chroicocephalus philadelphia,Chroicocephalus philadelphia,Bonaparte's Gull,bongul,nodata_as_absence,both_classes,0.0201735045807436,0.0001735045807436,0.4473550021648407,0.01,46,1,579752,574850,4902,0.0084553395244863,47961,531791,16941,0.0,0.3855432762707746,104328,29357,74971,456820,18604,579752,0.2813913810290622,0.6121014991347136,0.8590216833304813,0.3855432762707746,0.8385947784569954,0.7355615912325975,0.238806820030586,0.3378376827697533,0.3069933628209202,True,True,True,0.0827267521284963,0.1799528074073051,0.3977589897840284,0.0201735045807436,0.3977589897840284,0.0,0.1528118742164014,0.2327314020543732,False,False,208,1465,Chroicocephalus philadelphia,Bonaparte's Gull,bongul,nodata_as_absence,both_classes,0.2803468180657364,0.0003468180657364,0.8832710385322571,0.01,90,1,579752,574850,4902,0.0084553395244863,47961,531791,16941,0.0323790792540792,0.2634183665433666,86719,19919,66800,464991,28042,579752,0.2296959143901567,0.41531661141344,0.8743867421599839,0.2957974457974458,0.8364093612441181,0.644851676786712,0.173569418182135,0.2237551314998366,0.2118308480458421,True,True,True,0.0827267521284963,0.1495794753618788,0.3063825205534235,0.2803468180657364,0.3063825205534235,0.0,0.1528118742164014,0.1429855715810443,False,False,-0.08974583047332879,-0.05169546663890548,-0.19678488772127356,0.015365058829502565,-0.0021854172128772387,-0.0907099144458855,-0.065237401848451,-0.11408255126991668,0.26017331348499284,-0.030373332045426304,True
209,1467,6065844,Leucophaeus atricilla,Leucophaeus atricilla,Laughing Gull,laugul,nodata_as_absence,both_classes,0.0404516400804277,0.0004516400804277,0.854329526424408,0.01,87,1,579752,574850,4902,0.0084553395244863,61711,518041,16941,0.0236998656687775,0.4756048977426276,58392,29984,28408,489633,31727,579752,0.5134949993149747,0.4858777203415922,0.9451626415669804,0.4993047634114052,0.8962746139728711,0.7155201809542863,0.3327156315538344,0.441708511428165,0.4414986090464566,True,True,True,0.1064437897583794,0.1007189280933916,0.5189563411362554,0.0404516400804277,0.5189563411362554,0.0,0.1924070445216637,0.3068977188897415,False,False,209,1467,Leucophaeus atricilla,Laughing Gull,laugul,nodata_as_absence,both_classes,0.5609239695593715,0.0109239695593714,0.9744925498962402,0.01,98,1,579752,574850,4902,0.0084553395244863,61711,518041,16941,0.2575938373234649,0.0032689444847884,220307,36784,183523,334518,24927,579752,0.1669670051337451,0.5960687721800003,0.645736534366971,0.2608627818082534,0.6404497095309719,0.6209026532734856,0.1499955144882031,0.1536380598730143,0.1134215448933936,True,True,True,0.1064437897583794,0.3800021388455754,0.2649666846749505,0.5609239695593715,0.2649666846749505,0.0,0.1924070445216637,0.0684557372865896,False,False,-0.23844198160315178,-0.3465279941812296,0.1101910518384081,-0.2994261072000094,-0.2558249044418992,-0.09461752768080067,-0.18272011706563127,-0.28807045155515065,0.5204723294789438,0.27928321075218376,True
210,1469,6092631,Setophaga virens,Setophaga virens,Black-throated Green Warbler,btnwar,nodata_as_absence,both_classes,3.087024379055947e-05,3.087024379055947e-05,0.686090886592865,0.01,70,1,579752,574850,4902,0.0084553395244863,176929,402823,16941,0.0002825449387725,0.4673629591052091,579751,176929,402822,1,0,579752,0.305181017367801,1.0,2.482479898119025e-06,0.4676455040439816,0.305182215844016,0.500001241239949,0.305181017367801,0.0008704055037182,1.515210333907146e-06,True,True,True,0.305180490968552,0.999998275124536,0.4706948061794838,3.087024379055947e-05,0.4706948061794838,0.0,0.4676448860219828,6.18021998743945e-07,True,True,210,1469,Setophaga virens,Black-throated Green Warbler,btnwar,nodata_as_absence,both_classes,0.0002249308454338,0.0002249308454338,0.764464795589447,0.01,78,1,579752,574850,4902,0.0084553395244863,176929,402823,16941,0.0034728486379217,0.4641726554060599,579751,176929,402822,1,0,579752,0.305181017367801,1.0,2.482479898119025e-06,0.4676455040439816,0.305182215844016,0.500001241239949,0.305181017367801,0.0008704055037182,1.515210333907146e-06,True,True,True,0.305180490968552,0.999998275124536,0.4706948061794838,0.0002249308454338,0.4706948061794838,0.0,0.4676448860219828,6.18021998743945e-07,True,True,0.0,0.0,0.0,0.0,0.0,0.0,0.0,0.0,0.00019406060164324054,0.0,True
211,1470,6092935,Setophaga striata,Setophaga striata,Blackpoll Warbler,bkpwar,nodata_as_absence,both_classes,0.0001091639496735,0.0001091639496735,0.813456654548645,0.01,83,1,579752,574850,4902,0.0084553395244863,204493,375259,16941,0.000342236367992,0.5211612752941946,579751,204493,375258,1,0,579752,0.3527255666656892,1.0,2.664826160065448e-06,0.5215035116621868,0.3527266831334777,0.50000133241308,0.3527255666656892,0.0009695113807349,1.8799028677758404e-06,True,True,True,0.3527249582580137,0.999998275124536,0.5247837278114101,0.0001091639496735,0.5247837278114101,0.0,0.5215028466869409,6.649752458676161e-07,True,True,211,1470,Setophaga striata,Blackpoll Warbler,bkpwar,nodata_as_absence,both_classes,6.086400389904156e-06,6.086400389904156e-06,0.7862849831581116,0.01,80,1,579752,574850,4902,0.0084553395244863,204493,375259,16941,0.0024610456514202,0.5190424660107665,579751,204493,375258,1,0,579752,0.3527255666656892,1.0,2.664826160065448e-06,0.5215035116621868,0.3527266831334777,0.50000133241308,0.3527255666656892,0.0009695113807349,1.8799028677758404e-06,True,True,True,0.3527249582580137,0.999998275124536,0.5247837278114101,0.0100060864003899,0.5259871777300623,0.01,0.5215028466869409,6.649752458676161e-07,True,True,0.0,0.0,0.0,0.0,0.0,0.0,0.0,0.0,-0.00010307754928359584,0.0,True
212,1471,6092942,Setophaga pensylvanica,Setophaga pensylvanica,Chestnut-sided Warbler,chswar,nodata_as_absence,both_classes,0.0002258772001368,0.0002258772001368,0.4878986775875091,0.01,50,1,579752,574850,4902,0.0084553395244863,82141,497611,16941,0.0,0.2482006127887933,579751,82141,497610,1,0,579752,0.1416832398736699,1.0,2.0096018777719944e-06,0.2482006127887933,0.1416847203631897,0.5000010048009389,0.1416832398736699,0.0005335980743021,5.694536476613326e-07,True,True,True,0.1416829954877257,0.999998275124536,0.2500525122147978,0.0002258772001368,0.2500525122147978,0.0,0.2482002378027868,3.749860064961031e-07,True,True,212,1471,Setophaga pensylvanica,Chestnut-sided Warbler,chswar,nodata_as_absence,both_classes,9.059835974767338e-06,9.059835974767338e-06,0.6595138907432556,0.01,67,1,579752,574850,4902,0.0084553395244863,82141,497611,16941,9.734728644439036e-05,0.2481032655023489,579751,82141,497610,1,0,579752,0.1416832398736699,1.0,2.0096018777719944e-06,0.2482006127887933,0.1416847203631897,0.5000010048009389,0.1416832398736699,0.0005335980743021,5.694536476613326e-07,True,True,True,0.1416829954877257,0.999998275124536,0.2500525122147978,9.059835974767338e-06,0.2500525122147978,0.0,0.2482002378027868,3.749860064961031e-07,True,True,0.0,0.0,0.0,0.0,0.0,0.0,0.0,0.0,-0.00021681736416203265,0.0,True
213,1472,6093199,Setophaga fusca,Setophaga fusca,Blackburnian Warbler,bkbwar,nodata_as_absence,both_classes,8.865711424732581e-05,8.865711424732581e-05,0.4646196365356445,0.01,48,1,579752,574850,4902,0.0084553395244863,121767,457985,16941,0.0,0.3471528884504745,579751,121767,457984,1,0,579752,0.210033272905092,1.0,2.18347762481304e-06,0.3471528884504745,0.2100346354993169,0.5000010917388124,0.210033272905092,0.000677202297585,9.172054830628728e-07,True,True,True,0.2100329106238529,0.999998275124536,0.3495957600744169,8.865711424732581e-05,0.3495957600744169,0.0,0.3471523935916205,4.948588540609755e-07,True,True,213,1472,Setophaga fusca,Blackburnian Warbler,bkbwar,nodata_as_absence,both_classes,6.326646598608932e-06,6.326646598608932e-06,0.6143319010734558,0.01,63,1,579752,574850,4902,0.0084553395244863,121767,457985,16941,0.0010831657982193,0.3460697226522552,579751,121767,457984,1,0,579752,0.210033272905092,1.0,2.18347762481304e-06,0.3471528884504745,0.2100346354993169,0.5000010917388124,0.210033272905092,0.000677202297585,9.172054830628728e-07,True,True,True,0.2100329106238529,0.999998275124536,0.3495957600744169,6.326646598608932e-06,0.3495957600744169,0.0,0.3471523935916205,4.948588540609755e-07,True,True,0.0,0.0,0.0,0.0,0.0,0.0,0.0,0.0,-8.233046764871688e-05,0.0,True
214,1473,6093202,Setophaga castanea,Setophaga castanea,Bay-breasted Warbler,babwar,nodata_as_absence,both_classes,0.0001698163978289,0.0001698163978289,0.5753914713859558,0.01,59,1,579752,574850,4902,0.0084553395244863,282132,297620,16941,2.1266415014089e-05,0.6546638822652592,579751,282131,297620,0,1,579752,0.4866416789276775,0.9999964555598088,0.0,0.6546851486802733,0.4866408395313858,0.4999982277799044,0.4866408395313858,-0.0013489135871703,-3.449751237706301e-06,True,True,True,0.4866425644068498,0.999998275124536,0.6584300001983708,0.0001698163978289,0.6584300001983708,0.0,0.6546867095804075,-1.560900134256471e-06,True,True,214,1473,Setophaga castanea,Bay-breasted Warbler,babwar,nodata_as_absence,both_classes,9.394613152835518e-05,9.394613152835518e-05,0.6423730254173279,0.01,66,1,579752,574850,4902,0.0084553395244863,282132,297620,16941,7.088252285075331e-05,0.654616586658001,579751,282132,297619,1,0,579752,0.4866434038061167,1.0,3.3599892480344065e-06,0.6546874691808517,0.4866442892823138,0.500001679994624,0.4866434038061167,0.001278716780376,3.270227861543874e-06,True,True,True,0.4866425644068498,0.999998275124536,0.6584323339723984,9.394613152835518e-05,0.6584323339723984,0.0,0.6546867095804075,7.596004442111948e-07,True,True,2.3205005784676658e-06,1.7248784391910021e-06,3.5444401912387846e-06,3.3599892480344065e-06,3.4497509279751704e-06,3.4522147195903408e-06,2.5642747308873837e-06,0.0026276303675463,-7.587026630054481e-05,0.0,True
215,1474,6093209,Setophaga magnolia,Setophaga magnolia,Magnolia Warbler,magwar,nodata_as_absence,both_classes,0.0001098418724723,0.0001098418724723,0.5749337077140808,0.01,59,1,579752,574850,4902,0.0084553395244863,233053,346699,16941,1.7163035969432634e-05,0.5734371998854729,579751,233053,346698,1,0,579752,0.4019880948890127,1.0,2.8843463638487565e-06,0.5734543629214424,0.401989126385075,0.5000014421731819,0.4019880948890127,0.0010767882334997,2.3189431109062823e-06,True,True,True,0.401987401509611,0.999998275124536,0.5769338360345686,0.0001098418724723,0.5769338360345686,0.0,0.5734536573963005,7.055251418641717e-07,True,True,215,1474,Setophaga magnolia,Magnolia Warbler,magwar,nodata_as_absence,both_classes,5.693712864740519e-06,5.693712864740519e-06,0.7583016157150269,0.01,77,1,579752,574850,4902,0.0084553395244863,233053,346699,16941,0.0015087352341111,0.5719456276873313,579751,233053,346698,1,0,579752,0.4019880948890127,1.0,2.8843463638487565e-06,0.5734543629214424,0.401989126385075,0.5000014421731819,0.4019880948890127,0.0010767882334997,2.3189431109062823e-06,True,True,True,0.401987401509611,0.999998275124536,0.5769338360345686,5.693712864740519e-06,0.5769338360345686,0.0,0.5734536573963005,7.055251418641717e-07,True,True,0.0,0.0,0.0,0.0,0.0,0.0,0.0,0.0,-0.00010414815960755948,0.0,True
216,1475,6093345,Setophaga americana,Setophaga americana,Northern Parula,norpar,nodata_as_absence,both_classes,0.0005817303317598,0.0005817303317598,0.8688724637031555,0.01,88,1,579752,574850,4902,0.0084553395244863,498557,81195,16941,0.0026715050145791,0.9220290443646336,579751,498556,81195,0,1,579752,0.8599484951298058,0.9999979942112938,0.0,0.9247005493792126,0.8599470118257462,0.4999989971056469,0.8599470118257462,-0.0005300129496114,-3.449720341857883e-06,True,True,True,0.8599487367012102,0.999998275124536,0.9289234455555494,0.0005817303317598,0.9289234455555494,0.0,0.9247015465882228,-9.972090102561282e-07,True,True,216,1475,Setophaga americana,Northern Parula,norpar,nodata_as_absence,both_classes,0.0073312330059707,0.0073312330059707,0.8968637585639954,0.01,90,1,579752,574850,4902,0.0084553395244863,498557,81195,16941,0.1266169555639783,0.7980854485728731,579751,498557,81194,1,0,579752,0.859950220008245,1.0,1.2316029312149762e-05,0.9247024041368516,0.8599504615766742,0.5000061580146561,0.859950220008245,0.0032544081054181,2.118211989002949e-05,True,True,True,0.8599487367012102,0.999998275124536,0.9289253087834426,0.0073312330059707,0.9289253087834426,0.0,0.9247015465882228,8.575486285522516e-07,True,True,1.854757638919402e-06,1.7248784391910021e-06,2.005788706238576e-06,1.2316029312149762e-05,3.4497509280306815e-06,7.160909009207295e-06,3.2081824987706398e-06,0.0037844210550294997,0.0067495026742109,0.0,True
217,1476,6093357,Setophaga tigrina,Setophaga tigrina,Cape May Warbler,camwar,nodata_as_absence,both_classes,0.0100776937740738,7.769377407385036e-05,0.7914593815803528,0.01,81,1,579752,574850,4902,0.0084553395244863,169500,410252,16941,0.0006133449711609,0.4524609109250249,267435,98982,168453,241799,70518,579752,0.3701161029782938,0.5839646017699115,0.5893913984575334,0.4530742558961859,0.5878047854944873,0.5866780001137224,0.2928868807201001,0.1581765681380858,0.1482265282694564,True,True,True,0.2923663911465592,0.4612920697125667,0.4562696629213483,0.0100776937740738,0.4562696629213483,0.0,0.4524512447080555,0.0006230111881304,False,False,217,1476,Setophaga tigrina,Cape May Warbler,camwar,nodata_as_absence,both_classes,0.0200277306335192,2.773063351924065e-05,0.8604280352592468,0.01,88,1,579752,574850,4902,0.0084553395244863,169500,410252,16941,0.0147722753748625,0.5070452771210993,350540,135683,214857,195395,33817,579752,0.3870685228504593,0.8004896755162242,0.4762804325146495,0.5218175524959618,0.5710683188673777,0.6383850540154369,0.3530129541025661,0.2574790638994754,0.2107285375164393,True,True,True,0.2923663911465592,0.6046378451475803,0.5266512313033825,0.0200277306335192,0.5266512313033825,0.0,0.4524512447080555,0.0693663077879063,False,False,0.06874329659977596,0.016952419872165503,0.2165250737463127,-0.11311096594288389,-0.016736466627109592,0.051707053901714484,0.060126073382466005,0.09930249576138958,0.0099500368594454,0.14334577543501364,True
218,1477,6093374,Setophaga citrina,Setophaga citrina,Hooded Warbler,hoowar,nodata_as_absence,both_classes,0.0003961577604059,0.0003961577604059,0.6317012310028076,0.01,65,1,579752,574850,4902,0.0084553395244863,244450,335302,16941,5.726908287654422e-05,0.5931208513028061,579751,244449,335302,0,1,579752,0.4216448095820447,0.999995909183882,0.0,0.5931781203856826,0.4216440822972581,0.4999979545919411,0.4216440822972581,-0.0015381627790269,-3.4497525402318924e-06,True,True,True,0.4216458071727221,0.999998275124536,0.5967272021569658,0.0003961577604059,0.5967272021569658,0.0,0.5931798272753525,-1.7068896698280156e-06,True,True,218,1477,Setophaga citrina,Hooded Warbler,hoowar,nodata_as_absence,both_classes,0.0200182524145202,1.825241452024784e-05,0.9019989371299744,0.01,92,1,579752,574850,4902,0.0084553395244863,244450,335302,16941,0.0408901262865669,0.6227702473806541,368930,203538,165392,169910,40912,579752,0.551698154121378,0.8326365309879321,0.5067372100375184,0.663660373667221,0.6441512922766977,0.6696868705127252,0.496625528862342,0.3483865484704639,0.3174717792494929,True,True,True,0.4216458071727221,0.636358304930384,0.6656746096637254,0.0200182524145202,0.6656746096637254,0.0,0.5931798272753525,0.0704805463918685,False,False,0.07048225328153834,0.13005334453933332,-0.16735937819594993,0.5067372100375184,0.22250720997943957,0.16968891592078417,0.07498144656508393,0.3499247112494908,0.0196220946541143,-0.36363997019415195,True
219,1478,6093856,Parkesia noveboracensis,Parkesia noveboracensis,Northern Waterthrush,norwat,nodata_as_absence,both_classes,0.0004887644900009,0.0004887644900009,0.6098974943161011,0.01,62,1,579752,574850,4902,0.0084553395244863,441226,138526,16941,4.53272171808284e-05,0.8642738494146139,579751,441225,138526,0,1,579752,0.7610594893324893,0.999997733587776,0.0,0.8643191766317948,0.7610581765996495,0.4999988667938879,0.7610581765996495,-0.0007358924474504,-3.4497379256259887e-06,True,True,True,0.7610599014751135,0.999998275124536,0.8684890387028517,0.0004887644900009,0.8684890387028517,0.0,0.8643202889778232,-1.112346028397937e-06,True,True,219,1478,Parkesia noveboracensis,Northern Waterthrush,norwat,nodata_as_absence,both_classes,8.441616228083149e-05,8.441616228083149e-05,0.8196510672569275,0.01,83,1,579752,574850,4902,0.0084553395244863,441226,138526,16941,0.0055681350815108,0.858751041550284,579751,441225,138526,0,1,579752,0.7610594893324893,0.999997733587776,0.0,0.8643191766317948,0.7610581765996495,0.4999988667938879,0.7610581765996495,-0.0007358924474504,-3.4497379256259887e-06,True,True,True,0.7610599014751135,0.999998275124536,0.8684890387028517,8.441616228083149e-05,0.8684890387028517,0.0,0.8643202889778232,-1.112346028397937e-06,True,True,0.0,0.0,0.0,0.0,0.0,0.0,0.0,0.0,-0.00040434832772006854,0.0,True
220,1479,6093862,Parkesia motacilla,Parkesia motacilla,Louisiana Waterthrush,louwat,nodata_as_absence,both_classes,8.028072625165805e-05,8.028072625165805e-05,0.8131502270698547,0.01,83,1,579752,574850,4902,0.0084553395244863,348068,231684,16941,0.0006203509578103,0.7496703846274707,579751,348067,231684,0,1,579752,0.6003732636942412,0.9999971269981728,0.0,0.7502907355852811,0.6003722281251294,0.4999985634990864,0.6003722281251294,-0.0010715075098271,-3.449747938794815e-06,True,True,True,0.6003739530005934,0.999998275124536,0.7542758449568054,8.028072625165805e-05,0.7542758449568054,0.0,0.7502920825160052,-1.346930724066553e-06,True,True,220,1479,Parkesia motacilla,Louisiana Waterthrush,louwat,nodata_as_absence,both_classes,0.0002218895388068,0.0002218895388068,0.8000599145889282,0.01,81,1,579752,574850,4902,0.0084553395244863,348068,231684,16941,0.00268500271082,0.7476057328744611,579751,348067,231684,0,1,579752,0.6003732636942412,0.9999971269981728,0.0,0.7502907355852811,0.6003722281251294,0.4999985634990864,0.6003722281251294,-0.0010715075098271,-3.449747938794815e-06,True,True,True,0.6003739530005934,0.999998275124536,0.7542758449568054,0.0002218895388068,0.7542758449568054,0.0,0.7502920825160052,-1.346930724066553e-06,True,True,0.0,0.0,0.0,0.0,0.0,0.0,0.0,0.0,0.00014160881255514195,0.0,True
221,1481,6101173,Antrostomus carolinensis,Antrostomus carolinensis,Chuck-will's-widow,chwwid,nodata_as_absence,both_classes,0.0008575699175707,0.0008575699175707,0.755623996257782,0.01,77,1,579752,574850,4902,0.0084553395244863,519758,59994,16941,0.0001308160226542,0.9453057379300646,579751,519758,59993,1,0,579752,0.8965193677975545,1.0,1.666833350001667e-05,0.9454365539527188,0.896519546288758,0.5000083341667501,0.8965193677975545,0.0038656802521255,2.9886521014179105e-05,True,True,True,0.896517821413294,0.999998275124536,0.9496705210180456,0.0008575699175707,0.9496705210180456,0.0,0.9454356940819092,8.598708096663188e-07,True,True,221,1481,Antrostomus carolinensis,Chuck-will's-widow,chwwid,nodata_as_absence,both_classes,0.0086495522409677,0.0086495522409677,0.9990774393081664,0.01,101,1,579752,574850,4902,0.0084553395244863,519758,59994,16941,0.8111836598024443,0.1342528941502745,579751,519758,59993,1,0,579752,0.8965193677975545,1.0,1.666833350001667e-05,0.9454365539527188,0.896519546288758,0.5000083341667501,0.8965193677975545,0.0038656802521255,2.9886521014179105e-05,True,True,True,0.896517821413294,0.999998275124536,0.9496705210180456,0.0086495522409677,0.9496705210180456,0.0,0.9454356940819092,8.598708096663188e-07,True,True,0.0,0.0,0.0,0.0,0.0,0.0,0.0,0.0,0.007791982323397,0.0,True
222,1482,6101178,Antrostomus vociferus,Antrostomus vociferus,Eastern Whip-poor-will,easwpw1,nodata_as_absence,both_classes,0.0103337483503855,0.0003337483503855,0.3740192949771881,0.01,39,1,579752,574812,4940,0.008520884792118,361010,218742,16941,0.0,0.77610668588233,460542,318806,141736,77006,42204,579752,0.6922408813962678,0.8830946511176976,0.3520403031882309,0.77610668588233,0.6827264071534035,0.6175674771529642,0.6341293615463872,0.2820018351879702,0.2582929578717281,True,True,True,0.6226972912555714,0.7943775959375733,0.7804585474882217,0.0103337483503855,0.7804585474882217,0.0,0.7674842308681685,0.0086224550141614,False,False,222,1482,Antrostomus vociferus,Eastern Whip-poor-will,easwpw1,nodata_as_absence,both_classes,0.0204771100357174,0.0004771100357174,0.892451286315918,0.01,91,1,579752,574812,4940,0.008520884792118,361010,218742,16941,0.0407705305846569,0.7535453161631622,502795,343067,159728,59014,17943,579752,0.6823198321383467,0.950297775684884,0.2697881522524252,0.7943158467478192,0.6935396514371662,0.6100429639686547,0.6588092284411738,0.3144115131307084,0.2523108634773455,True,True,True,0.6226972912555714,0.8672587589176062,0.798167133336513,0.0204771100357174,0.798167133336513,0.0,0.7674842308681685,0.0268316158796506,False,False,0.018209160865489182,-0.009921049257921144,0.06720312456718647,-0.08225215093580568,0.010813244283762735,-0.007524513184309578,0.02467986689478663,0.032409677942738246,0.0101433616853319,0.07288116298003289,True
223,1502,7341544,Peucaea aestivalis,Peucaea aestivalis,Bachman's Sparrow,bacspa,nodata_as_absence,both_classes,0.0100004028644013,4.0286440139425405e-07,0.5523720979690552,0.01,57,1,579752,574850,4902,0.0084553395244863,281820,297932,16941,7.806013468921422e-05,0.7921163999851374,384476,263918,120558,177374,17902,579752,0.6864355642484836,0.9364771840181676,0.595350616919297,0.7921944601198266,0.761173743255737,0.7659139004687323,0.6558957000631247,0.5624144423577011,0.5266406461492471,True,True,True,0.4861044032620845,0.6631732188935959,0.792214672832252,0.0100004028644013,0.792214672832252,0.0,0.6541995329467531,0.1379949271730735,False,False,223,1502,Peucaea aestivalis,Bachman's Sparrow,bacspa,nodata_as_absence,both_classes,0.0200000395675066,3.9567506604498703e-08,0.9776564836502076,0.01,99,1,579752,574850,4902,0.0084553395244863,281820,297932,16941,0.3026079667540318,0.4908055558180321,361741,255305,106436,191496,26515,579752,0.7057673860579807,0.905915123128238,0.642750694789415,0.7934135225720639,0.7706760821868661,0.7743329089588264,0.6575687175471854,0.566127582374534,0.5444905747817943,True,True,True,0.4861044032620845,0.6239581752197492,0.7934727037371428,0.0200000395675066,0.7934727037371428,0.0,0.6541995329467531,0.1392139896253107,False,False,0.0012190624522372406,0.019331821809497107,-0.030562060889929632,0.04740007787011802,0.009502338931129173,0.008419008490094138,0.0016730174840606793,0.003713140016832872,0.0099996367031053,-0.03921504367384676,True
224,1503,7341606,Cardellina pusilla,Cardellina pusilla,Wilson's Warbler,wlswar,nodata_as_absence,both_classes,0.0101249935739906,0.0001249935739906,0.2553458511829376,0.01,27,1,579752,574850,4902,0.0084553395244863,24130,555622,16941,0.0,0.1154548524253512,120983,8377,112606,443016,15753,579752,0.069241133051751,0.3471612101118939,0.7973334389207051,0.1154548524253512,0.7785967103175151,0.5722473245162994,0.0612640416569155,0.0710167732147409,0.0494888271119187,True,True,True,0.0416212449461148,0.2086806082600836,0.1168332159468902,0.0101249935739906,0.1168332159468902,0.0,0.0799162750338642,0.035538577391487,False,False,224,1503,Cardellina pusilla,Wilson's Warbler,wlswar,nodata_as_absence,both_classes,0.0600011666998034,1.1666998034343123e-06,0.7440846562385559,0.01,76,1,579752,574850,4902,0.0084553395244863,24130,555622,16941,0.0013251615040583,0.1725971149877658,41796,5733,36063,519559,18397,579752,0.1371662360034453,0.2375880646498135,0.9350943627142194,0.1739222764918241,0.906063282231023,0.5863412136820165,0.0952436329805791,0.133344707903477,0.1278976230953517,True,True,True,0.0416212449461148,0.0720928948929887,0.173956579127031,0.0600011666998034,0.173956579127031,0.0,0.0799162750338642,0.0940060014579599,False,False,0.0584674240664729,0.0679251029516943,-0.10957314546208038,0.13776092379351434,0.12746657191350785,0.014093889165717077,0.0339795913236636,0.0623279346887361,0.0498761731258128,-0.1365877133670949,True
225,1504,7341789,Setophaga discolor,Setophaga discolor,Prairie Warbler,prawar,nodata_as_absence,both_classes,0.0002224270720034,0.0002224270720034,0.8752509951591492,0.01,89,1,579752,574850,4902,0.0084553395244863,524846,54906,16941,0.0015953457026564,0.9486969328387482,579751,524845,54906,0,1,579752,0.9052938244177242,0.9999980946792012,0.0,0.9502922785414047,0.9052922628986187,0.4999990473396005,0.9052922628986187,-0.0004247889430266,-3.449699999298568e-06,True,True,True,0.9052939877740828,0.999998275124536,0.9545283010289216,0.0002224270720034,0.9545283010289216,0.0,0.9502932288488662,-9.50307461500266e-07,True,True,225,1504,Setophaga discolor,Prairie Warbler,prawar,nodata_as_absence,both_classes,0.0006715010968036,0.0006715010968036,0.916848361492157,0.01,93,1,579752,574850,4902,0.0084553395244863,524846,54906,16941,0.0298969478323024,0.9203953307091024,579751,524845,54906,0,1,579752,0.9052938244177242,0.9999980946792012,0.0,0.9502922785414047,0.9052922628986187,0.4999990473396005,0.9052922628986187,-0.0004247889430266,-3.449699999298568e-06,True,True,True,0.9052939877740828,0.999998275124536,0.9545283010289216,0.0006715010968036,0.9545283010289216,0.0,0.9502932288488662,-9.50307461500266e-07,True,True,0.0,0.0,0.0,0.0,0.0,0.0,0.0,0.0,0.0004490740248002,0.0,True
226,1505,7341800,Setophaga dominica,Setophaga dominica,Yellow-throated Warbler,yetwar,nodata_as_absence,both_classes,0.0002850934979505,0.0002850934979505,0.8745447993278503,0.01,89,1,579752,574850,4902,0.0084553395244863,477184,102568,16941,0.0008461867140307,0.9021100026448228,579751,477183,102568,0,1,579752,0.8230826682489552,0.9999979043723176,0.0,0.9029561893588536,0.8230812485338559,0.4999989521861588,0.8230812485338559,-0.0006088947839441,-3.449729194643274e-06,True,True,True,0.8230829734093198,0.999998275124536,0.9071635585575738,0.0002850934979505,0.9071635585575738,0.0,0.9029572273060998,-1.0379472461519157e-06,True,True,226,1505,Setophaga dominica,Yellow-throated Warbler,yetwar,nodata_as_absence,both_classes,0.0030431002378463,0.0030431002378463,0.8143836259841919,0.01,83,1,579752,574850,4902,0.0084553395244863,477184,102568,16941,0.0218669968178778,0.8810891925409758,579751,477183,102568,0,1,579752,0.8230826682489552,0.9999979043723176,0.0,0.9029561893588536,0.8230812485338559,0.4999989521861588,0.8230812485338559,-0.0006088947839441,-3.449729194643274e-06,True,True,True,0.8230829734093198,0.999998275124536,0.9071635585575738,0.0030431002378463,0.9071635585575738,0.0,0.9029572273060998,-1.0379472461519157e-06,True,True,0.0,0.0,0.0,0.0,0.0,0.0,0.0,0.0,0.0027580067398958,0.0,True
227,1506,7341805,Setophaga coronata,Setophaga coronata,Yellow-rumped Warbler,yerwar,nodata_as_absence,both_classes,0.0010172490729019,0.0010172490729019,0.8824858069419861,0.01,90,1,579752,574850,4902,0.0084553395244863,569794,9958,16941,0.0059907688969916,0.9853458033990036,579751,569793,9958,0,1,579752,0.982823660502526,0.9999982449797646,0.0,0.9913365722959954,0.9828219652541088,0.4999991224898823,0.9828219652541088,-0.0001736226465294,-3.449416425876764e-06,True,True,True,0.9828236901295726,0.999998275124536,0.995582028632508,0.0010172490729019,0.995582028632508,0.0,0.9913374497410282,-8.774450328541405e-07,True,True,227,1506,Setophaga coronata,Yellow-rumped Warbler,yerwar,nodata_as_absence,both_classes,0.0312658362090587,0.0312658362090587,0.9142743945121764,0.01,90,1,579752,574850,4902,0.0084553395244863,569794,9958,16941,0.2393622525014323,0.751974319794563,579751,569793,9958,0,1,579752,0.982823660502526,0.9999982449797646,0.0,0.9913365722959954,0.9828219652541088,0.4999991224898823,0.9828219652541088,-0.0001736226465294,-3.449416425876764e-06,True,True,True,0.9828236901295726,0.999998275124536,0.995582028632508,0.0312658362090587,0.995582028632508,0.0,0.9913374497410282,-8.774450328541405e-07,True,True,0.0,0.0,0.0,0.0,0.0,0.0,0.0,0.0,0.030248587136156798,0.0,True
228,1507,7341816,Setophaga pinus,Setophaga pinus,Pine Warbler,pinwar,nodata_as_absence,both_classes,0.0003590665000956,0.0003590665000956,0.8166850209236145,0.01,83,1,579752,574850,4902,0.0084553395244863,512236,67516,16941,0.0030633601085037,0.9351071492473768,579751,512235,67516,0,1,579752,0.883543107299513,0.9999980477748538,0.0,0.9381705093558806,0.883541583297686,0.4999990238874269,0.883541583297686,-0.0004768124100531,-3.4497117336414257e-06,True,True,True,0.8835433081731499,0.999998275124536,0.9424010082008306,0.0003590665000956,0.9424010082008306,0.0,0.9381714817378946,-9.723820139084791e-07,True,True,228,1507,Setophaga pinus,Pine Warbler,pinwar,nodata_as_absence,both_classes,0.0416724523156881,0.0016724523156881,0.9562484622001648,0.01,97,1,579752,574850,4902,0.0084553395244863,512236,67516,16941,0.474629416353977,0.4723371929507357,547700,501862,45838,21678,10374,579752,0.9163081979185684,0.9797476163330964,0.3210794478345873,0.9469666093047128,0.9030413004181098,0.6504135320838419,0.8992750065403513,0.4222370793615754,0.389681037861694,True,True,True,0.8835433081731499,0.9447142916281444,0.9474269435852224,0.0416724523156881,0.9474269435852224,0.0,0.9381714817378946,0.0087951275668182,False,False,0.008796099948832126,0.032765090619055415,-0.02025043144175742,0.3210794478345873,0.019499717120423865,0.150414508196415,0.015733423242665356,0.4227138917716285,0.0413133858155925,-0.05528398349639163,True
229,1508,7341822,Setophaga palmarum,Setophaga palmarum,Palm Warbler,palwar,nodata_as_absence,both_classes,0.0004158791271038,0.0004158791271038,0.9540662169456482,0.01,97,1,579752,574850,4902,0.0084553395244863,566470,13282,16941,0.0132741345509765,0.9751373497962827,579751,566469,13282,0,1,579752,0.977090164570652,0.9999982346814482,0.0,0.9884114843472592,0.9770884792118008,0.4999991173407241,0.9770884792118008,-0.0002011048420614,-3.449503116568748e-06,True,True,True,0.9770902040872648,0.999998275124536,0.9926567418924944,0.0004158791271038,0.9926567418924944,0.0,0.9884123668887876,-8.825415283020277e-07,True,True,229,1508,Setophaga palmarum,Palm Warbler,palwar,nodata_as_absence,both_classes,0.0050448784604668,0.0050448784604668,0.9748857617378236,0.01,98,1,579752,574850,4902,0.0084553395244863,566470,13282,16941,0.6053027256887329,0.3831087586585264,579751,566469,13282,0,1,579752,0.977090164570652,0.9999982346814482,0.0,0.9884114843472592,0.9770884792118008,0.4999991173407241,0.9770884792118008,-0.0002011048420614,-3.449503116568748e-06,True,True,True,0.9770902040872648,0.999998275124536,0.9926567418924944,0.0050448784604668,0.9926567418924944,0.0,0.9884123668887876,-8.825415283020277e-07,True,True,0.0,0.0,0.0,0.0,0.0,0.0,0.0,0.0,0.004628999333363,0.0,True
230,1509,7341828,Setophaga caerulescens,Setophaga caerulescens,Black-throated Blue Warbler,btbwar,nodata_as_absence,both_classes,9.665690595284104e-05,9.665690595284104e-05,0.8053297400474548,0.01,82,1,579752,574850,4902,0.0084553395244863,172940,406812,16941,0.0009938117882256,0.4585307474266447,579751,172940,406811,1,0,579752,0.2983004772738641,1.0,2.4581379113693794e-06,0.4595245592148704,0.2983016876181539,0.5000012290689557,0.2983004772738641,0.0008563081876091,1.466526348933167e-06,True,True,True,0.29829996274269,0.999998275124536,0.4625368920912182,9.665690595284104e-05,0.4625368920912182,0.0,0.4595239487067751,6.105080952445441e-07,True,True,230,1509,Setophaga caerulescens,Black-throated Blue Warbler,btbwar,nodata_as_absence,both_classes,0.0100145209578477,1.4520957847707903e-05,0.90950345993042,0.01,92,1,579752,574850,4902,0.0084553395244863,172940,406812,16941,0.0274667470386524,0.4992401566345361,376637,144733,231904,174908,28207,579752,0.3842771687327586,0.8368971897768012,0.4299479858017954,0.5267069036731886,0.551340918185707,0.6334225877892983,0.3575031370107992,0.2559006981497823,0.1993514901035649,True,True,True,0.29829996274269,0.6496519201313665,0.5313311086392287,0.0100145209578477,0.5313311086392287,0.0,0.4595239487067751,0.0671829549664134,False,False,0.06718234445831822,0.08597669145889447,-0.16310281022319884,0.429945527663884,0.25303923056755306,0.13342135872034255,0.059202659736935115,0.25504438996217316,0.009917864051894858,-0.35034635499316946,True
231,1515,7415507,Leiothlypis peregrina,Leiothlypis peregrina,Tennessee Warbler,tenwar,nodata_as_absence,both_classes,0.000173708613147,0.000173708613147,0.3279483616352081,0.01,34,1,579752,574850,4902,0.0084553395244863,115032,464720,16941,0.0,0.3311307271479008,579751,115032,464719,1,0,579752,0.1984162166171339,1.0,2.151833362024445e-06,0.3311307271479008,0.1984175992493342,0.500001075916681,0.1984162166171339,0.0006534207178253,8.539169043646725e-07,True,True,True,0.1984158743738702,0.999998275124536,0.3334836007949197,0.000173708613147,0.3334836007949197,0.0,0.3311302505526897,4.765952111296379e-07,True,True,231,1515,Leiothlypis peregrina,Tennessee Warbler,tenwar,nodata_as_absence,both_classes,0.0100107044297692,1.0704429769248236e-05,0.8332638740539551,0.01,85,1,579752,574850,4902,0.0084553395244863,115032,464720,16941,0.0019590336589721,0.3751105191312172,239030,66753,172277,292443,48279,579752,0.2792662008952851,0.5802993949509702,0.6292886038905147,0.3770695527901893,0.6195683671638907,0.6047939994207424,0.2323387015373691,0.1698029121469456,0.1491134934802948,True,True,True,0.1984158743738702,0.4122969821578882,0.3820416993366795,0.0100107044297692,0.3820416993366795,0.0,0.3311302505526897,0.0459393022374995,False,False,0.04593882564228846,0.08084998427815118,-0.41970060504902984,0.6292864520571526,0.4211507679145565,0.10479292350406144,0.033922484920235196,0.1691494914291203,0.0098369958166222,-0.5877012929666479,True
232,1519,7531611,Leiothlypis ruficapilla,Leiothlypis ruficapilla,Nashville Warbler,naswar,nodata_as_absence,both_classes,0.0200722033946658,7.220339466584846e-05,0.6406036019325256,0.01,66,1,579752,574850,4902,0.0084553395244863,27389,552363,16941,0.0001460280373831,0.1559193378443933,42005,5415,36590,515773,21974,579752,0.1289132246161171,0.197707108693271,0.9337573298718416,0.1560653658817765,0.8989843933268018,0.5657322192825562,0.0846371465637162,0.1075893233783756,0.1048701944369016,True,True,True,0.0472426140832631,0.0724533938649629,0.1579384871155444,0.0200722033946658,0.1579384871155444,0.0,0.090222864211114,0.0658425016706624,False,False,232,1519,Leiothlypis ruficapilla,Nashville Warbler,naswar,nodata_as_absence,both_classes,0.0400031522424706,3.1522424706054157e-06,0.6302850842475891,0.01,65,1,579752,574850,4902,0.0084553395244863,27389,552363,16941,7.300602299689725e-05,0.181323283706527,56648,7622,49026,503337,19767,579752,0.1345502047733371,0.2782869035014056,0.91124314988513,0.1813962897295239,0.8813406422056328,0.5947650266932678,0.0997448144997709,0.135422913069673,0.1257120287185025,True,True,True,0.0472426140832631,0.0977107452841904,0.181543188557682,0.0300031522424706,0.1818130919609947,-0.01,0.090222864211114,0.0911734255184098,False,False,0.025330923847747405,0.005636980157220001,0.08057979480813462,-0.02251417998671157,-0.017643751121169005,0.02903280741071157,0.015107667936054711,0.0278335896912974,0.0199309488478048,0.025257351419227497,True
233,1535,7751637,Rallus crepitans,Rallus crepitans,Clapper Rail,clarai11,nodata_as_absence,both_classes,0.0500706412174622,7.064121746225283e-05,0.5106777548789978,0.01,53,1,579752,574850,4902,0.0084553395244863,24972,554780,16941,0.0,0.2637269675099796,50682,9976,40706,514074,14996,579752,0.1968351683043289,0.3994874259170271,0.9266267709722772,0.2637269675099796,0.9039209869047454,0.6630570984446522,0.1518925667651268,0.2344084841215485,0.2186330513832119,True,True,True,0.0430735900867957,0.0874201382660171,0.2646575051732371,0.0500706412174622,0.2646575051732371,0.0,0.0825897434201387,0.1811372240898408,False,False,233,1535,Rallus crepitans,Clapper Rail,clarai11,nodata_as_absence,both_classes,0.4100098558139143,9.855813914327882e-06,0.9843875169754028,0.01,100,1,579752,574850,4902,0.0084553395244863,24972,554780,16941,0.5223540504439381,0.0311026840854862,17221,11676,5545,549235,13296,579752,0.6780094071192149,0.4675636713118692,0.9900050470456756,0.5534567345294243,0.9675016213829362,0.7287843591787725,0.3826064160959465,0.5471935554845371,0.5371837338801623,True,True,True,0.0430735900867957,0.0297040803653976,0.5573535729629099,0.3600098558139143,0.5590934589924829,-0.05,0.0825897434201387,0.4708669911092855,False,False,0.28972976701944475,0.48117423881488597,0.06807624539484214,0.06337827607339841,0.06358063447819073,0.06572726073412027,0.23071384933081968,0.3127850713629886,0.3599392145964521,-0.05771605790061951,True
234,1552,8169649,Leiothlypis celata,Leiothlypis celata,Orange-crowned Warbler,orcwar,nodata_as_absence,both_classes,0.0005028101732023,0.0005028101732023,0.4970033764839172,0.01,51,1,579752,574850,4902,0.0084553395244863,523501,56251,16941,0.0,0.9490125556083288,579751,523500,56251,0,1,579752,0.9029738629170108,0.9999980897839736,0.0,0.9490125556083288,0.9029723053995502,0.4999990448919868,0.9029723053995502,-0.0004305123482884,-3.449701501068469e-06,True,True,True,0.902974030275014,0.999998275124536,0.9532480538990304,0.0005028101732023,0.9532480538990304,0.0,0.9490135082342852,-9.526259564518468e-07,True,True,234,1552,Leiothlypis celata,Orange-crowned Warbler,orcwar,nodata_as_absence,both_classes,0.0002883451234083,0.0002883451234083,0.8412600755691528,0.01,86,1,579752,574850,4902,0.0084553395244863,523501,56251,16941,0.0052689026167359,0.9437436529915928,579751,523500,56251,0,1,579752,0.9029738629170108,0.9999980897839736,0.0,0.9490125556083288,0.9029723053995502,0.4999990448919868,0.9029723053995502,-0.0004305123482884,-3.449701501068469e-06,True,True,True,0.902974030275014,0.999998275124536,0.9532480538990304,0.0002883451234083,0.9532480538990304,0.0,0.9490135082342852,-9.526259564518468e-07,True,True,0.0,0.0,0.0,0.0,0.0,0.0,0.0,0.0,-0.00021446504979399998,0.0,True
235,1558,8214667,Anas crecca,Anas crecca,Green-winged Teal,gnwtea,nodata_as_absence,both_classes,0.01060857727658,0.00060857727658,0.3492262065410614,0.01,36,1,579752,574850,4902,0.0084553395244863,86246,493506,16941,0.0,0.2808389783938412,303180,54683,248497,245009,31563,579752,0.1803647997889042,0.6340352016325395,0.4964661017292596,0.2808389783938412,0.5169313775545405,0.5652506516808995,0.1633581583483448,0.0929771370618655,0.0640384638549907,True,True,True,0.1487636092674109,0.5229477431729429,0.2843614957800531,0.01060857727658,0.2843614957800531,0.0,0.2589977747680924,0.0218412036257488,False,False,235,1558,Anas crecca,Green-winged Teal,gnwtea,nodata_as_absence,both_classes,0.0901239866542164,0.0001239866542164,0.9159793257713318,0.01,93,1,579752,574850,4902,0.0084553395244863,86246,493506,16941,0.0738915719129174,0.3389598148753692,169633,52820,116813,376693,33426,579752,0.3113780927060183,0.6124341998469495,0.7632997369839475,0.4128513867882866,0.740856435165381,0.6878669684154485,0.2601214425364057,0.2938908103080935,0.2685845414840666,True,True,True,0.1487636092674109,0.2925957995832701,0.4134039297635958,0.0901239866542164,0.4134039297635958,0.0,0.2589977747680924,0.1538536120201942,False,False,0.1320124083944454,0.13101329291711408,-0.02160100178558999,0.2668336352546879,0.22392505761084047,0.12261631673454898,0.09676328418806088,0.200913673246228,0.0795154093776364,-0.23035194358967281,True
236,1564,8323485,Haemorhous mexicanus,Haemorhous mexicanus,House Finch,houfin,nodata_as_absence,both_classes,0.0502588176575955,0.0002588176575955,0.5307937860488892,0.01,55,1,579752,574850,4902,0.0084553395244863,37551,542201,16941,0.0001065161238782,0.2798434892889215,64060,14223,49837,492364,23328,579752,0.2220262254136746,0.3787648797635216,0.9080839024642152,0.2799500054127998,0.8737994866770619,0.6434243911138685,0.1627569002609054,0.2251931919785016,0.2159148151952926,True,True,True,0.0647707985483448,0.1104955222232954,0.2799500054127998,0.0502588176575955,0.2799500054127998,0.0,0.1216614855265566,0.1582885198862431,False,False,236,1564,Haemorhous mexicanus,House Finch,houfin,nodata_as_absence,both_classes,0.9569125068932772,0.0169125068932771,0.999605655670166,0.01,100,1,579752,574850,4902,0.0084553395244863,37551,542201,16941,0.1318643816306847,0.1281878749437451,74588,14581,60007,482194,22970,579752,0.195487209738832,0.3882985805970547,0.8893270207911826,0.2600522565744299,0.8568750086243773,0.6388128006941187,0.14945980852416,0.2040796708353942,0.1902846362494251,True,True,True,0.0647707985483448,0.128655011108198,0.2619372687098049,0.9569125068932772,0.2619372687098049,0.0,0.1216614855265566,0.1383907710478732,False,False,-0.019897748838369922,-0.026539015674842598,0.00953370083353311,-0.018756881673032577,-0.0169244780526846,-0.004611590419749789,-0.013297091736745398,-0.02111352114310741,0.9066536892356817,0.018159488884902597,True
237,1567,8332393,Spatula clypeata,Spatula clypeata,Northern Shoveler,norsho,nodata_as_absence,both_classes,0.0206627615657635,0.0006627615657635,0.5546087026596069,0.01,57,1,579752,574850,4902,0.0084553395244863,72538,507214,16941,5.51419906258616e-05,0.2736054567497762,147691,30134,117557,389657,42404,579752,0.2040340982185779,0.4154236400231603,0.7682299778791595,0.273660598740402,0.7240871959044557,0.5918268089511599,0.1585207396301849,0.1394531549788619,0.1271891496821761,True,True,True,0.1251190164070154,0.2547485821523686,0.2797087256981347,0.0206627615657635,0.2797087256981347,0.0,0.2224102776372472,0.0512503211031548,False,False,237,1567,Spatula clypeata,Northern Shoveler,norsho,nodata_as_absence,both_classes,0.1200943067643675,9.430676436750218e-05,0.8664156198501587,0.01,88,1,579752,574850,4902,0.0084553395244863,72538,507214,16941,0.0489633236990405,0.2896356958706161,107179,30426,76753,430461,42112,579752,0.283880237733138,0.4194491163252364,0.848677284144365,0.3385990195696567,0.7949726779726504,0.6340632002348008,0.2038033103134147,0.2285223491387227,0.2225798820345428,True,True,True,0.1251190164070154,0.1848704273551449,0.3392502731753005,0.1100943067643675,0.3393423785276785,-0.0099999999999999,0.2224102776372472,0.1161887419324094,False,False,0.06493842082925472,0.07984613951456007,0.004025476302076114,0.08044730626520558,0.07088548206819467,0.04223639128364087,0.0452825706832298,0.08906919415986081,0.099431545198604,-0.06987815479722373,True
238,1592,9046711,Leuconotopicus borealis,Leuconotopicus borealis,Red-cockaded Woodpecker,recwoo,nodata_as_absence,both_classes,0.0300123073905342,1.2307390534260776e-05,0.3016925454139709,0.01,32,1,579752,574850,4902,0.0084553395244863,89293,490459,16941,0.0,0.3713894702142218,311133,74357,236776,253683,14936,579752,0.238987828356362,0.8327304491953457,0.5172358953551673,0.3713894702142218,0.5658281472077716,0.6749831722752565,0.2280406907740386,0.2533348515761441,0.173590358143285,True,True,True,0.154019304806193,0.5366656777380673,0.3714219350584803,0.0300123073905342,0.3714219350584803,0.0,0.2669267388591201,0.1044627313551017,False,False,238,1592,Leuconotopicus borealis,Red-cockaded Woodpecker,recwoo,nodata_as_absence,both_classes,0.2000012289955293,1.2289955293454111e-06,0.9298999905586244,0.01,94,1,579752,574850,4902,0.0084553395244863,89293,490459,16941,0.2274464935937599,0.2878196821491745,116849,53109,63740,426719,36184,579752,0.4545096663214918,0.5947722665830468,0.8700401052891271,0.5152661757429344,0.8276435441361134,0.732406185936087,0.3470427946913411,0.4182445039605457,0.4127230290553123,True,True,True,0.154019304806193,0.2015499730919427,0.5152811735941321,0.2000012289955293,0.5152811735941321,0.0,0.2669267388591201,0.2483394368838143,False,False,0.14387670552871262,0.2155218379651298,-0.23795818261229884,0.3528042099339598,0.26181539692834177,0.05742301366083047,0.11900210391730248,0.16490965238440158,0.1699889216049951,-0.3351157046461246,True
239,1595,9149595,Dryobates pubescens,Dryobates pubescens,Downy Woodpecker,dowwoo,nodata_as_absence,both_classes,0.0008956181118264,0.0008956181118264,0.8557902574539185,0.01,87,1,579752,574850,4902,0.0084553395244863,496539,83213,16941,0.0034887810367869,0.9191974838174808,579751,496539,83212,1,0,579752,0.8564694153179555,1.0,1.2017353057815483e-05,0.922686264854268,0.8564696628903393,0.5000060086765289,0.8564694153179555,0.0032081919124479,2.0584778825214883e-05,True,True,True,0.8564679380148753,0.999998275124536,0.9269078989124389,0.0008956181118264,0.9269078989124389,0.0,0.9226854075710008,8.572832670417085e-07,True,True,239,1595,Dryobates pubescens,Downy Woodpecker,dowwoo,nodata_as_absence,both_classes,0.0997898384556174,0.0097898384556174,0.9569536447525024,0.01,96,1,579752,574850,4902,0.0084553395244863,496539,83213,16941,0.2867154106315838,0.6444370989197878,534203,479889,54314,28899,16650,579752,0.8983270404696342,0.9664678907397002,0.3472894860178097,0.9311525095513716,0.8775959375733072,0.656878688378755,0.8711743423381556,0.4088590667677215,0.3865836545140884,True,True,True,0.8564679380148753,0.9214336474906512,0.9338514813240018,0.0897898384556174,0.9344615693403892,-0.0099999999999999,0.9226854075710008,0.0084671019803709,False,False,0.008466244697103664,0.04185762515167868,-0.033532109260299814,0.34727746866475184,0.021126274682967905,0.15687267970222607,0.014704927020200098,0.40565087485527357,0.098894220343791,-0.07856462763388483,True
240,1607,9326020,Gallus gallus,Gallus gallus,Red Junglefowl,redjun,nodata_as_absence,no_reference_presence,0.4622235894203186,0.0001330428640358,0.4622235894203186,0.01,48,48,579752,574850,4902,0.0084553395244863,0,579752,16941,0.0,0.0,0,0,0,579752,0,579752,0.0,0.0,1.0,0.0,1.0,,0.0,,,False,False,False,0.0,0.0,0.0,0.4622235894203186,0.0,0.0,0.0,0.0,False,False,240,1607,Gallus gallus,Red Junglefowl,redjun,nodata_as_absence,no_reference_presence,0.9568275809288024,0.0007423231727443,0.9568275809288024,0.01,97,97,579752,574850,4902,0.0084553395244863,0,579752,16941,0.0,0.0,0,0,0,579752,0,579752,0.0,0.0,1.0,0.0,1.0,,0.0,,,False,False,False,0.0,0.0,0.0,0.9568275809288024,0.0,0.0,0.0,0.0,False,False,0.0,0.0,0.0,0.0,0.0,,0.0,,0.4946039915084838,0.0,True
241,1614,9362027,Mareca strepera,Mareca strepera,Gadwall,gadwal,nodata_as_absence,both_classes,0.0103458769642747,0.0003458769642747,0.331130713224411,0.01,35,1,579752,574850,4902,0.0084553395244863,57222,522530,16941,0.0,0.2192464618130817,256498,34391,222107,300423,22831,579752,0.1340790181599856,0.601010101010101,0.5749392379384916,0.2192464618130817,0.57751245360085,0.5879746694742962,0.1231200484017055,0.1056600533076797,0.0689843322181061,True,True,True,0.0987008238005216,0.4424271067628917,0.2226632049879251,0.0103458769642747,0.2226632049879251,0.0,0.1796682439157642,0.0395782178973175,False,False,241,1614,Mareca strepera,Gadwall,gadwal,nodata_as_absence,both_classes,0.0600421622353314,4.216223533148877e-05,0.7741150259971619,0.01,79,1,579752,574850,4902,0.0084553395244863,57222,522530,16941,0.0057583904258086,0.2265544520495517,156662,24844,131818,390712,32378,579752,0.1585834471665113,0.4341686763832093,0.7477312307427325,0.2323128424753604,0.7167823483144516,0.5909499535629709,0.1314219212865002,0.1221719188545805,0.1025513783676899,True,True,True,0.0987008238005216,0.2702224399398363,0.2328157359597417,0.0600421622353314,0.2328157359597417,0.0,0.1796682439157642,0.0526445985595962,False,False,0.01306638066227872,0.02450442900652569,-0.16684142462689172,0.17279199280424096,0.13926989471360163,0.0029752840886746457,0.008301872884794712,0.01651186554690079,0.049696285271056705,-0.1722046668230554,True
242,1616,9367409,Sterna hirundo,Sterna hirundo,Common Tern,comter,nodata_as_absence,both_classes,0.0200567029055673,5.6702905567362905e-05,0.5012856721878052,0.01,52,1,579752,579628,124,0.0002138845575349,23171,556581,16941,8.631106507854307e-05,0.4777616080400119,28946,12452,16494,540087,10719,579752,0.4301803357976922,0.5373958827845151,0.9703654993612788,0.4778479191050904,0.9530609639983992,0.753880691072897,0.3139291566872557,0.456670159716538,0.4535896047508966,True,True,True,0.039967089376147,0.0499282451806979,0.478720541309446,0.0200567029055673,0.478720541309446,0.0,0.0768622195537406,0.4009856995513498,False,False,242,1616,Sterna hirundo,Common Tern,comter,nodata_as_absence,both_classes,0.0700026096706733,2.60967067333695e-06,0.7055866122245789,0.01,72,1,579752,579628,124,0.0002138845575349,23171,556581,16941,0.0067076579094466,0.4365621801943398,36991,13334,23657,532924,9837,579752,0.3604660593117245,0.5754607051918347,0.9574958541524056,0.4432698381037864,0.9422270212090688,0.7664782796721201,0.2847441701546083,0.4271456969314137,0.414493324583305,True,True,True,0.039967089376147,0.0638048682885095,0.4441261699363821,0.0700026096706733,0.4441261699363821,0.0,0.0768622195537406,0.3664076185500458,False,False,-0.034578081001303995,-0.06971427648596773,0.038064822407319565,-0.012869645208873237,-0.010833942789330475,0.012597588599223108,-0.029184986532647395,-0.029524462785124328,0.049945906765106005,0.013876623107811598,True
243,1619,9409198,Agelaius phoeniceus,Agelaius phoeniceus,Red-winged Blackbird,rewbla,nodata_as_absence,both_classes,0.0012329851742833,0.0012329851742833,0.7718345522880554,0.01,79,1,579752,574850,4902,0.0084553395244863,423215,156537,16941,0.0060295021656747,0.8378974106110296,579751,423215,156536,1,0,579752,0.7299944286426414,1.0,6.388266032950676e-06,0.8439269127767043,0.7299948943686266,0.5000031941330165,0.7299944286426414,0.0021594903594924,9.326753731374464e-06,True,True,True,0.7299931694931626,0.999998275124536,0.8480718671347729,0.0012329851742833,0.8480718671347729,0.0,0.8439260713463155,8.4143038880935e-07,True,True,243,1619,Agelaius phoeniceus,Red-winged Blackbird,rewbla,nodata_as_absence,both_classes,0.0222756068501621,0.0022756068501621,0.9775183796882628,0.01,99,1,579752,574850,4902,0.0084553395244863,423215,156537,16941,0.3991974495460663,0.4452439745095319,577392,422477,154915,1622,738,579752,0.7316987419292266,0.9982562054747588,0.0103617675054459,0.8444414240555983,0.7315179594033311,0.5043089864901024,0.7307647068998322,0.0600900789610795,0.0124954680538291,True,True,True,0.7299931694931626,0.99592929390498,0.8485987315520159,0.0222756068501621,0.8485987315520159,0.0,0.8439260713463155,0.0005153527092828,False,True,0.0005145112788940143,0.0017043132865851573,-0.0017437945252412046,0.01035537923941295,0.0015230650347044516,0.004305792357085836,0.0007702782571907818,0.0579305886015871,0.021042621675878802,-0.0040689812195560116,True
244,1620,9422220,Spatula discors,Spatula discors,Blue-winged Teal,buwtea,nodata_as_absence,both_classes,0.0103147963143419,0.0003147963143419,0.6838467121124268,0.01,70,1,579752,574850,4902,0.0084553395244863,148245,431507,16941,0.0019805048266384,0.4384850779682578,280465,94416,186049,245458,53829,579752,0.3366409355891109,0.6368916320955176,0.5688389759609925,0.4404655827948963,0.586240323448647,0.602865304028255,0.2824340251395478,0.1795972146569179,0.1591426098077558,True,True,True,0.2557041631594199,0.483767197008376,0.4455013872374158,0.0103147963143419,0.4455013872374158,0.0,0.4072681618193481,0.0331974209755481,False,False,244,1620,Spatula discors,Blue-winged Teal,buwtea,nodata_as_absence,both_classes,0.1403452532982919,0.0003452532982919,0.9702075123786926,0.01,98,1,579752,574850,4902,0.0084553395244863,148245,431507,16941,0.2211617235077427,0.3622955481859232,188616,98272,90344,341163,49973,579752,0.521016244645205,0.6629026274073324,0.7906314381921962,0.5834572716936659,0.7579706495191048,0.7267670327997643,0.4118882261965136,0.4223190797984399,0.416321566437972,True,True,True,0.2557041631594199,0.3253391105162207,0.5857438324402615,0.1203452532982919,0.5866321806262351,-0.02,0.4072681618193481,0.1761891098743177,False,False,0.14299168889876962,0.18437530905609412,0.026010995311814833,0.22179246223120364,0.1717303260704578,0.12390172877150929,0.1294542010569658,0.24272186514152203,0.13003045698395,-0.15842808649215528,True
245,1622,9451184,Pavo cristatus,Pavo cristatus,Indian Peafowl,compea,nodata_as_absence,both_classes,0.0201398283056914,0.0001398283056914,0.4598322808742523,0.01,47,1,579752,574850,4902,0.0084553395244863,54774,524978,16941,0.0,0.2341350681619322,94943,17527,77416,447562,37247,579752,0.1846055001421905,0.3199875853507138,0.8525347728857209,0.2341350681619322,0.8022206046723427,0.5862611791182174,0.1325894545729631,0.1363597997438957,0.1298701793016826,True,True,True,0.0944783286646704,0.1637648511777449,0.2342524157656273,0.0201398283056914,0.2342524157656273,0.0,0.1726454077531889,0.0614896604087432,False,False,245,1622,Pavo cristatus,Indian Peafowl,compea,nodata_as_absence,both_classes,0.2107678811089135,0.0007678811089135,0.9741384387016296,0.01,99,1,579752,574850,4902,0.0084553395244863,54774,524978,16941,0.1178209134430368,0.0939267973610359,73983,13632,60351,464627,41142,579752,0.1842585458821621,0.2488772045130901,0.8850408969518723,0.2117477108040728,0.8249372145331108,0.5669590507324812,0.1184104234527687,0.1173964575431848,0.1157407063575039,True,True,True,0.0944783286646704,0.1276114614524831,0.2119633666599288,0.2107678811089135,0.2119633666599288,0.0,0.1726454077531889,0.0391023030508838,False,False,-0.022387357357859405,-0.00034695426002839813,-0.07111038083762372,0.03250612406615139,0.022716609860768067,-0.019302128385736195,-0.01417903112019439,-0.0189633422007109,0.1906280528032221,-0.0361533897252618,True
246,1625,9479809,Toxostoma rufum,Toxostoma rufum,Brown Thrasher,brnthr,nodata_as_absence,both_classes,0.000176108078449,0.000176108078449,0.745368242263794,0.01,76,1,579752,574850,4902,0.0084553395244863,383485,196267,16941,0.0002294289565414,0.7960136516592163,579751,383485,196266,1,0,579752,0.6614650082535434,1.0,5.09510004228933e-06,0.7962430806157578,0.6614655921842443,0.5000025475500212,0.6614650082535434,0.0018358187251266,6.740438066112341e-06,True,True,True,0.6614638673087803,0.999998275124536,0.8003159649975896,0.000176108078449,0.8003159649975896,0.0,0.7962422539831838,8.266325739469949e-07,True,True,246,1625,Toxostoma rufum,Brown Thrasher,brnthr,nodata_as_absence,both_classes,0.0530626554507762,0.0030626554507762,0.956556499004364,0.01,97,1,579752,574850,4902,0.0084553395244863,383485,196267,16941,0.2511244275950158,0.5622004498912915,483765,352678,131087,65180,30807,579752,0.7290275236943558,0.919665697484908,0.3320986207564185,0.8133248774863073,0.7207530116325601,0.6258821591206634,0.6853812488825665,0.3205299238225784,0.287638620496372,True,True,True,0.6614638673087803,0.8344343788378479,0.8151021714687199,0.0430626554507762,0.8161236748357571,-0.01,0.7962422539831838,0.0170826235031235,False,False,0.01708179687054956,0.06756251544081238,-0.080334302515092,0.33209352565637623,0.05928741944831584,0.1258796115706422,0.02391624062902309,0.3186941050974518,0.0528865473723272,-0.1655638962866881,True
247,1626,9480015,Rallus elegans,Rallus elegans,King Rail,kinrai4,nodata_as_absence,both_classes,0.0103745923459064,0.0003745923459064,0.3072815537452698,0.01,32,1,579752,574850,4902,0.0084553395244863,177013,402739,16941,0.0,0.5690814496019656,314653,139899,174754,227985,37114,579752,0.4446135902088968,0.7903317835413218,0.5660862245772076,0.5690814496019656,0.634554085195049,0.6782090040592648,0.3977035935718814,0.3294989845843248,0.2926484229113498,True,True,True,0.3053253805075273,0.5427372393713173,0.5747829141578795,0.0103745923459064,0.5747829141578795,0.0,0.467814975586873,0.1012664740150925,False,False,247,1626,Rallus elegans,King Rail,kinrai4,nodata_as_absence,both_classes,0.0400073699070526,7.369907052634517e-06,0.8579455614089966,0.01,87,1,579752,574850,4902,0.0084553395244863,177013,402739,16941,0.0375987729178087,0.5920118128305785,225566,126734,98832,303907,50279,579752,0.5618488602005621,0.715958714896646,0.7546003739394496,0.6296105857483872,0.7428020946887635,0.7352795444180478,0.4594391777991263,0.4445044127420325,0.4369705596149909,True,True,True,0.3053253805075273,0.3890732589107066,0.6303606068142253,0.0400073699070526,0.6303606068142253,0.0,0.467814975586873,0.1617956101615141,False,False,0.060529136146421636,0.11723526999166534,-0.07437306864467585,0.18851414936224198,0.10824800949371449,0.057070540358783006,0.0617355842272449,0.1150054281577077,0.0296327775611462,-0.15366398046061075,True
248,1629,9510564,Turdus migratorius,Turdus migratorius,American Robin,amerob,nodata_as_absence,both_classes,0.000122165409266,0.000122165409266,0.6219416856765747,0.01,64,1,579752,574850,4902,0.0084553395244863,545774,33978,16941,0.0001575619667397,0.9696529708957022,579751,545773,33978,0,1,579752,0.9413920803931344,0.9999981677397604,0.0,0.969810532862442,0.9413904566090328,0.4999990838698802,0.9413904566090328,-0.0003276964461518,-3.4496613017006054e-06,True,True,True,0.9413921814844968,0.999998275124536,0.9740528259726956,0.000122165409266,0.9740528259726956,0.0,0.969811448158461,-9.152960189773296e-07,True,True,248,1629,Turdus migratorius,American Robin,amerob,nodata_as_absence,both_classes,0.0144835782609879,0.0044835782609879,0.9662100076675416,0.01,98,1,579752,574850,4902,0.0084553395244863,545774,33978,16941,0.3174384254254284,0.6523782498152891,579715,545759,33956,22,15,579752,0.9414263905539793,0.9999725160964062,0.0006474777797398,0.9698166752407176,0.9414042556127448,0.500309996938073,0.9414020319804046,0.0182299130079625,0.0011661937141553,True,True,True,0.9413921814844968,0.9999361796078324,0.974059131508754,0.0144835782609879,0.974059131508754,0.0,0.969811448158461,5.227082256586968e-06,False,True,6.1423782755642975e-06,3.4310160844874815e-05,-2.5651643354107634e-05,0.0006474777797398,1.3799003712011704e-05,0.0003109130681928085,1.1575371371863596e-05,0.018557609454114297,0.0143614128517219,-6.209551670355307e-05,True
249,1630,9515886,Hirundo rustica,Hirundo rustica,Barn Swallow,barswa,nodata_as_absence,both_classes,0.0016433962155133,0.0016433962155133,0.4222903847694397,0.01,44,1,579752,574850,4902,0.0084553395244863,467995,111757,16941,0.0,0.8933348349695441,579751,467994,111757,0,1,579752,0.8072327602712199,0.9999978632250344,0.0,0.8933348349695441,0.807231367895238,0.4999989316125172,0.807231367895238,-0.0006417945247737,-3.4497319602164094e-06,True,True,True,0.807233092770702,0.999998275124536,0.8975340511140688,0.0016433962155133,0.8975340511140688,0.0,0.8933358912027426,-1.0562331984598217e-06,True,True,249,1630,Hirundo rustica,Barn Swallow,barswa,nodata_as_absence,both_classes,0.0118614248931407,0.0118614248931407,0.9749560356140136,0.01,98,1,579752,574850,4902,0.0084553395244863,467995,111757,16941,0.3698693463267151,0.5234654886428289,579751,467994,111757,0,1,579752,0.8072327602712199,0.9999978632250344,0.0,0.8933348349695441,0.807231367895238,0.4999989316125172,0.807231367895238,-0.0006417945247737,-3.4497319602164094e-06,True,True,True,0.807233092770702,0.999998275124536,0.8975340511140688,0.0118614248931407,0.8975340511140688,0.0,0.8933358912027426,-1.0562331984598217e-06,True,True,0.0,0.0,0.0,0.0,0.0,0.0,0.0,0.0,0.0102180286776274,0.0,True
250,1634,9539567,Butorides virescens,Butorides virescens,Green Heron,grnher,nodata_as_absence,both_classes,0.0100991096821962,9.910968219628558e-05,0.9423424601554872,0.01,96,1,579752,574850,4902,0.0084553395244863,283920,295832,16941,0.024284830839998,0.7076959556459735,403721,251670,152051,143781,32250,579752,0.6233760443474577,0.8864116652578191,0.4860224722139593,0.7319807864859716,0.6821037271109026,0.6862170687358892,0.5772631665867684,0.4048879031307999,0.3692968837780552,True,True,True,0.4897266417364666,0.6963684471981123,0.737226619484788,0.0100991096821962,0.737226619484788,0.0,0.6574718180049833,0.0745089684809883,False,False,250,1634,Butorides virescens,Green Heron,grnher,nodata_as_absence,both_classes,0.112104474697262,0.002104474697262,0.9419823884963988,0.01,95,1,579752,574850,4902,0.0084553395244863,283920,295832,16941,0.2021268985166453,0.5112799334613293,375684,235283,140401,155431,48637,579752,0.6262790004365371,0.8286947027331643,0.5254029313934936,0.7134068319779746,0.6739329920379749,0.6770488170633289,0.5544929428428006,0.3706336011527287,0.3518083901407484,True,True,True,0.4897266417364666,0.6480081138141827,0.7187483771242489,0.112104474697262,0.7187483771242489,0.0,0.6574718180049833,0.0559350139729912,False,False,-0.018573954507997037,0.0029029560890793116,-0.05771696252465486,0.03938045917953431,-0.00817073507292776,-0.009168251672560301,-0.022770223743967755,-0.03425430197807122,0.1020053650150658,-0.04836033338392964,True
251,1640,9568884,Tyto furcata,Tyto furcata,American Barn Owl,brnowl,nodata_as_absence,both_classes,0.0003895028785336,0.0003895028785336,0.3083298206329345,0.01,32,1,579752,574850,4902,0.0084553395244863,122619,457133,16941,0.0,0.349157851274969,579751,122619,457132,1,0,579752,0.2115028693352836,1.0,2.187547168985832e-06,0.349157851274969,0.2115042293946377,0.5000010937735845,0.2115028693352836,0.0006802003403753,9.253445779580428e-07,True,True,True,0.2115025045191737,0.999998275124536,0.3516118302201678,0.0003895028785336,0.3516118302201678,0.0,0.3491573541618318,4.971131371545034e-07,True,True,251,1640,Tyto furcata,American Barn Owl,brnowl,nodata_as_absence,both_classes,0.9933074569702148,0.8833074569702148,0.9999989867210388,0.01,13,1,579752,574850,4902,0.0084553395244863,122619,457133,16941,0.3491573541618318,0.0456179826931799,485803,120095,365708,91425,2524,579752,0.2472092597205039,0.9794159143362774,0.1999964999245296,0.3947753368550118,0.364845658143482,0.5897062071304036,0.2459315172005644,0.1988275152101047,0.0861026404704556,True,True,True,0.2115025045191737,0.8379496750334626,0.3979818398727465,0.9933074569702148,0.3979818398727465,0.0,0.3491573541618318,0.0456179826931799,False,False,0.045617485580042805,0.035706390385220305,-0.020584085663722607,0.19999431237736062,0.15334142874884432,0.08970511335681908,0.0344286478652808,0.1981473148697294,0.9929179540916813,-0.16204860009107336,True
252,1646,9606290,Meleagris gallopavo,Meleagris gallopavo,Wild Turkey,wiltur,nodata_as_absence,both_classes,0.010056980188674,5.698018867406063e-05,0.586637556552887,0.01,60,1,579752,574850,4902,0.0084553395244863,397455,182297,16941,0.0001761028440609,0.8697218165129001,499287,390037,109250,73047,7418,579752,0.7811879740509967,0.9813362519027312,0.4007032479964015,0.869897919356961,0.7987622293670397,0.6910197499495663,0.7697516306332086,0.5130543499052425,0.4500922767138323,True,True,True,0.6855603775407415,0.861207895789924,0.8706406526060378,0.010056980188674,0.8706406526060378,0.0,0.813450988378102,0.056446930978859,False,False,252,1646,Meleagris gallopavo,Wild Turkey,wiltur,nodata_as_absence,both_classes,0.7100218456316361,2.1845631636097096e-05,0.9995482563972472,0.01,101,1,579752,574850,4902,0.0084553395244863,397455,182297,16941,0.8515680260245708,0.0192294203117364,456847,371962,84885,97412,25493,579752,0.8141938110570935,0.9358594054672856,0.5343587661892406,0.8707974463363073,0.8096116960355463,0.7351090858282632,0.7711614214039889,0.5341496983645175,0.5156939341655261,True,True,True,0.6855603775407415,0.7880041810981248,0.8715493254760914,0.7100218456316361,0.8715493254760914,0.0,0.813450988378102,0.0573464579582052,False,False,0.0008995269793462546,0.03300583700609683,-0.045476846435445584,0.1336555181928391,0.010849466668506613,0.0440893358786969,0.0014097907707802948,0.021095348459275076,0.6999648654429621,-0.0732037146917992,True
253,1647,9630752,Ardea herodias,Ardea herodias,Great Blue Heron,grbher3,nodata_as_absence,both_classes,0.0103928056103177,0.0003928056103177,0.9621416330337524,0.01,98,1,579752,574850,4902,0.0084553395244863,303261,276491,16941,0.093127093966246,0.6363300168128587,488558,288799,199759,76732,14462,579752,0.5911253116313723,0.9523117050989082,0.2775207872950657,0.7294571107791048,0.6304954532282769,0.6149162461969869,0.5741302532702477,0.3152963988345432,0.2368380162512117,True,True,True,0.5230874580855263,0.8427017069367592,0.7339890460396732,0.0103928056103177,0.7339890460396732,0.0,0.6868777696364606,0.0425793411426441,False,False,253,1647,Ardea herodias,Great Blue Heron,grbher3,nodata_as_absence,both_classes,0.2798512130975723,0.0298512130975723,0.965920865535736,0.01,95,1,579752,574850,4902,0.0084553395244863,303261,276491,16941,0.5673284581812087,0.1850683607292995,364812,251328,113484,163007,51933,579752,0.6889247064241308,0.8287514715047435,0.5895562604207731,0.7523968189105082,0.7146762753729181,0.7091538659627583,0.6030738221214411,0.4325651160247604,0.4224586111162615,True,True,True,0.5230874580855263,0.629255267769667,0.7579434968274265,0.2798512130975723,0.7579434968274265,0.0,0.6868777696364606,0.0655190492740476,False,False,0.022939708131403447,0.09779939479275856,-0.12356023359416468,0.31203547312570745,0.08418082214464118,0.09423761976577139,0.028943568851193424,0.1172687171902172,0.26945840748725464,-0.21344643916709216,True
254,1652,9685907,Falco sparverius,Falco sparverius,American Kestrel,amekes,nodata_as_absence,both_classes,0.0004789038503076,0.0004789038503076,0.7924918532371521,0.01,81,1,579752,574850,4902,0.0084553395244863,456602,123150,16941,0.0005210944735522,0.8806477736630768,579751,456601,123150,0,1,579752,0.7875812202135054,0.9999978099088483,0.0,0.8811688681366291,0.7875798617339828,0.4999989049544242,0.7875798617339828,-0.0006820678045786,-3.449734816366858e-06,True,True,True,0.7875815866094468,0.999998275124536,0.885356648061808,0.0004789038503076,0.885356648061808,0.0,0.8811699477205666,-1.0795839374688754e-06,True,True,254,1652,Falco sparverius,American Kestrel,amekes,nodata_as_absence,both_classes,0.0592485209554433,0.0192485209554433,0.9996585249900818,0.01,100,1,579752,574850,4902,0.0084553395244863,456602,123150,16941,0.8142866706835376,0.0668949118247482,579500,456497,123003,147,105,579752,0.7877428817946506,0.9997700404290828,0.0011936662606577,0.8811815825082858,0.7876540313789344,0.5004818533448702,0.7876001759819187,0.018910542851076,0.0015162107865377,True,True,True,0.7875815866094468,0.999565331383074,0.885361856459887,0.0392485209554433,0.885364978718866,-0.0199999999999999,0.8811699477205666,1.1634787719261295e-05,False,True,1.2714371656730172e-05,0.00016166158114516715,-0.0002277694797655494,0.0011936662606577,7.416964495166045e-05,0.0004829483904459919,2.0314247935915297e-05,0.0195926106556546,0.0587696171051357,-0.00043294374146196635,True
255,1653,9691034,Phoenicopterus ruber,Phoenicopterus ruber,American Flamingo,grefla2,nodata_as_absence,both_classes,0.0201207055320264,0.0001207055320264,0.3869014680385589,0.01,40,1,579752,574850,4902,0.0084553395244863,16167,563585,16941,0.0,0.1840094062316284,58677,6886,51791,511794,9281,579752,0.117354329635121,0.4259293622811901,0.9081043675754322,0.1840094062316284,0.8946584056631112,0.6670168649283111,0.1013272903852379,0.1823478662032833,0.146698967052287,True,True,True,0.0278860616263505,0.1012105176006292,0.1956750305475832,0.0201207055320264,0.1956750305475832,0.0,0.054259051985253,0.1297503542463754,False,False,255,1653,Phoenicopterus ruber,American Flamingo,grefla2,nodata_as_absence,both_classes,0.9995997619628908,0.9295997619628906,0.9999999403953552,0.01,9,1,579752,574850,4902,0.0084553395244863,16167,563585,16941,0.054259051985253,0.0291608232273894,343004,14981,328023,235562,1186,579752,0.0436758754999941,0.9266406878208696,0.4179706699078222,0.0834198752126424,0.4321554733748223,0.672305678864346,0.0435253784247072,0.1154333413799905,0.031854807480787,True,True,True,0.0278860616263505,0.5916391836509404,0.0845731963768054,0.9995997619628908,0.0845731963768054,0.0,0.054259051985253,0.0291608232273894,False,False,-0.100589531018986,-0.07367845413512691,0.5007113255396796,-0.49013369766761,-0.46250293228828887,0.005288813936034864,-0.057801911960530694,-0.0669145248232928,0.9794790564308644,0.49042866605031116,True
256,1658,9740253,Accipiter striatus,Accipiter striatus,Sharp-shinned Hawk,shshaw,nodata_as_absence,both_classes,0.0005607896018773,0.0005607896018773,0.2990029752254486,0.01,31,1,579752,574850,4902,0.0084553395244863,400029,179723,16941,0.0,0.816566984425075,579751,400028,179723,0,1,579752,0.6899996722730966,0.9999975001812368,0.0,0.816566984425075,0.6899984821095917,0.4999987500906184,0.6899984821095917,-0.0008803093977864,-3.4497436341071466e-06,True,True,True,0.6900002069850557,0.999998275124536,0.8206729457429545,0.0005607896018773,0.8206729457429545,0.0,0.8165681922797033,-1.20785462831563e-06,True,True,256,1658,Accipiter striatus,Sharp-shinned Hawk,shshaw,nodata_as_absence,both_classes,0.0007917983457446,0.0007917983457446,0.6612036824226379,0.01,68,1,579752,574850,4902,0.0084553395244863,400029,179723,16941,0.0002399466118788,0.8163270378131962,579751,400028,179723,0,1,579752,0.6899996722730966,0.9999975001812368,0.0,0.816566984425075,0.6899984821095917,0.4999987500906184,0.6899984821095917,-0.0008803093977864,-3.4497436341071466e-06,True,True,True,0.6900002069850557,0.999998275124536,0.8206729457429545,0.0007917983457446,0.8206729457429545,0.0,0.8165681922797033,-1.20785462831563e-06,True,True,0.0,0.0,0.0,0.0,0.0,0.0,0.0,0.0,0.0002310087438673,0.0,True
257,1659,9751099,Cairina moschata,Cairina moschata,Muscovy Duck,musduc,nodata_as_absence,both_classes,0.0401738337159622,0.0001738337159622,0.692072868347168,0.01,71,1,579752,574850,4902,0.0084553395244863,33061,546691,16941,0.0018721502551559,0.4526743287450581,55678,20168,35510,511181,12893,579752,0.3622256546571357,0.6100238952239799,0.935045574190905,0.4545464790002141,0.9165108529164194,0.7725347347074425,0.2941185049073223,0.4289855773944596,0.4125051031232598,True,True,True,0.0570261077150229,0.0960376160841187,0.4545464790002141,0.0401738337159622,0.4545464790002141,0.0,0.1078991470481207,0.3466473319520934,False,False,257,1659,Cairina moschata,Muscovy Duck,musduc,nodata_as_absence,both_classes,0.4005208257352933,0.0005208257352933,0.978915810585022,0.01,99,1,579752,574850,4902,0.0084553395244863,33061,546691,16941,0.5316685431965987,0.0303698024475174,41941,21077,20864,525827,11984,579752,0.5025392813714503,0.6375185263603642,0.9618358451117724,0.5620383456441161,0.9433412907588072,0.7996771857360683,0.3908576726935558,0.5365107166169423,0.5322032919523251,True,True,True,0.0570261077150229,0.0723430018352675,0.5620383456441161,0.4005208257352933,0.5620383456441161,0.0,0.1078991470481207,0.4541391985959954,False,False,0.10749186664390203,0.14031362671431463,0.027494631136384284,0.0267902709208675,0.02683043784238781,0.02714245102862578,0.09673916778623354,0.10752513922248269,0.36034699201933107,-0.023694614248851206,True
258,1660,9752617,Ardea alba,Ardea alba,Great Egret,greegr,nodata_as_absence,both_classes,0.020319051760016,0.000319051760016,0.9719082713127136,0.01,99,1,579752,574850,4902,0.0084553395244863,340653,239099,16941,0.0804608041020335,0.7029021309501258,438018,304991,133027,106072,35662,579752,0.6962978690373455,0.8953128256613034,0.4436321356425581,0.7833629350521594,0.7090324828547379,0.6694724806519308,0.6438756122276642,0.3882318577670444,0.3608479925361612,True,True,True,0.5875840014350964,0.7555265009866288,0.7883022827840039,0.020319051760016,0.7883022827840039,0.0,0.7402241404599063,0.0431387945922531,False,False,258,1660,Ardea alba,Great Egret,greegr,nodata_as_absence,both_classes,0.3335143327713012,0.0835143327713012,0.962172031402588,0.01,89,1,579752,574850,4902,0.0084553395244863,340653,239099,16941,0.6702515463917526,0.092568126301625,475768,311391,164377,74722,29262,579752,0.6545017739738697,0.91410027212442,0.3125148996859042,0.7628196726933776,0.66599684002815,0.613307585905162,0.6165792131160525,0.2907723439167721,0.2474593351641631,True,True,True,0.5875840014350964,0.8206405497523079,0.7674237205846292,0.3335143327713012,0.7674237205846292,0.0,0.7402241404599063,0.0225955322334713,False,False,-0.02054326235878179,-0.04179609506347581,0.018787446463116586,-0.13111723595665392,-0.043035642826587894,-0.05616489474676878,-0.027296399111611747,-0.0974595138502723,0.31319528101128524,0.06511404876567917,True
259,1661,9761484,Anas platyrhynchos,Anas platyrhynchos,Mallard,mallar3,nodata_as_absence,both_classes,0.0302351037546759,0.0002351037546759,0.6373295783996582,0.01,65,1,579752,574850,4902,0.0084553395244863,59445,520307,16941,0.0011767672522484,0.468516679889802,91100,35355,55745,464562,24090,579752,0.3880900109769484,0.5947514509210194,0.8928613299455899,0.4696934471420505,0.8622945673322386,0.7438063904333047,0.306927684694852,0.4064466531123383,0.3945614007316021,True,True,True,0.1025352219569747,0.1571361547696256,0.4696965671165905,0.0302351037546759,0.4696965671165905,0.0,0.1859989956148104,0.28369445152724,False,False,259,1661,Anas platyrhynchos,Mallard,mallar3,nodata_as_absence,both_classes,0.2434369844943285,0.0034369844943284,0.940245807170868,0.01,95,1,579752,574850,4902,0.0084553395244863,59445,520307,16941,0.3305636590956449,0.17231317292704,61869,30503,31366,488941,28942,579752,0.4930255863194815,0.5131297838337959,0.9397163597645236,0.502876832022685,0.8959762105176007,0.7264230717991598,0.3358954311702327,0.4449239640785817,0.4448131733134208,True,True,True,0.1025352219569747,0.1067163200816901,0.502876832022685,0.2434369844943285,0.502876832022685,0.0,0.1859989956148104,0.3168778364078745,False,False,0.03318338488063444,0.10493557534253312,-0.08162166708722352,0.04685502981893375,0.03368164318536204,-0.017383318634144884,0.028967746475380696,0.038477310966243405,0.2132018807396526,-0.05041983468793551,True
260,1666,9791464,Colinus virginianus,Colinus virginianus,Northern Bobwhite,norbob,nodata_as_absence,both_classes,0.0100053176554501,5.317655450198799e-06,0.5213308334350586,0.01,54,1,579752,574707,5045,0.0087019967158371,434968,144784,16941,4.5980288250427046e-06,0.9065577031123158,474911,412431,62480,82304,22537,579752,0.8684385074256018,0.9481869930661566,0.5684606033815891,0.9065623011411408,0.8533562626778347,0.7583237982238729,0.8290936942152748,0.5810475318644297,0.5690108756801548,True,True,True,0.7502656308214547,0.8191623314796672,0.9067048022723077,0.0100053176554501,0.9067048022723077,0.0,0.8573163040050458,0.049245997136095,False,False,260,1666,Colinus virginianus,Northern Bobwhite,norbob,nodata_as_absence,both_classes,0.9917203187942504,0.9917203187942504,1.0,0.01,2,1,579752,574707,5045,0.0087019967158371,434968,144784,16941,0.8573163040050458,8.448805077776456e-07,579751,434968,144783,1,0,579752,0.7502669249384649,1.0,6.906840534865731e-06,0.8573171488855535,0.7502673556969187,0.5000034534202674,0.7502669249384649,0.0022763949589502,1.0363894313128984e-05,True,True,True,0.7502656308214547,0.999998275124536,0.8616008731531167,0.9917203187942504,0.8616008731531167,0.0,0.8573163040050458,8.448805077776456e-07,True,True,-0.04924515225558723,-0.11817158248713688,0.051813006933843386,-0.5684536965410543,-0.103088906980916,-0.25832034480360544,-0.07882676927680987,-0.5787711369054795,0.9817150011388003,0.18083594364486877,True
261,1668,9809229,Sturnus vulgaris,Sturnus vulgaris,European Starling,eursta,nodata_as_absence,both_classes,0.0202113404916599,0.0002113404916599,0.6513710021972656,0.01,67,1,579752,574850,4902,0.0084553395244863,115800,463952,16941,0.0003971440165073,0.4690546345125405,89482,48185,41297,422655,67615,579752,0.5384881875684495,0.4161053540587219,0.9109886367555264,0.4694517785290478,0.8121403634657578,0.6635469954071243,0.3067213250412166,0.3619744109709435,0.357586355838734,True,True,True,0.1997405787302156,0.1543453062688874,0.471212380509987,0.0202113404916599,0.471212380509987,0.0,0.332972948104527,0.1364788304245208,False,False,261,1668,Sturnus vulgaris,European Starling,eursta,nodata_as_absence,both_classes,0.4248957920074463,0.3948957920074463,0.9999923706054688,0.01,62,4,579752,574850,4902,0.0084553395244863,115800,463952,16941,0.3329489807948333,2.1570609736509816e-05,579751,115799,463952,0,1,579752,0.1997391983799941,0.9999913644214162,0.0,0.3329705514045699,0.1997388538547516,0.4999956822107081,0.1997388538547516,-0.0026288238890987,-3.449755393214632e-06,True,True,True,0.1997405787302156,0.999998275124536,0.3353338671307712,0.4248957920074463,0.3353338671307712,0.0,0.332972948104527,-2.3966999571634062e-06,False,True,-0.1364812271244779,-0.3387489891884554,0.5838860103626944,-0.9109886367555264,-0.6124015096110063,-0.16355131319641614,-0.10698247118646498,-0.3646032348600422,0.4046844515157864,0.8456529688556486,True
262,1669,9813242,Falco columbarius,Falco columbarius,Merlin,merlin,nodata_as_absence,both_classes,0.0007930029532872,0.0007930029532872,0.5799800157546997,0.01,59,1,579752,574850,4902,0.0084553395244863,297913,281839,16941,3.356628333971093e-05,0.6788412650872075,579751,297912,281839,0,1,579752,0.5138619855765665,0.9999966433153304,0.0,0.6788748313705473,0.5138610992286357,0.4999983216576651,0.5138610992286357,-0.001277423978312,-3.449750588644994e-06,True,True,True,0.5138628241040997,0.999998275124536,0.6826878347132437,0.0007930029532872,0.6826878347132437,0.0,0.6788763366432523,-1.5052727050379744e-06,True,True,262,1669,Falco columbarius,Merlin,merlin,nodata_as_absence,both_classes,0.0609870695648714,0.0009870695648714,0.9387558102607728,0.01,95,1,579752,574850,4902,0.0084553395244863,297913,281839,16941,0.2555065833519304,0.4342251332797289,456215,260073,196142,85697,37840,579752,0.57006674484618,0.8729830520991028,0.3040636675548806,0.6897317166316593,0.5964101891843409,0.5885233598269917,0.5264049549139266,0.2160975539432313,0.1797707303518454,True,True,True,0.5138628241040997,0.786914059804882,0.6942444602830121,0.0609870695648714,0.6942444602830121,0.0,0.6788763366432523,0.010855379988407,False,False,0.01085688526111206,0.05620475926961355,-0.12701359121622768,0.3040636675548806,0.0825490899557052,0.08852503816932655,0.012543855685290928,0.21737497792154328,0.0601940666115842,-0.21308421531965394,True
