band,original_band,speciesKey,model_index,model_species,ebird_scientific_name,ebird_common_name,ebird_code,reference_policy,threshold_status,optimal_threshold,score_min,score_max,threshold_step,n_thresholds,n_tied_best_thresholds,n_cssdm_valid,n_ebird_valid,n_ebird_nodata,ebird_nodata_fraction,n_reference_presence,n_reference_absence,n_unique_ebird_pixels,f1_at_threshold_0_5,f1_improvement_over_0_5,n_map_presence,tp,fp,tn,fn,n_evaluated,precision,recall,specificity,f1,accuracy,balanced_accuracy,iou,mcc,cohen_kappa,f1_denominator_defined,precision_denominator_defined,recall_denominator_defined,reference_positive_fraction,predicted_positive_fraction,f1_on_valid_ebird_at_primary_threshold,optimal_threshold_excluding_nodata,best_f1_excluding_nodata,threshold_shift_excluding_nodata,all_presence_baseline_f1,best_f1_minus_all_presence_baseline,best_threshold_is_min_score,prediction_at_least_99pct_presence
1,2,2474337,908,Aramus guarauna,Aramus guarauna,Limpkin,limpki,nodata_as_absence,both_classes,0.9968929290771484,0.9968929290771484,1.0,0.01,2,1,579752,574602,5150,0.0088831086395562,100197,479555,16941,0.2947191627607364,4.33443679170864e-07,579751,100197,479554,1,0,579752,0.1728276449717206,1.0,2.0852665491966517e-06,0.2947195962044156,0.1728290717410203,0.5000010426332746,0.1728276449717206,0.0006003263336186,7.207831539274606e-07,True,True,True,0.1728273468655563,0.999998275124536,0.296968870684264,0.9968929290771484,0.296968870684264,0.0,0.2947191627607364,4.33443679170864e-07,True,True
2,3,2474393,909,Fulica americana,Fulica americana,American Coot,y00475,nodata_as_absence,both_classes,0.2933930093050003,0.0033930093050003,0.9705126881599426,0.01,98,1,579752,574850,4902,0.0084553395244863,88136,491616,16941,0.2420201588488798,0.0563592568878462,193244,41979,151265,340351,46157,579752,0.2172331353107987,0.4762979940092584,0.6923106652346547,0.2983794157367261,0.6594716361478701,0.5843043296219566,0.1753501447362375,0.1284213688119192,0.1132070896327943,True,True,True,0.1520236238943548,0.3333218341635734,0.2989084384189802,0.2833930093050003,0.2989167544494731,-0.0099999999999999,0.2639244903337086,0.0344549254030175,False,False
3,4,2474416,910,Porphyrio porphyrio,Porphyrio poliocephalus,Gray-headed Swamphen,purswa3,nodata_as_absence,both_classes,0.2800005337388416,5.337388415682653e-07,0.9827293753623962,0.01,100,1,579752,574850,4902,0.0084553395244863,18436,561316,16941,0.1793848852672382,0.0629756953286365,44396,7614,36782,524534,10822,579752,0.1715019371114514,0.4129963115643306,0.9344718482993536,0.2423605805958747,0.9178890284121486,0.6737340799318422,0.1378898185374334,0.2292761161528625,0.2067114808147656,True,True,True,0.0317998040541472,0.0765775710993666,0.243231587522162,0.2800005337388416,0.243231587522162,0.0,0.0616394845767551,0.1807210960191195,False,False
4,5,2474639,911,Porzana carolina,Porzana carolina,Sora,sora,nodata_as_absence,both_classes,7.447465759469196e-05,7.447465759469196e-05,0.956997573375702,0.01,97,1,579752,574850,4902,0.0084553395244863,127920,451832,16941,0.0228680903472026,0.3386558381449921,579751,127920,451831,1,0,579752,0.2206464499414403,1.0,2.213211990297279e-06,0.3615239284921948,0.2206477942292566,0.5000011066059952,0.2206464499414403,0.0006988113970356,9.766742603096284e-07,True,True,True,0.2206460693537926,0.999998275124536,0.3640456536927496,7.447465759469196e-05,0.3640456536927496,0.0,0.3615234176285058,5.108636889628038e-07,True,True
5,6,2474953,912,Grus canadensis,Antigone canadensis,Sandhill Crane,sancra,nodata_as_absence,both_classes,0.9970682263374328,0.9970682263374328,1.0,0.01,2,1,579752,574850,4902,0.0084553395244863,342218,237534,16941,0.7423625497575843,8.051925278751426e-07,579751,342218,237533,1,0,579752,0.5902844497034071,1.0,4.209923631985316e-06,0.7423633549501122,0.5902851564117071,0.500002104961816,0.5902844497034071,0.0015764049144809,4.970092557936008e-06,True,True,True,0.5902834315362431,0.999998275124536,0.746331511220009,0.9970682263374328,0.746331511220009,0.0,0.7423625497575843,8.051925278751426e-07,True,True
6,7,2475472,913,Megaceryle alcyon,Megaceryle alcyon,Belted Kingfisher,belkin1,nodata_as_absence,both_classes,0.9941574335098268,0.9941574335098268,1.0,0.01,2,1,579752,574850,4902,0.0084553395244863,317313,262439,16941,0.707447063479235,-1.4408703687962543e-06,579751,317312,262439,0,1,579752,0.5473246272968912,0.999996848537564,0.0,0.7074456226088662,0.5473236832300707,0.4999984242687819,0.5473236832300707,-0.001194399193252,-3.449749683942781e-06,True,True,True,0.5473254081055348,0.999998275124536,0.7113326951831618,0.9941574335098268,0.7113326951831618,0.0,0.707447063479235,-1.4408703687962543e-06,True,True
7,8,2478106,914,Melanerpes carolinus,Melanerpes carolinus,Red-bellied Woodpecker,rebwoo,nodata_as_absence,both_classes,0.124124564230442,0.124124564230442,0.9678956866264344,0.01,86,1,579752,574850,4902,0.0084553395244863,552082,27670,16941,0.8291218347494,0.1464302122398643,579751,552081,27670,0,1,579752,0.9522726135875574,0.9999981886748708,0.0,0.9755520469892645,0.9522709710358912,0.4999990943374354,0.9522709710358912,-0.0002940234928738,-3.4496381575218072e-06,True,True,True,0.9522726959113552,0.999998275124536,0.9797955686727936,0.124124564230442,0.9797955686727936,0.0,0.975552952111352,-9.051220877243082e-07,True,True
8,9,2478130,915,Melanerpes erythrocephalus,Melanerpes erythrocephalus,Red-headed Woodpecker,rehwoo,nodata_as_absence,both_classes,0.0504031464923173,0.0004031464923173,0.9141700863838196,0.01,93,1,579752,574850,4902,0.0084553395244863,375707,204045,16941,0.2656590645180537,0.5891316597962931,423932,341762,82170,121875,33945,579752,0.8061717445250653,0.9096503392271104,0.597294714401235,0.8547907243143469,0.799716085498627,0.7534725268141728,0.7464056941056223,0.5461209182913989,0.5358790162692246,True,True,True,0.6480477859498545,0.7312299052008445,0.8552591901161285,0.0504031464923173,0.8552591901161285,0.0,0.7864429556893597,0.0683477686249871,False,False
9,10,2478259,916,Colaptes auratus,Colaptes auratus,Northern Flicker,norfli,nodata_as_absence,both_classes,0.010567173177842,0.000567173177842,0.8303776979446411,0.01,84,1,579752,574850,4902,0.0084553395244863,515585,64167,16941,0.0149972230923413,0.928023905146015,570923,512300,58623,5544,3285,579752,0.8973189028993402,0.9936285966426488,0.0863995511711627,0.9430211282383564,0.8932164097752142,0.5400140739069057,0.8921854101649577,0.2050237827609746,0.1285670600633439,True,True,True,0.8893199161020574,0.984771074528419,0.9472950408928944,0.010567173177842,0.9472950408928944,0.0,0.9414180293370898,0.0016030989012664,False,False
10,11,2478605,917,Sphyrapicus varius,Sphyrapicus varius,Yellow-bellied Sapsucker,yebsap,nodata_as_absence,both_classes,0.0096798380836844,0.0096798380836844,0.8945256471633911,0.01,90,1,579752,574850,4902,0.0084553395244863,494123,85629,16941,0.0321938874984581,0.8880667762293162,579751,494122,85629,0,1,579752,0.8523003841304284,0.9999979762124006,0.0,0.9202606637277744,0.8522989140184078,0.4999989881062003,0.8522989140184078,-0.0005467290471883,-3.449722541912634e-06,True,True,True,0.8523006388938719,0.999998275124536,0.9244807160524317,0.0096798380836844,0.9244807160524317,0.0,0.9202616691886858,-1.0054609114185098e-06,True,True
11,12,2479089,918,Aratinga acuticaudata,Thectocercus acuticaudatus,Blue-crowned Parakeet,bucpar,nodata_as_absence,both_classes,0.2801146532958956,0.0001146532958955,0.7921026945114136,0.01,81,1,579752,574850,4902,0.0084553395244863,3009,576743,16941,0.0990415335463258,0.1634765884565736,5958,1177,4781,571962,1832,579752,0.197549513259483,0.3911598537720173,0.9917103458559532,0.2625181220028995,0.9885933985566242,0.6914350998139852,0.1510911424903722,0.2727881961017767,0.2573963488754929,True,True,True,0.0051901502711504,0.0102768080144613,0.2625181220028995,0.2801146532958956,0.2625181220028995,0.0,0.01032670339985,0.2521914186030495,False,False
12,13,2479115,919,Aratinga leucophthalma,Psittacara leucophthalmus,White-eyed Parakeet,whepar2,nodata_as_absence,both_classes,0.2900098078535302,9.80785353021929e-06,0.8215258717536926,0.01,84,1,579752,574850,4902,0.0084553395244863,1848,577904,16941,0.1974661424202708,0.2018890862720523,3115,991,2124,575780,857,579752,0.3181380417335473,0.5362554112554112,0.9963246490766632,0.3993552286923232,0.9948581462418412,0.7662900301660373,0.249496475327291,0.4106609977144698,0.3969422003575436,True,True,True,0.0031875698574562,0.0053729870703335,0.3993552286923232,0.2900098078535302,0.3993552286923232,0.0,0.0063548830811554,0.3930003456111677,False,False
13,14,2479153,920,Aratinga mitrata,Psittacara mitratus,Mitred Parakeet,mitpar,nodata_as_absence,both_classes,0.2600157505364768,1.575053647684399e-05,0.8137669563293457,0.01,83,1,579752,574850,4902,0.0084553395244863,2162,577590,16941,0.2674461088783339,0.2035071750382321,3639,1366,2273,575317,796,579752,0.3753778510579829,0.6318223866790009,0.9960646825602936,0.4709532839165661,0.99470635720101,0.8139435346196473,0.3080045095828636,0.4845898924911013,0.4684664124891381,True,True,True,0.0037291807531496,0.006276821813465,0.4709532839165661,0.2600157505364768,0.4709532839165661,0.0,0.0074306512646198,0.4635226326519462,False,False
14,15,2479407,921,Myiopsitta monachus,Myiopsitta monachus,Monk Parakeet,monpar,nodata_as_absence,both_classes,0.7438318119477481,0.003831811947748,0.9726991057395936,0.01,98,1,579752,574850,4902,0.0084553395244863,13453,566299,16941,0.1156395992009486,0.1292566276145515,10108,2885,7223,559076,10568,579752,0.2854174910961614,0.2144503084813796,0.9872452538323394,0.2448962268155002,0.9693127406201272,0.6008477811568596,0.139533758947572,0.2320034436255415,0.2295564435468269,True,True,True,0.0232047496170776,0.017435041190026,0.2448962268155002,0.7438318119477481,0.2448962268155002,0.0,0.0453570013738926,0.1995392254416075,False,False
15,16,2479583,922,Brotogeris chiriri,Brotogeris chiriri,Yellow-chevroned Parakeet,yecpar,nodata_as_absence,both_classes,0.3600300120136671,3.0012013667146675e-05,0.8458129167556763,0.01,86,1,579752,574850,4902,0.0084553395244863,2171,577581,16941,0.365861119608443,0.121287474769067,2809,1213,1596,575985,958,579752,0.4318262726949092,0.5587286964532473,0.9972367512089212,0.48714859437751,0.9955946680649655,0.7779827238310844,0.3220069020440669,0.4890371353313873,0.4849728891722048,True,True,True,0.0037447046323255,0.0048451751783521,0.48714859437751,0.3600300120136671,0.48714859437751,0.0,0.007461468269857,0.479687126107653,False,False
16,17,2479666,923,Amazona amazonica,Amazona amazonica,Orange-winged Amazon,orwpar,nodata_as_absence,both_classes,0.4400103716884041,1.0371688404120503e-05,0.9392410516738892,0.01,95,1,579752,574850,4902,0.0084553395244863,837,578915,16941,0.4209097080787508,0.016055494431232,916,383,533,578382,454,579752,0.4181222707423581,0.4575866188769414,0.9990793121615436,0.4369652025099829,0.9982975479170404,0.7283329655192425,0.2795620437956204,0.436559294982886,0.436114421586974,True,True,True,0.0014437207633608,0.0015799859250162,0.4369652025099829,0.4400103716884041,0.4369652025099829,0.0,0.0028832788771402,0.4340819236328426,False,False
17,18,2480102,924,Nandayus nenday,Aratinga nenday,Nanday Parakeet,bkhpar,nodata_as_absence,both_classes,0.780049543032219,4.954303221893497e-05,0.980900764465332,0.01,100,1,579752,574850,4902,0.0084553395244863,9783,569969,16941,0.1224177505738332,0.1774050761964702,7714,2623,5091,564878,7160,579752,0.3400311122634171,0.2681181641623223,0.9910679352736728,0.2998228267703035,0.9788685506906402,0.6295930497179976,0.1763479897808256,0.2913540727806858,0.2892474892060875,True,True,True,0.0168744566642288,0.0133056893292304,0.2999942814662321,0.780049543032219,0.2999942814662321,0.0,0.0331888691935169,0.2666339575767865,False,False
18,19,2480189,925,Fregata magnificens,Fregata magnificens,Magnificent Frigatebird,magfri,nodata_as_absence,both_classes,0.996051139831543,0.926051139831543,1.0,0.01,9,1,579752,574843,4909,0.0084674136527342,20455,559297,16941,0.0681598181960557,0.0201432632362058,439461,20306,419155,140142,149,579752,0.0462066030887837,0.9927157174285016,0.2505681239126975,0.0883030814322615,0.2767528184465082,0.6216419206705996,0.0461909419712927,0.1047994916618763,0.022386246203103,True,True,True,0.0352823276159461,0.7580154962811685,0.0892557696914553,0.996051139831543,0.0892557696914553,0.0,0.0681598181960557,0.0201432632362058,False,False
19,20,2480258,926,Recurvirostra americana,Recurvirostra americana,American Avocet,ameavo,nodata_as_absence,both_classes,0.580060354006564,6.03540065640118e-05,0.9969008564949036,0.01,101,1,579752,574850,4902,0.0084553395244863,41937,537815,16941,0.2837853301293054,0.0106601384678102,99101,20764,78337,459478,21173,579752,0.2095236173197041,0.4951236378377089,0.8543421064864312,0.2944454685971157,0.8283576425782059,0.67473287216207,0.1726391406288973,0.2404727129481424,0.2146066267477786,True,True,True,0.0723361023334115,0.1709368833570216,0.2963068668302985,0.5700603540065641,0.2964777652027493,-0.0099999999999998,0.134913115721848,0.1595323528752676,False,False
20,21,2480273,927,Haematopus palliatus,Haematopus palliatus,American Oystercatcher,ameoys,nodata_as_absence,both_classes,0.9952371191978456,0.9252371191978456,0.9999998211860656,0.01,9,1,579752,574850,4902,0.0084553395244863,14823,564929,16941,0.0498608249590043,0.0005172486424974,573290,14814,558476,6453,9,579752,0.0258403251408536,0.9993928354584092,0.0114226743537683,0.0503780736015017,0.0366829264927072,0.5054077549060888,0.0258399194835504,0.0162607781477775,0.0005591267970052,True,True,True,0.025567829002746,0.988853854751687,0.0508015109454382,0.9952371191978456,0.0508015109454382,0.0,0.0498608249590043,0.0005172486424974,False,False
21,22,2480295,928,Charadrius semipalmatus,Charadrius semipalmatus,Semipalmated Plover,semplo,nodata_as_absence,both_classes,0.3702778832858894,0.0002778832858894,0.977355659008026,0.01,99,1,579752,574850,4902,0.0084553395244863,51083,528669,16941,0.4152124052652572,0.0553209829151897,58312,25737,32575,496094,25346,579752,0.4413671285498696,0.5038271049076992,0.9383829957875344,0.470533388180447,0.9000934882501483,0.7211050503476168,0.3076454134691243,0.4167519474155023,0.415642086588271,True,True,True,0.0881118133270777,0.1005809380562723,0.4914642529789184,0.3702778832858894,0.4914642529789184,0.0,0.1619536011793892,0.3085797870010577,False,False
22,23,2480320,929,Charadrius vociferus,Charadrius vociferus,Killdeer,killde,nodata_as_absence,both_classes,0.3381493181735277,0.0181493181735277,0.999515950679779,0.01,100,1,579752,574850,4902,0.0084553395244863,376419,203333,16941,0.7820115799583836,0.0080107454131561,563319,371207,192112,11221,5212,579752,0.658964103820393,0.986153727627989,0.0551853363694038,0.7900223253715397,0.6596406739433412,0.5206695319986965,0.6529230596044895,0.1188679338988189,0.0524161963533667,True,True,True,0.6492758972802164,0.9716551215002276,0.790914456288525,0.1981493181735277,0.791908324404508,-0.14,0.7873466147791556,0.0026757105923841,False,False
23,24,2480327,930,Pluvialis squatarola,Pluvialis squatarola,Black-bellied Plover,bkbplo,nodata_as_absence,both_classes,0.4803201552317477,0.0003201552317477,0.994633138179779,0.01,101,1,579752,574850,4902,0.0084553395244863,31069,548683,16941,0.49496917622257,0.0015100246956295,33405,16005,17400,531283,15064,579752,0.4791198922317018,0.5151437123821172,0.9682876998193856,0.4964792009181996,0.94400364293698,0.7417157061007514,0.3302110627411335,0.4672176458358824,0.4668737310143875,True,True,True,0.0535901557907519,0.057619464874636,0.5351858353814516,0.4803201552317477,0.5351858353814516,0.0,0.1017286570042614,0.3947505439139381,False,False
24,25,2480367,931,Elanus leucurus,Elanus leucurus,White-tailed Kite,whtkit,nodata_as_absence,both_classes,0.0800000196399359,1.9639935899817832e-08,0.9251859784126282,0.01,94,1,579752,574747,5005,0.0086330016972774,30910,548842,16941,0.1130786897135259,0.3182020740069161,39587,15202,24385,524457,15708,579752,0.3840149544042236,0.4918149466192171,0.9555700912102209,0.431280763720442,0.9308445680221888,0.723692518914719,0.2749254001265937,0.3984878749878037,0.3950579241332315,True,True,True,0.0533159005919772,0.0682826449930315,0.4313541888345037,0.0800000196399359,0.4313541888345037,0.0,0.1012343980794613,0.3300463656409806,False,False
25,26,2480415,932,Rostrhamus sociabilis,Rostrhamus sociabilis,Snail Kite,snakit,nodata_as_absence,both_classes,0.030001789562134,1.7895621340358048e-06,0.882682740688324,0.01,90,1,579752,574850,4902,0.0084553395244863,63224,516528,16941,0.0485855600458411,0.3388106178736714,188890,48834,140056,376472,14390,579752,0.2585314204034094,0.7723965582690118,0.7288510981011678,0.3873961779195126,0.7335998840883688,0.7506238281850898,0.2402302243211334,0.3333681198024891,0.2677360816312183,True,True,True,0.1090535263353985,0.3258117263933544,0.3879393551820973,0.030001789562134,0.3879393551820973,0.0,0.1966605285422784,0.1907356493772341,False,False
26,27,2480446,933,Haliaeetus leucocephalus,Haliaeetus leucocephalus,Bald Eagle,baleag,nodata_as_absence,both_classes,0.0071387006901204,0.0071387006901204,0.9455862045288086,0.01,95,1,579752,574850,4902,0.0084553395244863,233056,346696,16941,0.3630681078265399,0.2103915203508748,579751,233056,346695,1,0,579752,0.4019932695243303,1.0,2.884371322426564e-06,0.5734596281774148,0.401994301011467,0.5000014421856612,0.4019932695243303,0.0010767998228196,2.318993028020191e-06,True,True,True,0.401992576136003,0.999998275124536,0.576939120317364,0.0071387006901204,0.576939120317364,0.0,0.5734589226483991,7.055290156543492e-07,True,True
27,28,2480461,934,Elanoides forficatus,Elanoides forficatus,Swallow-tailed Kite,swtkit,nodata_as_absence,both_classes,0.1328136461228132,0.0228136461228132,0.8799691200256348,0.01,87,1,579752,574850,4902,0.0084553395244863,481169,98583,16941,0.1654796530869287,0.74382672690084,570228,478021,92207,6376,3148,579752,0.8382980141276822,0.9934576001363348,0.0646764655163669,0.9093063799877686,0.8355245001310906,0.5290670328263508,0.8336955156825538,0.1718092606176371,0.0907141563272601,True,True,True,0.829956602133326,0.9835722860809448,0.9135029099904736,0.1328136461228132,0.9135029099904736,0.0,0.9070779068375496,0.002228473150219,False,False
28,29,2480487,935,Circus cyaneus,Circus hudsonius,Northern Harrier,norhar2,nodata_as_absence,both_classes,0.0601086416232283,0.0001086416232283,0.9172446131706238,0.01,93,1,579752,574850,4902,0.0084553395244863,234609,345143,16941,0.1815673289183223,0.4538477902177271,290421,166806,123615,221528,67803,579752,0.5743592921999442,0.7109957418513356,0.6418441051969763,0.6354151191360494,0.6698277884336751,0.6764199235241559,0.4656471928179016,0.3463681914033458,0.3398921975699347,True,True,True,0.4046713077315818,0.5009400571278754,0.6392785763149675,0.0601086416232283,0.6392785763149675,0.0,0.576179360259148,0.0592357588769014,False,False
29,30,2480529,936,Buteo lineatus,Buteo lineatus,Red-shouldered Hawk,reshaw,nodata_as_absence,both_classes,0.0173666533082723,0.0173666533082723,0.9858922362327576,0.01,98,1,579752,574850,4902,0.0084553395244863,547936,31816,16941,0.7089681563355055,0.2628174543880375,579751,547935,31816,0,1,579752,0.9451212675786674,0.9999981749693396,0.0,0.971785610723543,0.9451196373621824,0.4999990874846697,0.9451196373621824,-0.0003164733310709,-3.449654403730703e-06,True,True,True,0.9451213622376464,0.999998275124536,0.9760283580560838,0.0173666533082723,0.9760283580560838,0.0,0.9717865225133192,-9.1178977634776e-07,True,True
30,31,2480538,937,Buteo platypterus,Buteo platypterus,Broad-winged Hawk,brwhaw,nodata_as_absence,both_classes,0.0300700518721714,7.005187217146158e-05,0.919861137866974,0.01,93,1,579752,574850,4902,0.0084553395244863,168031,411721,16941,0.0103090955305578,0.5841500242447375,238547,120847,117700,294021,47184,579752,0.50659618439972,0.7191946724116384,0.7141267994588568,0.5944591197752953,0.7155956339952255,0.7166607359352476,0.4229397580241555,0.3994953716782489,0.3854505667472053,True,True,True,0.2898325490899557,0.4114638673087803,0.5953420777141449,0.0300700518721714,0.5953420777141449,0.0,0.4494111259549896,0.1450479938203057,False,False
31,32,2480542,938,Buteo jamaicensis,Buteo jamaicensis,Red-tailed Hawk,rethaw,nodata_as_absence,both_classes,0.0006879327120259,0.0006879327120259,0.9179696440696716,0.01,93,1,579752,574850,4902,0.0084553395244863,411819,167933,16941,0.0895636252670125,0.7410766724426802,579751,411819,167932,1,0,579752,0.7103377139496094,1.0,5.95475576569227e-06,0.8306402977096927,0.7103382135809795,0.5000029773778828,0.7103377139496094,0.0020566690540118,8.45973941167393e-06,True,True,True,0.7103364887055155,0.999998275124536,0.834767115179574,0.0006879327120259,0.834767115179574,0.0,0.8306394600084109,8.37701281786174e-07,True,True
32,33,2480553,939,Buteo brachyurus,Buteo brachyurus,Short-tailed Hawk,shthaw,nodata_as_absence,both_classes,0.0100270439541054,2.7043954105465676e-05,0.8972331285476685,0.01,91,1,579752,574812,4940,0.008520884792118,246745,333007,16941,0.0191024875701619,0.6352962279509797,409708,214791,194917,138090,31954,579752,0.5242538588458121,0.8704978824292285,0.4146759677724492,0.6543987155211417,0.6086757786087844,0.6425869251008389,0.48632438380481,0.3097010535351221,0.2627019350410853,True,True,True,0.4256043963625826,0.7066952766010294,0.6593231524825416,0.0100270439541054,0.6593231524825416,0.0,0.5970862568164191,0.0573124587047225,False,False
33,34,2480719,940,Ictinia mississippiensis,Ictinia mississippiensis,Mississippi Kite,miskit,nodata_as_absence,both_classes,0.0500002398634535,2.39863453543876e-07,0.8827238082885742,0.01,90,1,579752,574850,4902,0.0084553395244863,208090,371662,16941,0.0970497530089244,0.7088767894222932,253292,185920,67372,304290,22170,579752,0.7340144971021588,0.8934595607669759,0.8187277687791595,0.8059265424312175,0.8455512012032731,0.8560936647730677,0.6749388300382629,0.6887604531193329,0.6796971080957934,True,True,True,0.3589293353019911,0.4368971560253349,0.8059544916617176,0.0500002398634535,0.8059544916617176,0.0,0.528253126896002,0.2776734155352155,False,False
34,35,2480726,941,Pandion haliaetus,Pandion haliaetus,Osprey,osprey,nodata_as_absence,both_classes,0.997943103313446,0.997943103313446,1.0,0.01,2,1,579752,574850,4902,0.0084553395244863,214552,365200,16941,0.5402264120538233,-1.8378044499556268e-06,579751,214551,365200,0,1,579752,0.3700743940070823,0.9999953391252472,0.0,0.5402245742493733,0.3700737556748403,0.4999976695626235,0.3700737556748403,-0.0017134772695381,-3.4497533825388083e-06,True,True,True,0.3700754805503042,0.999998275124536,0.543579245529205,0.997943103313446,0.543579245529205,0.0,0.5402264120538233,-1.8378044499556268e-06,True,True
35,36,2480773,942,Plegadis falcinellus,Plegadis falcinellus,Glossy Ibis,gloibi,nodata_as_absence,both_classes,0.161171673531644,0.001171673531644,0.9844810366630554,0.01,100,1,579752,574850,4902,0.0084553395244863,206195,373557,16941,0.3936404850075435,0.2960554072060945,252787,158279,94508,279049,47916,579752,0.6261358376815264,0.76761803147506,0.7470051424548328,0.689695892213638,0.7543363369164746,0.7573115869649465,0.5263632221826853,0.4967968602723733,0.4898291056324889,True,True,True,0.3556606962977273,0.4360260939160192,0.6903697435740861,0.161171673531644,0.6903697435740861,0.0,0.5247045920399213,0.1649913001737167,False,False
36,37,2480803,943,Platalea ajaja,Platalea ajaja,Roseate Spoonbill,rosspo1,nodata_as_absence,both_classes,0.3114265895588323,0.0014265895588323,0.9506255984306335,0.01,96,1,579752,574850,4902,0.0084553395244863,124022,455730,16941,0.3717718936345293,0.1385817013385015,151293,70254,81039,374691,53768,579752,0.4643572405861474,0.5664640144490494,0.8221776051609505,0.5103535949730309,0.7674747133256978,0.694320809805,0.3426004944870063,0.3629012211690994,0.3598453298380648,True,True,True,0.2139225047951538,0.260961583573666,0.5120330014722388,0.3114265895588323,0.5120330014722388,0.0,0.3524483712100759,0.1579052237629549,False,False
37,38,2480830,944,Bubulcus ibis,Ardea ibis,Western Cattle-Egret,categr1,nodata_as_absence,both_classes,0.0274760015122592,0.0074760015122592,0.9531412124633788,0.01,96,1,579752,574850,4902,0.0084553395244863,398499,181253,16941,0.2004743550406382,0.6153402004205024,568863,394594,174269,6984,3905,579752,0.6936538322935399,0.9902007282326932,0.0385317760257761,0.8158145554611407,0.6926720390787785,0.5143662521292347,0.688924660595564,0.0981141977025152,0.038629588411573,True,True,True,0.6873611475251487,0.9812178310725964,0.819969661076824,0.0374760015122592,0.8200013129779399,0.0099999999999999,0.8147172862588435,0.0010972692022971,False,False
38,39,2480863,945,Nycticorax nycticorax,Nycticorax nycticorax,Black-crowned Night Heron,bcnher,nodata_as_absence,both_classes,0.0600980035911197,9.80035911197774e-05,0.9174019694328308,0.01,93,1,579752,574850,4902,0.0084553395244863,208946,370806,16941,0.0626861542717506,0.6083598304889907,311683,174683,137000,233806,34263,579752,0.5604508426831107,0.8360198328754798,0.6305345652443596,0.6710459847607413,0.7045926534104238,0.7332771990599196,0.5049429679776613,0.4492756075718199,0.4213389147334069,True,True,True,0.3604058286991679,0.5376143592432626,0.6774203556124329,0.0600980035911197,0.6774203556124329,0.0,0.5298504624076643,0.1411955223530769,False,False
39,40,2480873,946,Egretta thula,Egretta thula,Snowy Egret,snoegr,nodata_as_absence,both_classes,0.1334978915937245,0.0034978915937244,0.9612743258476256,0.01,97,1,579752,574850,4902,0.0084553395244863,201591,378161,16941,0.2826908420552804,0.357894683725199,302298,161392,140906,237255,40199,579752,0.5338837835513301,0.8005912962384233,0.6273915078498311,0.6405855257804794,0.6876164290938195,0.7139914020441271,0.4712216457370429,0.4080253314097151,0.3832818348304272,True,True,True,0.3477193696615104,0.5214264030137024,0.6468682050922354,0.1334978915937245,0.6468682050922354,0.0,0.5160115339869942,0.1245739917934852,False,False
40,41,2480881,947,Egretta tricolor,Egretta tricolor,Tricolored Heron,triher,nodata_as_absence,both_classes,0.1707612690678797,0.0007612690678797,0.9754242300987244,0.01,99,1,579752,574850,4902,0.0084553395244863,219027,360725,16941,0.4235667374366232,0.3115159275689569,281850,184093,97757,262968,34934,579752,0.6531594819939684,0.8405036821944326,0.7289985445976852,0.7350826650055802,0.7711245498075039,0.784751113396059,0.5811309914642153,0.5524419453353581,0.539130306906519,True,True,True,0.3777942982516662,0.4861561495260042,0.7423479005998286,0.1807612690678797,0.7423665763997853,0.0099999999999999,0.5484045023717449,0.1866781626338353,False,False
41,42,2480888,948,Egretta rufescens,Egretta rufescens,Reddish Egret,redegr,nodata_as_absence,both_classes,0.3900576583261136,5.765832611359656e-05,0.8720958828926086,0.01,89,1,579752,574651,5101,0.0087985897418206,10545,569207,16941,0.3008762012436404,0.1075863662636676,9638,4122,5516,563691,6423,579752,0.4276820917202739,0.3908961593172119,0.9903093250785744,0.4084625675073081,0.9794067118354056,0.6906027421978931,0.2566465350849884,0.3984219295933371,0.398005055544729,True,True,True,0.0181888117677903,0.01662434972195,0.4321207673760352,0.3600576583261136,0.4428564756433609,-0.03,0.0357277777118975,0.3727347897954106,False,False
42,43,2480894,949,Egretta caerulea,Egretta caerulea,Little Blue Heron,libher,nodata_as_absence,both_classes,0.1532923172786832,0.0132923172786831,0.9456241726875304,0.01,95,1,579752,574850,4902,0.0084553395244863,342791,236961,16941,0.4946526387252812,0.2594791317546362,517857,324521,193336,43625,18270,579752,0.6266614142514246,0.94670221796955,0.1841020252277801,0.7541317704799174,0.6350060025666147,0.5654021215986651,0.605306205432668,0.2082295045098079,0.1476420005069783,True,True,True,0.5912717851771102,0.8932388331562461,0.7584516901043067,0.1532923172786832,0.7584516901043067,0.0,0.743143680023587,0.0109880904563304,False,False
43,44,2480911,950,Botaurus lentiginosus,Botaurus lentiginosus,American Bittern,amebit,nodata_as_absence,both_classes,0.0700790800477261,7.90800477261655e-05,0.9162624478340148,0.01,93,1,579752,574850,4902,0.0084553395244863,156483,423269,16941,0.0309636611372926,0.4711654192081568,268818,106778,162040,261229,49705,579752,0.3972129842495666,0.6823616622891944,0.6171701683799191,0.5021290803454495,0.6347662448771199,0.6497659153345567,0.3352285392263667,0.2666376751034578,0.2442690278332349,True,True,True,0.2699136872317819,0.463677572479267,0.5025722125734834,0.0700790800477261,0.5025722125734834,0.0,0.425089815072633,0.0770392652728164,False,False
44,45,2480953,951,Nyctanassa violacea,Nyctanassa violacea,Yellow-crowned Night Heron,ycnher,nodata_as_absence,both_classes,0.2010395686840638,0.0010395686840638,0.9264131784439088,0.01,94,1,579752,574850,4902,0.0084553395244863,75289,504463,16941,0.1851007092198581,0.2284131394556617,110180,38347,71833,432630,36942,579752,0.3480395716100926,0.5093307123218531,0.8576050176127883,0.4135138486755199,0.8123766714043246,0.6834678649673207,0.2606476257799649,0.3143894369871425,0.3065124731033323,True,True,True,0.129864148808456,0.1900467786225834,0.4236980073034235,0.2010395686840638,0.4236980073034235,0.0,0.2298756871707267,0.1836381615047931,False,False
45,46,2480964,952,Morus bassanus,Morus bassanus,Northern Gannet,norgan,nodata_as_absence,both_classes,0.5355959749221801,0.0755959749221801,0.9998235702514648,0.01,94,1,579752,579448,304,0.0005243621410534,16550,563202,16941,0.0554803088623949,0.0003378597333121,519727,14967,504760,58442,1583,579752,0.0287978111585505,0.9043504531722054,0.1037673871896761,0.055818168595707,0.126621382936152,0.5040589201809408,0.0287103642746158,0.0044372906423529,0.0005152544995161,True,True,True,0.0285466889290593,0.8964643502739102,0.0558461814002776,0.5355959749221801,0.0558461814002776,0.0,0.0555087858165828,0.0003093827791241,False,False
46,47,2480989,953,Caracara plancus,Caracara plancus,Crested Caracara,y00678,nodata_as_absence,both_classes,0.2800018591319986,1.859131998571684e-06,0.990551769733429,0.01,101,1,579752,574850,4902,0.0084553395244863,110645,469107,16941,0.698880506971913,0.0607832868671518,123735,89025,34710,434397,21620,579752,0.7194811492302097,0.8046002982511636,0.926008352039087,0.7596637938390648,0.9028377651133588,0.8653043251451253,0.6124660314402669,0.700728635269329,0.6990125112134022,True,True,True,0.1908488457133395,0.2134274655369882,0.7606276406231978,0.2800018591319986,0.7606276406231978,0.0,0.3205257265022878,0.4391380673367769,False,False
47,48,2481047,954,Falco peregrinus,Falco peregrinus,Peregrine Falcon,perfal,nodata_as_absence,both_classes,0.21019099668134,0.00019099668134,0.9105796813964844,0.01,93,1,579752,574850,4902,0.0084553395244863,94221,485531,16941,0.1511017639591504,0.3562707271155566,131822,57344,74478,411053,36877,579752,0.4350108479616452,0.6086116683117352,0.8466050571436221,0.507372491074707,0.8079264927072265,0.7276083627276786,0.3399190273801267,0.4006835598804221,0.3921528008725339,True,True,True,0.1625194910927431,0.2273765334142874,0.5186099617897759,0.21019099668134,0.5186099617897759,0.0,0.2795987376348904,0.2277737534398166,False,False
48,49,2481119,955,Chlidonias niger,Chlidonias niger,Black Tern,blkter,nodata_as_absence,both_classes,0.270164277254953,0.000164277254953,0.8227020502090454,0.01,84,1,579752,579628,124,0.0002138845575349,41188,538564,16941,0.1205121317933566,0.3958274968681805,40301,21038,19263,519301,20150,579752,0.5220217860598992,0.5107798387879965,0.9642326631560966,0.5163396286615372,0.9320174833377032,0.7375062509720465,0.3480174025243586,0.4798164569511919,0.4797835720603227,True,True,True,0.0710441706108818,0.0695142060743214,0.5168851270837684,0.270164277254953,0.5168851270837684,0.0,0.1326633813250877,0.3836762473364494,False,False
49,50,2481134,956,Larus delawarensis,Larus delawarensis,Ring-billed Gull,ribgul,nodata_as_absence,both_classes,0.3424005614686757,0.0024005614686757,0.953506886959076,0.01,97,1,579752,574850,4902,0.0084553395244863,70508,509244,16941,0.2477421968635527,0.1298497748466326,147521,41163,106358,402886,29345,579752,0.2790314599277391,0.5838060929256255,0.7911453055902475,0.3775919717101853,0.7659292249099615,0.6874756992579365,0.2327355172842717,0.2813664145715316,0.254979737776235,True,True,True,0.1216175192151126,0.25445535332349,0.3851616887491578,0.3424005614686757,0.3851616887491578,0.0,0.2168609479285209,0.1607310237816644,False,False
50,51,2481174,957,Larus fuscus,Larus fuscus,Lesser Black-backed Gull,lbbgul,nodata_as_absence,both_classes,0.230015810406694,1.58104066940723e-05,0.8686695098876953,0.01,88,1,579752,574850,4902,0.0084553395244863,13244,566508,16941,0.046813475280735,0.2956050048939251,15154,4862,10292,556216,8382,579752,0.320839382341296,0.367109634551495,0.9818325601756728,0.3424184801746602,0.9677896755854228,0.6744710973635839,0.2065771583956492,0.3267629353921673,0.3259855252657841,True,True,True,0.0228442506451034,0.0261387627813271,0.3961218836565097,0.230015810406694,0.3961218836565097,0.0,0.0446680921962374,0.2977503879784228,False,False
51,52,2481209,958,Rynchops niger,Rynchops niger,Black Skimmer,blkski,nodata_as_absence,both_classes,0.3401011363856378,0.0001011363856378,0.8837758898735046,0.01,90,1,579752,574850,4902,0.0084553395244863,32560,547192,16941,0.2435170874119869,0.0816200432843073,67527,16271,51256,495936,16289,579752,0.2409554696639862,0.4997235872235872,0.906329039898244,0.3251371306962942,0.8834932867846942,0.7030263135609156,0.1941276128662785,0.2914239758784181,0.2698003981174996,True,True,True,0.0561619451075632,0.116475665456954,0.3410467626653252,0.3401011363856378,0.3410467626653252,0.0,0.1063510105959053,0.2187861201003889,False,False
52,53,2481236,959,Hydroprogne caspia,Hydroprogne caspia,Caspian Tern,caster1,nodata_as_absence,both_classes,0.2401135513884946,0.0001135513884946,0.893582284450531,0.01,91,1,579752,574850,4902,0.0084553395244863,62574,517178,16941,0.2829090202093302,0.1426226856701334,141016,43317,97699,419479,19257,579752,0.3071779088897713,0.6922523731901429,0.8110921191543337,0.4255317058794636,0.7982654652334101,0.7516722461722383,0.2702701016390783,0.3640377902621834,0.3245379398046747,True,True,True,0.1079323572838041,0.2432350384302253,0.4359513697389344,0.2501135513884946,0.4360586785443008,0.01,0.1948356442055903,0.2306960616738733,False,False
53,54,2481240,960,Thalasseus sandvicensis,Thalasseus sandvicensis,Sandwich Tern,santer1,nodata_as_absence,both_classes,0.2401403731148457,0.0001403731148457,0.8159610033035278,0.01,83,1,579752,574850,4902,0.0084553395244863,22531,557221,16941,0.0525431758473663,0.4208364806793236,20500,10185,10315,546906,12346,579752,0.4968292682926829,0.4520438506945985,0.9814884937933064,0.47337965652669,0.9609125971104886,0.7167661722439524,0.3100834195944711,0.4536749210706593,0.4531296577445498,True,True,True,0.0388631690791924,0.0353599470118257,0.5152657273670098,0.2301403731148457,0.5178336179555989,-0.0099999999999999,0.0748186483762616,0.3985610081504284,False,False
54,55,2481263,961,Gelochelidon nilotica,Gelochelidon nilotica,Gull-billed Tern,gubter2,nodata_as_absence,both_classes,0.310003553857141,3.553857141014305e-06,0.9085206985473632,0.01,92,1,579752,574850,4902,0.0084553395244863,39360,540392,16941,0.268001999154204,0.0618573576705736,45749,14037,31712,508680,25323,579752,0.3068263787186605,0.3566310975609756,0.9413166738219664,0.3298593568247776,0.9016217279112448,0.648973885691471,0.1975039396668167,0.2780094064431066,0.277096372496326,True,True,True,0.0678910982627054,0.0789113276021471,0.3301464103016405,0.310003553857141,0.3301464103016405,0.0,0.1271498533383297,0.2027095034864479,False,False
55,56,2481670,962,Limnodromus scolopaceus,Limnodromus scolopaceus,Long-billed Dowitcher,lobdow,nodata_as_absence,both_classes,0.070060846155975,6.084615597501397e-05,0.9247537851333618,0.01,94,1,579752,574850,4902,0.0084553395244863,175846,403906,16941,0.0929695550603989,0.5504924752876706,229188,130312,98876,305030,45534,579752,0.5685812520725343,0.7410575162357972,0.7552004674354924,0.6434620303480696,0.7509107342449876,0.7481289918356449,0.474341334148703,0.4665888009532897,0.4571110839746526,True,True,True,0.3033124508410493,0.3953207578412838,0.6440885725583234,0.070060846155975,0.6440885725583234,0.0,0.465448558625089,0.1780134717229806,False,False
56,57,2481672,963,Limnodromus griseus,Limnodromus griseus,Short-billed Dowitcher,shbdow,nodata_as_absence,both_classes,0.1400051786128097,5.178612809686456e-06,0.8950933814048767,0.01,91,1,579752,574850,4902,0.0084553395244863,31844,547908,16941,0.1180715179376764,0.2747762578254974,55849,17225,38624,509284,14619,579752,0.3084209206968791,0.5409182263534732,0.9295064134854756,0.3928477757631738,0.9081624556707004,0.7352123199194744,0.2444371913492649,0.3632658279972912,0.3471744120224609,True,True,True,0.0549269342753453,0.0963325697884612,0.4095291306570297,0.1300051786128097,0.4098946321168543,-0.01,0.1041341015964787,0.2887136741666951,False,False
57,58,2481684,964,Limosa fedoa,Limosa fedoa,Marbled Godwit,margod,nodata_as_absence,both_classes,0.2000085231176854,8.523117685399484e-06,0.8884719014167786,0.01,90,1,579752,574850,4902,0.0084553395244863,18366,561386,16941,0.0728418659916309,0.2570811201233839,17212,5869,11343,550043,12497,579752,0.3409830350917964,0.3195578786888816,0.9797946510956812,0.3299229861150149,0.9588789689384426,0.6496762648922814,0.1975495641051533,0.3089076321155993,0.3087346469124509,True,True,True,0.0316790627716678,0.0296885564862216,0.3399067558567167,0.1700085231176854,0.3453020542117418,-0.03,0.0614126309524207,0.2685103551625941,False,False
58,59,2481710,965,Tringa solitaria,Tringa solitaria,Solitary Sandpiper,solsan,nodata_as_absence,both_classes,0.0025089343544095,0.0025089343544095,0.939904808998108,0.01,95,1,579752,574850,4902,0.0084553395244863,376873,202879,16941,0.0796931503533007,0.7082297953390507,579751,376873,202878,1,0,579752,0.6500601120136058,1.0,4.929046377397365e-06,0.7879229456923514,0.6500607156163325,0.5000024645231887,0.6500601120136058,0.0017900213518869,6.408332346912088e-06,True,True,True,0.6500589907408685,0.999998275124536,0.7919812718419875,0.0025089343544095,0.7919812718419875,0.0,0.787922122043643,8.236487084589683e-07,True,True
59,60,2481720,966,Tringa melanoleuca,Tringa melanoleuca,Greater Yellowlegs,greyel,nodata_as_absence,both_classes,0.2306811213679611,0.0006811213679611,0.9301228523254396,0.01,94,1,579752,574850,4902,0.0084553395244863,234780,344972,16941,0.4737500152325709,0.1255699918352517,466992,210293,256699,88273,24487,579752,0.4503139240072635,0.895702359655848,0.2558845355565089,0.5993200070678226,0.5149891677820861,0.5757934476061785,0.4278778950880912,0.1879974144090382,0.1309080559457097,True,True,True,0.4049662614359243,0.8055030426803185,0.5997242260433852,0.2306811213679611,0.5997242260433852,0.0,0.5764782721857459,0.0228417348820767,False,False
60,61,2481721,967,Tringa flavipes,Tringa flavipes,Lesser Yellowlegs,lesyel,nodata_as_absence,both_classes,0.0804909789422527,0.0004909789422526,0.9343191385269164,0.01,95,1,579752,574850,4902,0.0084553395244863,217243,362509,16941,0.1207859077438529,0.5536343221840471,297875,173703,124172,238337,43540,579752,0.5831405791019723,0.799579272980027,0.657465056039988,0.6744202299279,0.7107176861830575,0.7285221645100075,0.508773779710909,0.4426329794641524,0.4254082441562088,True,True,True,0.3747171204239053,0.513797278836468,0.6765900760712491,0.0804909789422527,0.6765900760712491,0.0,0.5451552393678756,0.1292649905600243,False,False
61,62,2481742,968,Calidris mauri,Calidris mauri,Western Sandpiper,wessan,nodata_as_absence,both_classes,0.1300457790665677,4.577906656777486e-05,0.8167094588279724,0.01,83,1,579752,574850,4902,0.0084553395244863,37054,542698,16941,0.0303054053347963,0.295456395608265,81284,19275,62009,480689,17779,579752,0.2371315388022243,0.5201867544664543,0.885739398339408,0.3257618009430614,0.8623756364790462,0.7029630764029311,0.19457315041943,0.2859713441107207,0.2608643188333772,True,True,True,0.063913535442741,0.140204777215085,0.3348766906712301,0.1300457790665677,0.3348766906712301,0.0,0.1201479881842913,0.20561381275877,False,False
62,63,2481744,969,Calidris melanotos,Calidris melanotos,Pectoral Sandpiper,pecsan,nodata_as_absence,both_classes,0.0400108634176285,1.086341762857046e-05,0.9063477516174316,0.01,92,1,579752,574850,4902,0.0084553395244863,179006,400746,16941,0.0870162244380598,0.4555129581711188,253015,117192,135823,264923,61814,579752,0.4631820247811394,0.6546819659676212,0.6610745958786862,0.5425291826091787,0.659100787923112,0.6578782809231537,0.3722401684724088,0.2941362041736334,0.2833465139264905,True,True,True,0.3087630573072624,0.4364193655218093,0.5448623919325105,0.0400108634176285,0.5448623919325105,0.0,0.4718395061402977,0.070689676468881,False,False
63,64,2481745,970,Calidris minutilla,Calidris minutilla,Least Sandpiper,leasan,nodata_as_absence,both_classes,0.1406663136300631,0.000666313630063,0.9315129518508912,0.01,95,1,579752,574850,4902,0.0084553395244863,152111,427641,16941,0.2310665196458399,0.3420556157409545,248903,114915,133988,293653,37196,579752,0.461685877631045,0.7554680463608812,0.6866811180405995,0.5731221353867945,0.7047289185720791,0.7210745822007403,0.4016616625713476,0.3929694679107948,0.3669309890751828,True,True,True,0.262372531703211,0.4293266776138763,0.5784185915407886,0.1406663136300631,0.5784185915407886,0.0,0.4156816234732456,0.1574405119135488,False,False
64,65,2481748,971,Calidris alba,Calidris alba,Sanderling,sander,nodata_as_absence,both_classes,0.4300647577544441,6.475775444414467e-05,0.9647237062454224,0.01,98,1,579752,574850,4902,0.0084553395244863,18463,561289,16941,0.3886500429922614,0.1305243867124688,11916,7886,4030,557259,10577,579752,0.6617992614971467,0.427124519308888,0.9928200980243688,0.5191744297047303,0.9748047440974762,0.7099723086666285,0.3505979638109634,0.5197083694388155,0.5068540963018339,True,True,True,0.031846375691675,0.0205536160289227,0.5389925500649306,0.3600647577544441,0.5573892827415975,-0.07,0.0617269710722733,0.4574474586324569,False,False
65,66,2481759,972,Calidris alpina,Calidris alpina,Dunlin,dunlin,nodata_as_absence,both_classes,0.3000342591592925,3.425915929256007e-05,0.8884525299072266,0.01,90,1,579752,574850,4902,0.0084553395244863,27231,552521,16941,0.2034183244606332,0.1710441300547488,27183,10188,16995,535526,17043,579752,0.3747930691976603,0.3741324226065881,0.9692409881253382,0.374462454515382,0.9412886889566572,0.6716867053659632,0.2303622303622303,0.3436615156427921,0.3436613684415952,True,True,True,0.0469700837599525,0.0468872897376809,0.3838372421588019,0.2600342591592925,0.3869567314649558,-0.0399999999999999,0.0897257419071044,0.2847367126082776,False,False
66,67,2481764,973,Calidris pusilla,Calidris pusilla,Semipalmated Sandpiper,semsan,nodata_as_absence,both_classes,0.0700404566490033,4.045664900331758e-05,0.826451301574707,0.01,84,1,579752,574850,4902,0.0084553395244863,80191,499561,16941,0.0203846625015313,0.4181542117862071,148482,50141,98341,401220,30050,579752,0.3376907638636333,0.6252696686660598,0.8031451614517546,0.4385388742877384,0.7785415143026674,0.7142074150589073,0.2808516120359375,0.3388519935818815,0.3156023955584989,True,True,True,0.1383194883329423,0.2561129586443859,0.4453474377933803,0.0600404566490033,0.4456264432384924,-0.01,0.2430240187410124,0.1955148555467259,False,False
67,68,2481765,974,Calidris canutus,Calidris canutus,Red Knot,redkno,nodata_as_absence,both_classes,0.0900050409812502,5.040981250203913e-06,0.7662867307662964,0.01,78,1,579752,574850,4902,0.0084553395244863,17924,561828,16941,0.0082153760754926,0.3602767409969032,32438,9279,23159,538669,8645,579752,0.2860533941673346,0.5176857844231199,0.9587791993279082,0.3684921170723959,0.9451420607432144,0.7382324918755141,0.2258598447046223,0.3588432927015834,0.3422980518582006,True,True,True,0.0309166678165836,0.0559515103009562,0.4057901296656681,0.1000050409812502,0.4074904635302277,0.01,0.0599789852696109,0.3085131318027849,False,False
68,69,2481776,975,Arenaria interpres,Arenaria interpres,Ruddy Turnstone,rudtur,nodata_as_absence,both_classes,0.2800804076262284,8.040762622840703e-05,0.9402157068252563,0.01,96,1,579752,574850,4902,0.0084553395244863,21811,557941,16941,0.3361839604713036,0.1710908070214216,30768,13336,17432,540509,8475,579752,0.4334373374934997,0.6114345972215854,0.9687565531122466,0.5072747674927253,0.9553136513543722,0.7900955751669161,0.3398313074943302,0.4924629363438575,0.484580776666386,True,True,True,0.0376212587451186,0.0530709682760904,0.5560373582388258,0.3200804076262284,0.5579244218838127,0.0399999999999999,0.0725144332347567,0.4347603342579684,False,False
69,70,2481798,976,Actitis macularius,Actitis macularius,Spotted Sandpiper,sposan,nodata_as_absence,both_classes,0.1011245777131989,0.0011245777131989,0.9681476950645448,0.01,98,1,579752,574850,4902,0.0084553395244863,151184,428568,16941,0.2433800561516621,0.2062647705189252,304509,102450,202059,226509,48734,579752,0.3364432578347438,0.6776510741877447,0.5285252282018256,0.4496448266705874,0.5674133077591798,0.6030881511947852,0.2900269785954711,0.1812772585280232,0.1552298409529353,True,True,True,0.2607735721480909,0.5252401026645876,0.4544093676191743,0.1011245777131989,0.4544093676191743,0.0,0.4136723324613919,0.0359724942091954,False,False
70,71,2481817,977,Gallinago delicata,Gallinago delicata,Wilson's Snipe,wilsni1,nodata_as_absence,both_classes,0.0800512623228132,5.126232281327248e-05,0.9701092839241028,0.01,99,1,579752,574850,4902,0.0084553395244863,325288,254464,16941,0.3091171542204187,0.4375186165763637,429937,281939,147998,106466,43349,579752,0.6557681706854726,0.8667365534541699,0.418393171529175,0.7466357707967824,0.6699502545916185,0.6425648624916724,0.5957053451824056,0.3232284882492388,0.2984933991418884,True,True,True,0.561081289930867,0.7415877823621134,0.7469829401992916,0.0800512623228132,0.7469829401992916,0.0,0.7188367364978343,0.0277990342989481,False,False
71,72,2481875,978,Phalacrocorax auritus,Nannopterum auritum,Double-crested Cormorant,doccor,nodata_as_absence,both_classes,0.647226779460907,0.617226779460907,0.9999990463256836,0.01,40,4,579752,574850,4902,0.0084553395244863,178389,401363,16941,0.470595839032581,-2.01731099924718e-06,579751,178388,401363,0,1,579752,0.3076976150105821,0.9999943942731896,0.0,0.4705938217215817,0.3076970842705157,0.4999971971365947,0.3076970842705157,-0.0019699893503557,-3.4497542336751067e-06,True,True,True,0.3076988091459796,0.999998275124536,0.4736564007657606,0.647226779460907,0.4736564007657606,0.0,0.470595839032581,-2.01731099924718e-06,False,True
72,73,2481930,979,Cathartes aura,Cathartes aura,Turkey Vulture,turvul,nodata_as_absence,both_classes,0.156699771285057,0.146699771285057,0.9952282309532166,0.01,86,2,579752,574850,4902,0.0084553395244863,569368,10384,16941,0.9643618266037624,0.026600815211402,579751,569367,10384,0,1,579752,0.9820888622874304,0.999998243666662,0.0,0.9909626418151644,0.9820871683064484,0.499999121833331,0.9820871683064484,-0.0001773638302653,-3.4494306404154592e-06,True,True,True,0.9820888931819124,0.999998275124536,0.99520807678963,0.156699771285057,0.99520807678963,0.0,0.9909635199108884,-8.780957239107323e-07,False,True
73,74,2481937,980,Mycteria americana,Mycteria americana,Wood Stork,woosto,nodata_as_absence,both_classes,0.9977304339408876,0.9977304339408876,1.0,0.01,2,1,579752,574850,4902,0.0084553395244863,263994,315758,16941,0.6257665221524014,-1.6287308106655018e-06,579751,263993,315758,0,1,579752,0.4553558337976131,0.999996212035122,0.0,0.6257648934215907,0.455355048365508,0.499998106017561,0.455355048365508,-0.0014363470933505,-3.4497519035331582e-06,True,True,True,0.455356773240972,0.999998275124536,0.6294217153865502,0.9977304339408876,0.6294217153865502,0.0,0.6257665221524014,-1.6287308106655018e-06,True,True
74,75,2481942,981,Coragyps atratus,Coragyps atratus,Black Vulture,blkvul,nodata_as_absence,both_classes,0.0127998320385813,0.0127998320385813,0.9684191942214966,0.01,97,1,579752,574850,4902,0.0084553395244863,483966,95786,16941,0.5407203950062597,0.3692302779640886,579751,483965,95786,0,1,579752,0.8347807938235553,0.9999979337391468,0.0,0.9099506729703484,0.8347793539306462,0.4999989668695734,0.8347793539306462,-0.0005842824470167,-3.449726814199163e-06,True,True,True,0.8347810788061102,0.999998275124536,0.9141634752057723,0.0127998320385813,0.9141634752057723,0.0,0.9099516977243968,-1.02475404861746e-06,True,True
75,76,2481962,982,Gavia immer,Gavia immer,Common Loon,comloo,nodata_as_absence,both_classes,0.9818229174613952,0.9718229174613952,1.0,0.01,4,1,579752,574850,4902,0.0084553395244863,44448,535304,16941,0.142415892342198,-2.7477951151932967e-06,579750,44447,535303,1,1,579752,0.0766658042259594,0.999977501799856,1.868097380180234e-06,0.1424131445470828,0.0766672646234941,0.4999896849486181,0.0766656719867667,-0.0029552373783255,-3.163317102148534e-06,True,True,True,0.0766672646234941,0.999996550249072,0.1435404071720146,0.9818229174613952,0.1435404071720146,0.0,0.142415892342198,-2.7477951151932967e-06,False,True
76,77,2482059,983,Podiceps auritus,Podiceps auritus,Horned Grebe,horgre,nodata_as_absence,both_classes,0.3200476789318782,4.767893187818117e-05,0.9306156039237976,0.01,95,1,579752,574850,4902,0.0084553395244863,37129,542623,16941,0.3239366346513658,0.1599558853195855,31721,16658,15063,527560,20471,579752,0.5251410737366413,0.4486519970912225,0.972240395265221,0.4838925199709513,0.938708275262526,0.7104461961782218,0.3191676885346413,0.4531070332789488,0.4515256866715014,True,True,True,0.0640429011025403,0.0547147745932743,0.511240351711756,0.3200476789318782,0.511240351711756,0.0,0.1203765393973878,0.3635159805735635,False,False
77,78,2482077,984,Podilymbus podiceps,Podilymbus podiceps,Pied-billed Grebe,pibgre,nodata_as_absence,both_classes,0.6304719936847687,0.3604719936847687,0.9999960064888,0.01,65,1,579752,574850,4902,0.0084553395244863,184083,395669,16941,0.4820048922807771,0.0010746940418775,576123,183620,392503,3166,463,579752,0.3187166629348247,0.9974848302124584,0.0080016377325491,0.4830795863226546,0.3221825884171163,0.5027432339725039,0.3184607326574006,0.0323828158147881,0.0034958310769443,True,True,True,0.3175202500379472,0.9937404269411748,0.4860082712985938,0.6204719936847687,0.4860192811049668,-0.01,0.4819967663173329,0.0010828200053216,False,True
78,79,2482082,985,Anhinga anhinga,Anhinga anhinga,Anhinga,anhing,nodata_as_absence,both_classes,0.9971257448196412,0.9971257448196412,1.0,0.01,2,1,579752,574850,4902,0.0084553395244863,284901,294851,16941,0.658994995680348,-1.5509187560880378e-06,579751,284900,294851,0,1,579752,0.4914178673258002,0.99999649000881,0.0,0.6589934447615919,0.4914170196911783,0.499998245004405,0.4914170196911783,-0.001336083382517,-3.449751128834344e-06,True,True,True,0.4914187445666423,0.999998275124536,0.6627507996510613,0.9971257448196412,0.6627507996510613,0.0,0.658994995680348,-1.5509187560880378e-06,True,True
79,80,2482400,986,Aphelocoma coerulescens,Aphelocoma coerulescens,Florida Scrub-Jay,flsjay,nodata_as_absence,both_classes,0.3800001160765563,1.1607655636680648e-07,0.992691695690155,0.01,101,1,579752,574850,4902,0.0084553395244863,20853,558899,16941,0.2870978686653712,0.019378145194372,20129,6280,13849,545050,14573,579752,0.311987679467435,0.3011557090106939,0.9752209254265976,0.3064760138597433,0.9509755895624336,0.6381883172186458,0.1809693965765662,0.2811210616377316,0.281073916582395,True,True,True,0.0359688280506147,0.0347200182146849,0.3064760138597433,0.3800001160765563,0.3064760138597433,0.0,0.0694399813521366,0.2370360325076067,False,False
80,81,2482481,987,Corvus ossifragus,Corvus ossifragus,Fish Crow,fiscro,nodata_as_absence,both_classes,0.0861806477606296,0.0061806477606296,0.9838104248046876,0.01,99,1,579752,574812,4940,0.008520884792118,295123,284629,16941,0.3797174254317111,0.3233872541447706,460736,265724,195012,89617,29399,579752,0.5767380886234199,0.9003839077266089,0.314855478535216,0.7031046795764818,0.6129189722502035,0.6076196931309125,0.5421445112060963,0.2663999249859425,0.2174892754619718,True,True,True,0.5090504215595634,0.7947122217775877,0.7077131636874997,0.0861806477606296,0.7077131636874997,0.0,0.6746632376053722,0.0284414419711096,False,False
81,82,2482507,988,Corvus brachyrhynchos,Corvus brachyrhynchos,American Crow,amecro,nodata_as_absence,both_classes,0.0400091590363808,9.159036380879115e-06,0.9929823279380798,0.01,101,1,579752,574850,4902,0.0084553395244863,484464,95288,16941,0.4562723798729156,0.4695126290267124,552658,480076,72582,22706,4388,579752,0.868667421805167,0.9909425674559926,0.2382881370162035,0.925785008899628,0.8672363355365743,0.6146153522360981,0.8618246967036833,0.4024925595695601,0.3217047838439363,True,True,True,0.835640066787178,0.9532662241786144,0.9301815504446728,0.0400091590363808,0.9301815504446728,0.0,0.9104617859532276,0.0153232229464004,False,False
82,83,2482593,989,Cyanocitta cristata,Cyanocitta cristata,Blue Jay,blujay,nodata_as_absence,both_classes,0.1000979562848806,0.0100979562848806,0.9963845610618592,0.01,100,1,579752,574850,4902,0.0084553395244863,501308,78444,16941,0.7160956680570048,0.2229745171361007,550837,494019,56818,21626,7289,579752,0.8968515186888317,0.9854600365443998,0.2756871143745857,0.9390701851931056,0.8894234086298969,0.6305735754594928,0.8851388396168607,0.410340444667826,0.3559302221464985,True,True,True,0.8646938691026508,0.9501252259586858,0.9433424354102616,0.1000979562848806,0.9433424354102616,0.0,0.9274378850387582,0.0116323001543472,False,False
83,84,2482802,990,Empidonax virescens,Empidonax virescens,Acadian Flycatcher,acafly,nodata_as_absence,both_classes,0.0100158472157636,1.5847215763642453e-05,0.8924936652183533,0.01,91,1,579752,574850,4902,0.0084553395244863,256974,322778,16941,0.0587386341797956,0.6174416742047575,371527,212490,159037,163741,44484,579752,0.5719368982604225,0.8268929930654463,0.507286741971262,0.6761803083845531,0.648951620692986,0.6670898675183541,0.5107797630351121,0.3460310257014566,0.3196547140729787,True,True,True,0.4432481474837517,0.6408378065103699,0.6767941063588196,0.0100158472157636,0.6767941063588196,0.0,0.6142369186567646,0.0619433897277885,False,False
84,85,2483597,991,Myiarchus crinitus,Myiarchus crinitus,Great Crested Flycatcher,grcfly,nodata_as_absence,both_classes,0.0201436858624219,0.0201436858624219,0.9601106643676758,0.01,95,1,579752,574850,4902,0.0084553395244863,541932,37820,16941,0.3803139846831659,0.5859697157919238,579751,541932,37819,1,0,579752,0.934766822308198,1.0,2.6441036488630358e-05,0.9662837004750896,0.9347669348273054,0.5000132205182443,0.934766822308198,0.0049715393649263,4.94311855618564e-05,True,True,True,0.9347652099518414,0.999998275124536,0.970525107429299,0.0201436858624219,0.970525107429299,0.0,0.9662828390170494,8.614580403465411e-07,True,True
85,86,2483600,992,Myiarchus cinerascens,Myiarchus cinerascens,Ash-throated Flycatcher,astfly,nodata_as_absence,both_classes,0.0600006650395221,6.650395221186045e-07,0.7981846332550049,0.01,81,1,579752,574850,4902,0.0084553395244863,50375,529377,16941,0.020292347377472,0.2618146070485652,133853,25986,107867,421510,24389,579752,0.1941383457972552,0.5158511166253101,0.7962378418405031,0.2821069544260373,0.7718748706343402,0.6560444792329065,0.1642168324465059,0.2086104998999162,0.1783650610346841,True,True,True,0.0868906014985718,0.2308797554816542,0.2826792853063555,0.0600006650395221,0.2826792853063555,0.0,0.1598884034488285,0.1222185509772087,False,False
86,87,2483606,993,Sayornis phoebe,Sayornis phoebe,Eastern Phoebe,easpho,nodata_as_absence,both_classes,0.092968977689743,0.022968977689743,0.9908899664878844,0.01,98,1,579752,574850,4902,0.0084553395244863,562279,17473,16941,0.790803148933443,0.1939787476892521,579519,562211,17308,165,68,579752,0.9701338523844776,0.999879063596542,0.0094431408458764,0.9847818966226952,0.9700285639376836,0.5046611022212092,0.9700200315051924,0.0795181913265979,0.0178587011355817,True,True,True,0.9698612510176764,0.99959810401689,0.9890280201531186,0.092968977689743,0.9890280201531186,0.0,0.98470006505953,8.183156316521334e-05,False,True
87,88,2483647,994,Pyrocephalus rubinus,Pyrocephalus rubinus,Vermilion Flycatcher,verfly,nodata_as_absence,both_classes,0.0600098296322903,9.829632290347943e-06,0.8921753168106079,0.01,91,1,579752,574850,4902,0.0084553395244863,60200,519552,16941,0.107462861667962,0.1700534420111323,199864,36086,163778,355774,24114,579752,0.1805527758876035,0.5994352159468439,0.6847707255481645,0.2775163036790943,0.6759096993197091,0.6421029707475042,0.1611140379858736,0.1824109200759359,0.140307602068778,True,True,True,0.1038375029322882,0.3447405097351971,0.2785219488663772,0.0600098296322903,0.2785219488663772,0.0,0.1881391104332825,0.0893771932458118,False,False
88,89,2484133,995,Quiscalus major,Quiscalus major,Boat-tailed Grackle,botgra,nodata_as_absence,both_classes,0.3009698537178337,0.0009698537178337,0.9834291338920592,0.01,100,1,579752,574850,4902,0.0084553395244863,197302,382450,16941,0.6539821191122258,0.064030034604173,265108,166008,99100,283350,31294,579752,0.6261900810235829,0.8413903559011059,0.74088116093607,0.7180121537163988,0.7750865887482924,0.791135758418588,0.5600771924615894,0.5538057729630048,0.5375544353151741,True,True,True,0.3403213787964509,0.4572782845078585,0.7256672757315336,0.3009698537178337,0.7256672757315336,0.0,0.5078205633070546,0.2101915904093442,False,False
89,90,2484155,996,Quiscalus quiscula,Quiscalus quiscula,Common Grackle,comgra,nodata_as_absence,both_classes,0.0239510275423526,0.0239510275423526,0.943234086036682,0.01,93,1,579752,574850,4902,0.0084553395244863,420763,158989,16941,0.333222457991627,0.5078692208854302,579751,420762,158989,0,1,579752,0.7257633018313034,0.9999976233651724,0.0,0.8410916788770572,0.7257620499799915,0.4999988116825861,0.7257620499799915,-0.000807316844799,-3.4497411305013784e-06,True,True,True,0.7257637748554554,0.999998275124536,0.8452328818857145,0.0239510275423526,0.8452328818857145,0.0,0.8410928371888478,-1.1583117905944462e-06,True,True
90,91,2484195,997,Xanthocephalus xanthocephalus,Xanthocephalus xanthocephalus,Yellow-headed Blackbird,yehbla,nodata_as_absence,both_classes,0.0600041780403989,4.178040398983285e-06,0.6666886210441589,0.01,68,1,579752,574850,4902,0.0084553395244863,11318,568434,16941,0.0007045354469396,0.1400218637499338,44464,3925,40539,527895,7393,579752,0.0882736595897804,0.34679271956176,0.928683013331363,0.1407263991968735,0.9173232692599594,0.6377378664465616,0.075688913743564,0.1432221526053677,0.1131247905945821,True,True,True,0.0195221405014557,0.076694862630918,0.1407289220343844,0.0600041780403989,0.1407289220343844,0.0,0.038296648451114,0.1024297507457594,False,False
91,92,2484254,998,Sturnella magna,Sturnella magna,Eastern Meadowlark,easmea,nodata_as_absence,both_classes,0.0100057256070249,5.725607024942292e-06,0.974811851978302,0.01,99,1,579752,574850,4902,0.0084553395244863,361126,218626,16941,0.342431072558796,0.4439921034317113,502699,339666,163033,55593,21460,579752,0.6756846542364318,0.9405747578407536,0.2542835710299781,0.7864231759905074,0.6817725510218162,0.5974291644353659,0.6480209249483458,0.2781957366058742,0.223400641081826,True,True,True,0.6228973768093944,0.8670931708730629,0.7906361801722954,0.0100057256070249,0.7906361801722954,0.0,0.7676361866256837,0.0187869893648237,False,False
92,93,2484340,999,Icterus galbula,Icterus galbula,Baltimore Oriole,balori,nodata_as_absence,both_classes,0.1500185966073331,1.8596607333165597e-05,0.9768945574760436,0.01,99,1,579752,574850,4902,0.0084553395244863,51805,527947,16941,0.1225702866122365,0.1958117343281201,65576,18686,46890,481057,33119,579752,0.2849518116384043,0.3606987742495898,0.9111842666025188,0.3183820209403566,0.8619944390015041,0.6359415204260543,0.1893307665028623,0.2448695364484065,0.2427809270025744,True,True,True,0.0893571734120796,0.1131104334267066,0.3184661269706008,0.1500185966073331,0.3184661269706008,0.0,0.1640548675733148,0.1543271533670417,False,False
93,94,2484391,1000,Molothrus ater,Molothrus ater,Brown-headed Cowbird,bnhcow,nodata_as_absence,both_classes,0.0104506824188865,0.0004506824188865,0.9308015704154968,0.01,95,1,579752,574850,4902,0.0084553395244863,316206,263546,16941,0.1187686417534297,0.5884201499033822,571704,313960,257744,5802,2246,579752,0.5491653023242797,0.9928970354768728,0.0220151320832036,0.707188791656812,0.5515496281168499,0.5074560837800381,0.5470162906176497,0.0634635619220654,0.0162216735385796,True,True,True,0.5454159709668962,0.9861182022657964,0.7111139297560953,0.0104506824188865,0.7111139297560953,0.0,0.7058500510068553,0.0013387406499567,False,False
94,95,2484396,1001,Molothrus bonariensis,Molothrus bonariensis,Shiny Cowbird,shicow,nodata_as_absence,both_classes,0.0800001930922053,1.930922053361428e-07,0.6800185441970825,0.01,70,1,579752,574812,4940,0.008520884792118,10150,569602,16941,0.0011790135586559,0.1805095655637898,15102,2294,12808,556794,7856,579752,0.1519004105416501,0.2260098522167487,0.9775141238970368,0.1816885791224457,0.9643571734120796,0.6017619880568928,0.099921595957836,0.1675820324444521,0.1641859975539408,True,True,True,0.0175074859595137,0.0260490692571996,0.1818902632413574,0.0800001930922053,0.1818902632413574,0.0,0.0344124956348681,0.1472760834875775,False,False
95,96,2484404,1002,Molothrus aeneus,Molothrus aeneus,Bronzed Cowbird,brocow,nodata_as_absence,both_classes,0.1000243634713115,2.436347131151706e-05,0.7790235877037048,0.01,79,1,579752,574850,4902,0.0084553395244863,21989,557763,16941,0.0109348877140662,0.295285783685284,44499,10180,34319,523444,11809,579752,0.2287691858244005,0.4629587521033244,0.9384702821807828,0.3062206713993503,0.920434944597,0.7007145171420537,0.1807913617958371,0.2880591601642722,0.2691141938514856,True,True,True,0.037928286577709,0.0767552332721577,0.3067327538153276,0.1000243634713115,0.3067327538153276,0.0,0.0730845995203916,0.2331360718789586,False,False
96,97,2484417,1003,Dolichonyx oryzivorus,Dolichonyx oryzivorus,Bobolink,boboli,nodata_as_absence,both_classes,5.336172398529016e-05,5.336172398529016e-05,0.7191134095191956,0.01,73,1,579752,574850,4902,0.0084553395244863,428467,151285,16941,0.0008724924590056,0.8490746419900916,579751,428466,151285,0,1,579752,0.7390517653268386,0.9999976660979726,0.0,0.8499471344490973,0.7390504905545819,0.4999988330489863,0.7390504905545819,-0.0007804022129427,-3.4497400258483573e-06,True,True,True,0.739052215430046,0.999998275124536,0.8540998050464659,5.336172398529016e-05,0.8540998050464659,0.0,0.8499482751267334,-1.1406776361244653e-06,True,True
97,98,2484597,1004,Regulus calendula,Corthylio calendula,Ruby-crowned Kinglet,ruckin,nodata_as_absence,both_classes,0.3849296271800995,0.3849296271800995,0.9999999403953552,0.01,63,1,579752,574850,4902,0.0084553395244863,515321,64431,16941,0.9411309175920516,3.094208475518112e-05,579751,515320,64431,0,1,579752,0.8888643572844204,0.9999980594619664,0.0,0.9411618596768068,0.8888628241040997,0.4999990297309832,0.8888628241040997,-0.0004643952428432,-3.449709287295964e-06,True,True,True,0.8888645489795637,0.999998275124536,0.9453938376583468,0.3849296271800995,0.9453938376583468,0.0,0.9411628265878164,-9.669110098142752e-07,True,True
98,99,2484609,1005,Bombycilla cedrorum,Bombycilla cedrorum,Cedar Waxwing,cedwax,nodata_as_absence,both_classes,0.9957824945449828,0.9957824945449828,1.0,0.01,2,1,579752,574850,4902,0.0084553395244863,413258,166494,16941,0.8323340147631947,-1.17588660841772e-06,579751,413257,166494,0,1,579752,0.7128180891451675,0.999997580204134,0.0,0.8323328388765863,0.7128168596227352,0.499998790102067,0.7128168596227352,-0.0008336195779145,-3.449742108945739e-06,True,True,True,0.7128185844981992,0.999998275124536,0.8364620430783306,0.9957824945449828,0.8364620430783306,0.0,0.8323340147631947,-1.17588660841772e-06,True,True
99,100,2484904,1006,Sitta pusilla,Sitta pusilla,Brown-headed Nuthatch,bnhnut,nodata_as_absence,both_classes,0.9161456643044948,0.0561456643044948,0.9999958276748656,0.01,96,1,579752,574850,4902,0.0084553395244863,222363,357389,16941,0.556362441427611,0.0041219776608077,505932,204099,301833,55556,18264,579752,0.4034119209696165,0.917864033135009,0.1554496640915081,0.5604844190884188,0.4478725386027128,0.5366568486132586,0.3893562713183618,0.1069433734736314,0.0590809186779484,True,True,True,0.3835484827995418,0.8726696932481475,0.5642824854539649,0.9161456643044948,0.5642824854539649,0.0,0.5544416947694533,0.0060427243189655,False,False
100,101,2487413,1007,Vireo griseus,Vireo griseus,White-eyed Vireo,whevir,nodata_as_absence,both_classes,0.0725036326050758,0.0425036326050758,0.9936174750328064,0.01,97,1,579752,574850,4902,0.0084553395244863,544385,35367,16941,0.8963246599938496,0.0722305001484991,579615,544328,35287,80,57,579752,0.9391199330590132,0.9998952946903388,0.0022619956456583,0.9685551601423488,0.9390360016006843,0.5010786451679985,0.9390275880152914,0.0335916001851253,0.0040376431811157,True,True,True,0.9389963294650128,0.9997636920614332,0.97279773531898,0.0725036326050758,0.97279773531898,0.0,0.9685385322251648,1.6627917184042218e-05,False,True
101,102,2487430,1008,Vireo olivaceus,Vireo olivaceus,Red-eyed Vireo,reevir1,nodata_as_absence,both_classes,0.00121063250117,0.00121063250117,0.983136773109436,0.01,100,1,579752,574850,4902,0.0084553395244863,430711,149041,16941,0.1160166397680098,0.7364844933770267,579751,430710,149041,0,1,579752,0.7429223925443854,0.9999976782575788,0.0,0.8525011331450366,0.7429211110957789,0.4999988391287894,0.7429211110957789,-0.0007725723181578,-3.449739682763775e-06,True,True,True,0.7429228359712429,0.999998275124536,0.856656987151438,0.00121063250117,0.856656987151438,0.0,0.8525022687619438,-1.1356169071774502e-06,True,True
102,103,2487453,1009,Vireo flavifrons,Vireo flavifrons,Yellow-throated Vireo,yetvir,nodata_as_absence,both_classes,0.0810379544692114,0.0010379544692113,0.8784656524658203,0.01,89,1,579752,574850,4902,0.0084553395244863,331617,248135,16941,0.078264108880155,0.728976724295943,367971,282368,85603,162532,49249,579752,0.7673648195102332,0.851488313325312,0.6550144074797993,0.807240833176098,0.7673970939298183,0.7532513604025557,0.6767844302765926,0.5204678350396843,0.5160187490166859,True,True,True,0.5719980267424692,0.6347041493604162,0.8079360673890464,0.0710379544692114,0.8083091534778654,-0.0099999999999999,0.7277337719408933,0.0795070612352046,False,False
103,104,2487456,1010,Vireo solitarius,Vireo solitarius,Blue-headed Vireo,buhvir,nodata_as_absence,both_classes,0.0053415480069816,0.0053415480069816,0.954453468322754,0.01,96,1,579752,574850,4902,0.0084553395244863,480232,99520,16941,0.0955526677486083,0.810558090631479,579751,480231,99520,0,1,579752,0.8283400977316123,0.9999979176731246,0.0,0.9061107583800871,0.8283386689481019,0.4999989588365623,0.8283386689481019,-0.0005978729195341,-3.44972816515671e-06,True,True,True,0.828340393823566,0.999998275124536,0.9103206294113912,0.0053415480069816,0.9103206294113912,0.0,0.906111790366647,-1.0319865597629985e-06,True,True
104,105,2487463,1011,Vireo altiloquus,Vireo altiloquus,Black-whiskered Vireo,bkwvir,nodata_as_absence,both_classes,0.2300027487672014,2.7487672014103737e-06,0.7771593928337097,0.01,79,1,579752,574850,4902,0.0084553395244863,3806,575946,16941,0.0306778822365165,0.1093436927365147,5464,649,4815,571131,3157,579752,0.1187774524158126,0.1705202312138728,0.9916398412351158,0.1400215749730312,0.9862492928010598,0.5810800362244943,0.0752812898735645,0.1355342287400819,0.1333142533000355,True,True,True,0.0065648760159516,0.0094247195352495,0.1400215749730312,0.2300027487672014,0.1400215749730312,0.0,0.0130441190078792,0.126977455965152,False,False
105,106,2487596,1012,Polioptila caerulea,Polioptila caerulea,Blue-gray Gnatcatcher,buggna,nodata_as_absence,both_classes,0.99791157245636,0.99791157245636,1.0,0.01,2,1,579752,574850,4902,0.0084553395244863,567084,12668,16941,0.9889539567994028,-8.8159678002242e-07,579751,567083,12668,0,1,579752,0.9781492399323156,0.9999982365928152,0.0,0.9889530752026228,0.9781475527466916,0.4999991182964076,0.9781475527466916,-0.0001962951535246,-3.4494905243572706e-06,True,True,True,0.9781492776221556,0.999998275124536,0.9931983750360136,0.99791157245636,0.9931983750360136,0.0,0.9889539567994028,-8.8159678002242e-07,True,True
106,107,2487844,1013,Poecile carolinensis,Poecile carolinensis,Carolina Chickadee,carchi,nodata_as_absence,both_classes,0.2600452682506875,4.52682506875135e-05,0.9948405623435974,0.01,101,1,579752,574850,4902,0.0084553395244863,294570,285182,16941,0.745768648023085,0.132493087428022,338107,277828,60279,224903,16742,579752,0.8217162022673296,0.9431646128254744,0.7886297171630748,0.878261735451107,0.8671483668879106,0.8658971649942746,0.7829471127155494,0.7420417910145545,0.733578917302358,True,True,True,0.5080965654279761,0.583192468503774,0.8790050336791417,0.2600452682506875,0.8790050336791417,0.0,0.6738249752379558,0.2044367602131511,False,False
107,108,2487887,1014,Baeolophus bicolor,Baeolophus bicolor,Tufted Titmouse,tuftit,nodata_as_absence,both_classes,0.1446292988210916,0.0146292988210916,0.9999877214431764,0.01,100,1,579752,574712,5040,0.0086933723385171,381213,198539,16941,0.7405836815310405,0.0549739254309376,569896,378331,191565,6974,2882,579752,0.6638597217737974,0.9924399220383356,0.0351265998116239,0.7955576069619781,0.6646031406532449,0.5137832609249797,0.6605194333581248,0.101190697107323,0.0356941306569245,True,True,True,0.6575449502545916,0.9829996274268996,0.7997949411777141,0.1446292988210916,0.7997949411777141,0.0,0.7933962215065065,0.0021613854554716,False,False
108,109,2488485,1015,Piranga rubra,Piranga rubra,Summer Tanager,sumtan,nodata_as_absence,both_classes,0.0807807362708263,0.0007807362708263,0.9252813458442688,0.01,94,1,579752,574850,4902,0.0084553395244863,334959,244793,16941,0.2987772674367671,0.5255743478349957,374612,292468,82144,162649,42491,579752,0.7807224541659104,0.8731456685743628,0.6644348490357159,0.8243516152717628,0.7850201465454194,0.7687902588050394,0.7011889149682452,0.5552938019613834,0.5495621227848747,True,True,True,0.5777625605431288,0.6461590473167838,0.8244085454714583,0.0807807362708263,0.8244085454714583,0.0,0.7323821403700185,0.0919694749017443,False,False
109,110,2488517,1016,Piranga olivacea,Piranga olivacea,Scarlet Tanager,scatan,nodata_as_absence,both_classes,6.579623732250184e-05,6.579623732250184e-05,0.7250967025756836,0.01,74,1,579752,574850,4902,0.0084553395244863,162793,416959,16941,0.0005647948628223,0.4379088848113787,579751,162793,416958,1,0,579752,0.2807981357513829,1.0,2.3983173405538674e-06,0.4384736796742011,0.2807993762850322,0.5000011991586703,0.2807981357513829,0.0008206357524308,1.3468851692984902e-06,True,True,True,0.2807976514095682,0.999998275124536,0.44138755656538,6.579623732250184e-05,0.44138755656538,0.0,0.4384730891730467,5.90501154418277e-07,True,True
110,111,2489005,1017,Acridotheres tristis,Acridotheres tristis,Common Myna,commyn,nodata_as_absence,both_classes,0.3700083775676103,8.377567610295955e-06,0.9311946034431458,0.01,95,1,579752,574850,4902,0.0084553395244863,3758,575994,16941,0.332466030644695,0.0651662159023312,6885,2116,4769,571225,1642,579752,0.3073347857661583,0.5630654603512507,0.9917203998652764,0.3976322465470262,0.9889418234003504,0.7773929301082636,0.2481529259997654,0.4109924807008911,0.3925377213656041,True,True,True,0.00648208199368,0.0118757675695814,0.3976322465470262,0.3700083775676103,0.3976322465470262,0.0,0.0128806704255282,0.3847515761214979,False,False
111,112,2489129,1018,Progne subis,Progne subis,Purple Martin,purmar,nodata_as_absence,both_classes,0.0068845809437334,0.0068845809437334,0.95181143283844,0.01,96,1,579752,574850,4902,0.0084553395244863,478761,100991,16941,0.4015305512375942,0.5030600438619418,579751,478760,100991,0,1,579752,0.8258028015475609,0.9999979112751456,0.0,0.904590595099536,0.8258013771405704,0.4999989556375728,0.8258013771405704,-0.0006031998159549,-3.449728669946288e-06,True,True,True,0.8258031020160345,0.999998275124536,0.9087992710775334,0.0068845809437334,0.9087992710775334,0.0,0.9045916299563632,-1.0348568273421677e-06,True,True
112,113,2489166,1019,Petrochelidon fulva,Petrochelidon fulva,Cave Swallow,cavswa,nodata_as_absence,both_classes,0.1500053595558711,5.359555871109478e-06,0.8111193776130676,0.01,83,1,579752,574850,4902,0.0084553395244863,31835,547917,16941,0.0423396965247185,0.3768865267831374,31620,13301,18319,529598,18534,579752,0.420651486401012,0.4178105858332024,0.9665661039902028,0.4192262233078559,0.9364331645255212,0.6921883449117027,0.2652031742233919,0.3856056119981693,0.3856031348958106,True,True,True,0.0549114103961694,0.0545405621714112,0.421959266544001,0.1400053595558711,0.4226563792507031,-0.0099999999999999,0.1041062023882129,0.315120020919643,False,False
113,114,2489181,1020,Tachycineta bicolor,Tachycineta bicolor,Tree Swallow,treswa,nodata_as_absence,both_classes,0.0046114875003695,0.0046114875003695,0.987837255001068,0.01,100,1,579752,574850,4902,0.0084553395244863,434425,145327,16941,0.5484668935038524,0.3082364794807184,579751,434424,145327,0,1,579752,0.7493285910675446,0.9999976981066928,0.0,0.8567033729845708,0.7493272985690433,0.4999988490533463,0.7493272985690433,-0.0007596175607102,-3.449739090962671e-06,True,True,True,0.7493290234445074,0.999998275124536,0.8608643440730663,0.0046114875003695,0.8608643440730663,0.0,0.8567045002992574,-1.1273146865997674e-06,True,True
114,115,2489202,1021,Stelgidopteryx serripennis,Stelgidopteryx serripennis,Northern Rough-winged Swallow,nrwswa,nodata_as_absence,both_classes,0.0103489883965812,0.0003489883965812,0.930613934993744,0.01,95,1,579752,574850,4902,0.0084553395244863,298884,280868,16941,0.0512893685466715,0.6303488228143114,567071,295134,271937,8931,3750,579752,0.5204533471117373,0.9874533263741117,0.0317978552202458,0.6816381913609829,0.5244742579585754,0.5096255907971787,0.5170342366521203,0.0657755343129822,0.0198216085855602,True,True,True,0.5155376781796355,0.9781268542411238,0.6855187775897651,0.0103489883965812,0.6855187775897651,0.0,0.6803363395080557,0.0013018518529271,False,False
115,116,2489590,1022,Seiurus aurocapilla,Seiurus aurocapilla,Ovenbird,ovenbi1,nodata_as_absence,both_classes,0.0103511463000904,0.0003511463000904,0.8755694627761841,0.01,89,1,579752,574850,4902,0.0084553395244863,350540,229212,16941,0.0161995531547837,0.7549359544039519,500859,328272,172587,56625,22268,579752,0.6554179918899331,0.9364751526216696,0.2470420396837861,0.7711355075587357,0.6638993914639363,0.5917585961527279,0.6275187478375231,0.2616900716810246,0.2070116103313098,True,True,True,0.6046378451475803,0.8639194000193186,0.7755406272185296,0.0103511463000904,0.7755406272185296,0.0,0.7536128441392596,0.0175226634194761,False,False
116,117,2489603,1023,Helmitheros vermivorum,Helmitheros vermivorum,Worm-eating Warbler,woewar1,nodata_as_absence,both_classes,0.010039746017137,3.974601713707671e-05,0.7591683268547058,0.01,77,1,579752,574850,4902,0.0084553395244863,109605,470147,16941,0.0020584940203481,0.3662094854356717,322249,79519,242730,227417,30086,579752,0.2467625966255907,0.7255052233018566,0.4837146679655512,0.3682679794560198,0.529426375415695,0.604609945633704,0.2256914584131579,0.164872435790252,0.1199723652202636,True,True,True,0.1890549752307883,0.5558393933957968,0.3723034929642089,0.010039746017137,0.3723034929642089,0.0,0.3179919838342107,0.0502759956218091,False,False
117,118,2489613,1024,Mniotilta varia,Mniotilta varia,Black-and-white Warbler,bawwar,nodata_as_absence,both_classes,0.0047982954420149,0.0047982954420149,0.9262024760246276,0.01,94,1,579752,574850,4902,0.0084553395244863,467986,111766,16941,0.0797230015532049,0.8136023272268229,579751,467985,111766,0,1,579752,0.8072172363652672,0.9999978631839412,0.0,0.8933253287800278,0.8072158440160621,0.4999989315919707,0.8072158440160621,-0.0006418265382141,-3.4497319631658327e-06,True,True,True,0.8072175688915261,0.999998275124536,0.8975245364798842,0.0047982954420149,0.8975245364798842,0.0,0.8933263850313723,-1.0562513445000477e-06,True,True
118,119,2489636,1025,Limnothlypis swainsonii,Limnothlypis swainsonii,Swainson's Warbler,swawar,nodata_as_absence,both_classes,0.0100059447447711,5.944744771113619e-06,0.784625768661499,0.01,80,1,579752,574850,4902,0.0084553395244863,118407,461345,16941,0.0007934565160506,0.4847155925541652,203173,78065,125108,336237,40342,579752,0.3842292036835603,0.6592937917521768,0.7288189966294205,0.4855090490702158,0.7146193544826064,0.6940563941907987,0.3205757345543396,0.3279431058709173,0.3065480174730206,True,True,True,0.2042373290648415,0.350448122645545,0.4855181078072232,0.0100059447447711,0.4855181078072232,0.0,0.3391978045115797,0.1463112445586361,False,False
119,120,2489670,1026,Geothlypis trichas,Geothlypis trichas,Common Yellowthroat,comyel,nodata_as_absence,both_classes,0.0070281201042234,0.0070281201042234,0.9048625826835632,0.01,91,1,579752,574850,4902,0.0084553395244863,568937,10815,16941,0.1067792550005988,0.8838047852261641,579751,568936,10815,0,1,579752,0.9813454396801384,0.9999982423361462,0.0,0.990584040226763,0.981343746981468,0.4999991211680731,0.981343746981468,-0.0001810758028647,-3.4494438776250186e-06,True,True,True,0.981345471856932,0.999998275124536,0.9948294523625923,0.0070281201042234,0.9948294523625923,0.0,0.990584918981552,-8.787547889355096e-07,True,True
120,121,2489871,1027,Protonotaria citrea,Protonotaria citrea,Prothonotary Warbler,prowar,nodata_as_absence,both_classes,0.010029769482353,2.9769482353003696e-05,0.9121693968772888,0.01,93,1,579752,574850,4902,0.0084553395244863,271185,308567,16941,0.0315359074366744,0.6380522459442404,427546,233931,193615,114952,37254,579752,0.5471481431237808,0.8626251451960839,0.3725349761964176,0.6695881533809148,0.6017797265037464,0.6175800606962507,0.5032938898450947,0.2666637219591716,0.2272241459625045,True,True,True,0.4677603527025348,0.7374636051277098,0.6742557220555301,0.010029769482353,0.6742557220555301,0.0,0.6373797355150851,0.0322084178658297,False,False
121,122,2489985,1028,Setophaga ruticilla,Setophaga ruticilla,American Redstart,amered,nodata_as_absence,both_classes,0.0007595000206492,0.0007595000206492,0.9230241179466248,0.01,94,1,579752,574850,4902,0.0084553395244863,488861,90891,16941,0.026862593555964,0.8880812775590898,579751,488860,90891,0,1,579752,0.8432240737834001,0.999997954428764,0.0,0.914943871115054,0.8432226193268846,0.499998977214382,0.8432226193268846,-0.0005663005608025,-3.449724874335306e-06,True,True,True,0.8432243442023486,0.999998275124536,0.9191602974494928,0.0007595000206492,0.9191602974494928,0.0,0.91494488650241,-1.0153873561957738e-06,True,True
122,123,2490327,1029,Passerina cyanea,Passerina cyanea,Indigo Bunting,indbun,nodata_as_absence,both_classes,0.002833150094375,0.002833150094375,0.9079508185386658,0.01,92,1,579752,574850,4902,0.0084553395244863,536644,43108,16941,0.0147885722315803,0.9465969588752412,579751,536643,43108,0,1,579752,0.9256439402433112,0.9999981365672588,0.0,0.9613855311068216,0.9256423436227904,0.4999990682836294,0.9256423436227904,-0.00037223314772,-3.4496828041577684e-06,True,True,True,0.9256440684982544,0.999998275124536,0.9656255145106628,0.002833150094375,0.9656255145106628,0.0,0.9613864614348314,-9.30328009962622e-07,True,True
123,124,2490384,1030,Cardinalis cardinalis,Cardinalis cardinalis,Northern Cardinal,norcar,nodata_as_absence,both_classes,0.0803874135017395,0.0803874135017395,0.9984787106513976,0.01,93,1,579752,574850,4902,0.0084553395244863,567081,12671,16941,0.948166615860297,0.0407838145427611,579751,567080,12671,0,1,579752,0.9781440652969982,0.9999982365834864,0.0,0.9889504304030582,0.9781423781202996,0.4999991182917431,0.9781423781202996,-0.0001963189144667,-3.449490593572921e-06,True,True,True,0.9781441029957636,0.999998275124536,0.9931957300359916,0.0803874135017395,0.9931957300359916,0.0,0.9889513120044504,-8.816013923329535e-07,True,True
124,125,2490494,1031,Pheucticus ludovicianus,Pheucticus ludovicianus,Rose-breasted Grosbeak,robgro,nodata_as_absence,both_classes,0.0501228051551152,0.0001228051551152,0.6824964284896851,0.01,70,1,579752,574850,4902,0.0084553395244863,124511,455241,16941,0.0009146781777043,0.4164777492535575,216166,71098,145068,310173,53413,579752,0.3289046381021992,0.571017821718563,0.6813380165670491,0.4173924274312618,0.6576449930315031,0.6261779191428061,0.2637371605355016,0.2143091097788519,0.1991140558933717,True,True,True,0.2147659688970456,0.3728594295491865,0.4179322060798796,0.0501228051551152,0.4179322060798796,0.0,0.3535923369536664,0.0638000904775954,False,False
125,126,2490804,1032,Catharus fuscescens,Catharus fuscescens,Veery,veery,nodata_as_absence,both_classes,0.0001354053238173,0.0001354053238173,0.7966725826263428,0.01,81,1,579752,574850,4902,0.0084553395244863,306876,272876,16941,0.0018091950058408,0.6904210213083476,579751,306875,272876,0,1,579752,0.5293220710270443,0.9999967413548144,0.0,0.6922302163141885,0.5293211580123915,0.4999983706774071,0.5293211580123915,-0.0012384556379832,-3.44975018650939e-06,True,True,True,0.5293228828878555,0.999998275124536,0.6960787093481527,0.0001354053238173,0.6960787093481527,0.0,0.6922316913068389,-1.474992650463136e-06,True,True
126,127,2490810,1033,Catharus guttatus,Catharus guttatus,Hermit Thrush,herthr,nodata_as_absence,both_classes,0.0101212566639878,0.0001212566639878,0.9717073440551758,0.01,99,1,579752,574850,4902,0.0084553395244863,427655,152097,16941,0.1894629638202332,0.6609257116198188,512461,399732,112729,39368,27923,579752,0.7800242359906412,0.9347067145245584,0.2588348225145795,0.850388675440052,0.7573928162386676,0.5967707685195689,0.739718422455143,0.2658106550700453,0.2359217799952405,True,True,True,0.7376516165532848,0.883931405152548,0.8544979398137015,0.0101212566639878,0.8544979398137015,0.0,0.8490212992365548,0.0013673762034972,False,False
127,128,2490821,1034,Catharus ustulatus,Catharus ustulatus,Swainson's Thrush,swathr,nodata_as_absence,both_classes,0.0001402775524184,0.0001402775524184,0.9644415974617004,0.01,98,1,579752,574850,4902,0.0084553395244863,330841,248911,16941,0.0638230832069086,0.6628250753536761,579751,330840,248911,0,1,579752,0.5706587828222806,0.99999697740002,0.0,0.7266481585605847,0.5706577985069478,0.4999984887000099,0.5706577985069478,-0.001139178104809,-3.4497489695537684e-06,True,True,True,0.5706595233824118,0.999998275124536,0.7305811039097263,0.0001402775524184,0.7305811039097263,0.0,0.7266495569370729,-1.3983764881597691e-06,True,True
128,129,2490941,1035,Sialia sialis,Sialia sialis,Eastern Bluebird,easblu,nodata_as_absence,both_classes,0.2500303786491713,3.0378649171325375e-05,0.9952507019042968,0.01,101,1,579752,574850,4902,0.0084553395244863,403868,175884,16941,0.8170927823093025,0.0428965781827345,466473,374242,92231,83653,29626,579752,0.802280089094117,0.9266443491437796,0.4756146096290737,0.859989360492037,0.7898118505843879,0.7011294793864267,0.7543695915532989,0.4663915302984063,0.4471857695733988,True,True,True,0.696622003891319,0.8046078323145069,0.8604312709364589,0.2400303786491713,0.8604370890487391,-0.01,0.8211870437770684,0.0388023167149685,False,False
129,130,2491123,1036,Ammodramus savannarum,Ammodramus savannarum,Grasshopper Sparrow,graspa,nodata_as_absence,both_classes,3.0840230465400964e-05,3.0840230465400964e-05,0.9047733545303344,0.01,92,1,579752,574850,4902,0.0084553395244863,427470,152282,16941,0.109907987496528,0.738902750166805,579751,427470,152281,1,0,579752,0.7373337864014033,1.0,6.566764292562482e-06,0.848810737663333,0.7373342394679104,0.5000032833821463,0.7373337864014033,0.0022004311350825,9.683747472870788e-06,True,True,True,0.7373325145924464,0.999998275124536,0.8529619811656768,3.0840230465400964e-05,0.8529619811656768,0.0,0.8488098949387524,8.427245806741368e-07,True,True
130,131,2491205,1037,Pipilo erythrophthalmus,Pipilo erythrophthalmus,Eastern Towhee,eastow,nodata_as_absence,both_classes,0.0202053569623967,0.0002053569623967,0.9907163977622986,0.01,101,1,579752,574850,4902,0.0084553395244863,467833,111919,16941,0.5605598410027185,0.3443124660310952,541463,456642,84821,27098,11191,579752,0.8433484836452352,0.9760790709505316,0.2421215343239307,0.9048723070338136,0.8343912569512482,0.609100302637231,0.8262710484317494,0.3467623067610417,0.2910314004235186,True,True,True,0.8069536629455353,0.9339562433592294,0.909151904593622,0.0202053569623967,0.909151904593622,0.0,0.8931647551272689,0.0117075519065448,False,False
131,132,2491728,1038,Pooecetes gramineus,Pooecetes gramineus,Vesper Sparrow,vesspa,nodata_as_absence,both_classes,0.0100000122979813,1.2297981299980164e-08,0.9561721682548524,0.01,97,1,579752,574850,4902,0.0084553395244863,200851,378901,16941,0.0505096957154901,0.4694562240042016,279192,124803,154389,224512,76048,579752,0.4470149574486375,0.6213710661136863,0.5925347254295977,0.5199659197196917,0.6025248727041908,0.606952895771642,0.3513202342078594,0.2037067135818862,0.1959484070854963,True,True,True,0.3464429618181567,0.4815714305427148,0.5204765916275346,0.0100000122979813,0.5204765916275346,0.0,0.5146047350573851,0.0053611846623066,False,False
132,133,2492109,1039,Spizella passerina,Spizella passerina,Chipping Sparrow,chispa,nodata_as_absence,both_classes,0.0004611088952515,0.0004611088952515,0.9954943656921388,0.01,101,1,579752,574850,4902,0.0084553395244863,379043,200709,16941,0.3090540589397481,0.4816121321294492,579751,379043,200708,1,0,579752,0.6538030982266525,1.0,4.982337613161343e-06,0.7906661910691973,0.653803695373194,0.5000024911688066,0.6538030982266525,0.0018048456354758,6.514914313492528e-06,True,True,True,0.65380197049773,0.999998275124536,0.7947293823619446,0.0004611088952515,0.7947293823619446,0.0,0.7906653664234795,8.24645717822925e-07,True,True
133,134,2492196,1040,Melospiza melodia,Melospiza melodia,Song Sparrow,sonspa,nodata_as_absence,both_classes,3.521632606862113e-06,3.521632606862113e-06,0.967930257320404,0.01,98,1,579752,574850,4902,0.0084553395244863,256406,323346,16941,0.0309137365015763,0.5823825702924826,579751,256406,323345,1,0,579752,0.4422691810794634,1.0,3.092662349310027e-06,0.613296306794059,0.4422701430956685,0.5000015463311747,0.4422691810794634,0.0011695252218676,2.735574747403621e-06,True,True,True,0.4422684182202045,0.999998275124536,0.6169129809745505,3.521632606862113e-06,0.6169129809745505,0.0,0.6132955733246588,7.334694002159026e-07,True,True
134,135,2492235,1041,Melospiza georgiana,Melospiza georgiana,Swamp Sparrow,swaspa,nodata_as_absence,both_classes,0.0002014775818679,0.0002014775818679,0.9757286906242372,0.01,99,1,579752,574850,4902,0.0084553395244863,473361,106391,16941,0.1182021228233154,0.7807734847094067,579751,473361,106390,1,0,579752,0.8164901828543634,1.0,9.399291293436476e-06,0.8989756075327221,0.8164904993859443,0.5000046996456468,0.8164901828543634,0.0027702759911025,1.5348740341076956e-05,True,True,True,0.8164887745104803,0.999998275124536,0.9031797063565506,0.0002014775818679,0.9031797063565506,0.0,0.8989747538963055,8.536364165534494e-07,True,True
135,136,2492870,1042,Lanius ludovicianus,Lanius ludovicianus,Loggerhead Shrike,logshr,nodata_as_absence,both_classes,0.9967808723449708,0.9967808723449708,1.0,0.01,2,1,579752,574850,4902,0.0084553395244863,290129,289623,16941,0.6670544591731513,-1.5323326675309443e-06,579751,290128,289623,0,1,579752,0.500435531805896,0.9999965532573442,0.0,0.6670529268404838,0.5004346686169259,0.4999982766286721,0.5004346686169259,-0.0013122005036857,-3.449750917592099e-06,True,True,True,0.5004363934923899,0.999998275124536,0.6708332466259257,0.9967808723449708,0.6708332466259257,0.0,0.6670544591731513,-1.5323326675309443e-06,True,True
136,137,2493598,1043,Lonchura punctulata,Lonchura punctulata,Scaly-breasted Munia,nutman,nodata_as_absence,both_classes,0.4429726588726044,0.4129726588726043,0.9999988675117492,0.01,60,1,579752,574850,4902,0.0084553395244863,7187,572565,16941,0.0243586173435132,0.0001353801614121,579569,7186,572383,182,1,579752,0.0123988688145846,0.9998608598859052,0.0003178678403325,0.0244939975049253,0.0127088824186893,0.5000893638631189,0.0123988474213641,0.0011132687857897,4.432642454749538e-06,True,True,True,0.0123966799597069,0.9996843477900896,0.0247003543844332,0.4429726588726044,0.0247003543844332,0.0,0.0244897681019663,4.229402959084194e-06,False,True
137,138,2493801,1044,Thryothorus ludovicianus,Thryothorus ludovicianus,Carolina Wren,carwre,nodata_as_absence,both_classes,0.1235200759302824,0.0035200759302824,0.9994062781333924,0.01,101,1,579752,574850,4902,0.0084553395244863,513945,65807,16941,0.907667594426956,0.0337962336978999,571401,510907,60494,5313,3038,579752,0.894130391791404,0.99408886164862,0.0807360919051164,0.941463828124856,0.890415212021692,0.5374124767768682,0.8894016597062525,0.199205389941774,0.1208125098525624,True,True,True,0.8864911203411113,0.985595565000207,0.945729144588695,0.1235200759302824,0.945729144588695,0.0,0.9398306843668768,0.0016331437579792,False,False
138,139,2493863,1045,Cistothorus palustris,Cistothorus palustris,Marsh Wren,marwre,nodata_as_absence,both_classes,0.0300340321857947,3.403218579478562e-05,0.9523995518684388,0.01,97,1,579752,574850,4902,0.0084553395244863,234661,345091,16941,0.123914655962302,0.5192216723598048,264751,160595,104156,240935,74066,579752,0.6065888325256562,0.6843702191672242,0.6981781617022756,0.6431363283221068,0.6925892450565069,0.6912741904347499,0.4739874327439296,0.3769631278663726,0.3748575896380446,True,True,True,0.4047610012557093,0.4566625039672136,0.6486432997019218,0.0300340321857947,0.6486432997019218,0.0,0.5762702707348728,0.0668660575872339,False,False
139,140,2493890,1046,Cistothorus platensis,Cistothorus stellaris,Sedge Wren,sedwre1,nodata_as_absence,both_classes,0.0100040044651541,4.004465154139325e-06,0.918993592262268,0.01,93,1,579752,574850,4902,0.0084553395244863,389913,189839,16941,0.0514150203923188,0.7588223721025732,515044,366615,148429,41410,23298,579752,0.7118129713189553,0.940248209215902,0.2181322067646795,0.810237392494892,0.7037923111951317,0.5791902079902908,0.6810076122613505,0.2360352689304933,0.1906156632955365,True,True,True,0.6725513667913177,0.888386758476038,0.8146493107095558,0.0100040044651541,0.8146493107095558,0.0,0.8042220766965911,0.0060153157983009,False,False
140,141,2494936,1047,Dumetella carolinensis,Dumetella carolinensis,Gray Catbird,grycat,nodata_as_absence,both_classes,0.0114490864798426,0.0114490864798426,0.9868078231811525,0.01,99,1,579752,574850,4902,0.0084553395244863,571055,8697,16941,0.5112848725544451,0.4811569464836899,579751,571054,8697,0,1,579752,0.9849987322143472,0.9999982488551892,0.0,0.992441819038135,0.984997033214202,0.4999991244275945,0.984997033214202,-0.0001620783521636,-3.4493662103987306e-06,True,True,True,0.984998758089666,0.999998275124536,0.9966873315740236,0.0114490864798426,0.9966873315740236,0.0,0.9924426945612947,-8.755231598600588e-07,True,True
141,142,2495310,1048,Patagioenas leucocephala,Patagioenas leucocephala,White-crowned Pigeon,whcpig2,nodata_as_absence,both_classes,0.2300011077966064,1.107796606447664e-06,0.948786199092865,0.01,96,1,579752,574850,4902,0.0084553395244863,3252,576500,16941,0.0759682224428997,0.1169105654358881,9948,1273,8675,567825,1979,579752,0.1279654201849618,0.3914514145141451,0.9849522983521248,0.1928787878787878,0.9816231768066346,0.688201856433135,0.1067326234593778,0.2164702346114028,0.1859966029250928,True,True,True,0.0056092950089003,0.0171590611157874,0.1928787878787878,0.2300011077966064,0.1928787878787878,0.0,0.0111560126517142,0.1817227752270736,False,False
142,143,2495347,1049,Zenaida macroura,Zenaida macroura,Mourning Dove,moudov,nodata_as_absence,both_classes,0.0593533404171466,0.0593533404171466,0.982113003730774,0.01,94,1,579752,574850,4902,0.0084553395244863,558337,21415,16941,0.8904261539265498,0.0907563205393966,579751,558336,21415,0,1,579752,0.9630617282247034,0.999998208966986,0.0,0.9811824744659464,0.963060067063158,0.4999991044834929,0.963060067063158,-0.0002572113221337,-3.449601745658292e-06,True,True,True,0.963061791938622,0.999998275124536,0.9854269290301856,0.0593533404171466,0.9854269290301856,0.0,0.9811833696661684,-8.952002220619093e-07,True,True
143,144,2495370,1050,Zenaida asiatica,Zenaida asiatica,White-winged Dove,whwdov,nodata_as_absence,both_classes,0.1006188116967678,0.0006188116967678,0.9338932037353516,0.01,95,1,579752,574850,4902,0.0084553395244863,97540,482212,16941,0.1001951977561733,0.3233436010740604,175677,57859,117818,364394,39681,579752,0.3293487479863613,0.5931822841911011,0.7556717792174397,0.4235387988302338,0.7283338392968027,0.6744270317042704,0.2686642706563025,0.2839655949195891,0.264379740468419,True,True,True,0.1682443527577309,0.3030209468876347,0.4239298078508233,0.1006188116967678,0.4239298078508233,0.0,0.2880293876201106,0.1355094112101231,False,False
144,145,2495414,1051,Columba livia,Columba livia,Rock Pigeon,rocpig,nodata_as_absence,both_classes,0.3306493902765214,0.0006493902765214,0.8793041110038757,0.01,89,1,579752,574850,4902,0.0084553395244863,28164,551588,16941,0.2576073122758301,0.2020419437217404,24524,12109,12415,539173,16055,579752,0.4937612135051378,0.42994603039341,0.977492258714838,0.4596492559975706,0.950892795540162,0.703719144554124,0.2984055792404939,0.4351961839974794,0.4340554081340805,True,True,True,0.0485793925678566,0.0423008458789275,0.4631921201109304,0.3206493902765214,0.4657359248106579,-0.01,0.0926575382125162,0.3669917177850544,False,False
145,146,2495696,1052,Streptopelia decaocto,Streptopelia decaocto,Eurasian Collared-Dove,eucdov,nodata_as_absence,both_classes,0.2601387419906678,0.0001387419906677,0.9580443501472472,0.01,97,1,579752,574850,4902,0.0084553395244863,68562,511190,16941,0.2706219163062679,0.1503807615690583,49442,24840,24602,486588,43722,579752,0.502406860563893,0.3622998162247309,0.9518730804593204,0.4210026778753262,0.8821496087982448,0.6570864483420257,0.2666265939633335,0.3632358510396525,0.3573128401146561,True,True,True,0.1182609115621852,0.0852812926906677,0.4243252476938845,0.2401387419906677,0.4262310949788264,-0.02,0.2115086208226261,0.2094940570527001,False,False
146,147,2495869,1053,Columbina passerina,Columbina passerina,Common Ground Dove,cogdov,nodata_as_absence,both_classes,0.142000855980441,0.0020008559804409,0.9543548822402954,0.01,97,1,579752,574850,4902,0.0084553395244863,350433,229319,16941,0.4960534722166062,0.2724616664908402,482399,320022,162377,66942,30411,579752,0.6633968975889254,0.9132187893263476,0.2919165005952407,0.7685151387074464,0.6674647090480067,0.6025676449607942,0.6240556931417094,0.2683397608927827,0.2277875391973771,True,True,True,0.6044532834729333,0.8320781989540356,0.7694676972016143,0.1020008559804409,0.7702032807399722,-0.04,0.7534694711267114,0.015045667580735,False,False
147,148,2496209,1054,Crotophaga ani,Crotophaga ani,Smooth-billed Ani,smbani,nodata_as_absence,both_classes,0.4600004422774111,4.4227741113900265e-07,0.9597305655479432,0.01,97,1,579752,574850,4902,0.0084553395244863,3916,575836,16941,0.1575362179794684,0.0067615415965373,8537,1023,7514,568322,2893,579752,0.1198313224786224,0.2612359550561798,0.9869511458123492,0.1642977595760058,0.9820492210462404,0.6240935504342646,0.089501312335958,0.1687708786443101,0.1564859066224781,True,True,True,0.0067546123169907,0.0147252618360954,0.1642977595760058,0.4600004422774111,0.1642977595760058,0.0,0.0134185872790696,0.1508791722969361,False,False
148,149,2496211,1055,Crotophaga sulcirostris,Crotophaga sulcirostris,Groove-billed Ani,grbani,nodata_as_absence,both_classes,0.0300364557017746,3.645570177468471e-05,0.9469183087348938,0.01,96,1,579752,574850,4902,0.0084553395244863,12083,567669,16941,0.0247961502472931,0.0253173195516304,341315,8855,332460,235209,3228,579752,0.0259437762770461,0.7328478026980054,0.4143418083425376,0.0501134697989235,0.4209800052436214,0.5735948055202715,0.0257007107966204,0.0427314492838487,0.0102687204494698,True,True,True,0.0208416702314092,0.5887258689922588,0.0503809149925182,0.0300364557017746,0.0503809149925182,0.0,0.0408323265775089,0.0092811432214146,False,False
149,150,2496287,1056,Coccyzus americanus,Coccyzus americanus,Yellow-billed Cuckoo,yebcuc,nodata_as_absence,both_classes,0.0037162494845688,0.0037162494845688,0.9999958872795104,0.01,101,1,579752,574850,4902,0.0084553395244863,439889,139863,16941,0.8363414256643685,0.0264885927735114,579751,439888,139863,0,1,579752,0.7587533268592896,0.9999977266992356,0.0,0.86283001843788,0.7587520181042928,0.4999988633496177,0.7587520181042928,-0.0007405580642235,-3.449738163867976e-06,True,True,True,0.7587537429797568,0.999998275124536,0.8669981808112045,0.0037162494845688,0.8669981808112045,0.0,0.8628311337029405,-1.1152650605250614e-06,True,True
150,151,2496294,1057,Coccyzus minor,Coccyzus minor,Mangrove Cuckoo,mancuc,nodata_as_absence,both_classes,0.4900001691807796,1.6918077960781377e-07,0.9804550409317015,0.01,100,1,579752,574850,4902,0.0084553395244863,6919,572833,16941,0.3719569142643671,0.0006708229619102,9521,3063,6458,566375,3856,579752,0.3217099044218044,0.442694030929325,0.9887262081618902,0.3726277372262773,0.9822096344643916,0.7157101195456076,0.2289751065261269,0.3686120265260187,0.3638338194543934,True,True,True,0.0119344133353571,0.016422539292663,0.3730361709901352,0.4900001691807796,0.3730361709901352,0.0,0.0235873257754346,0.3490404114508427,False,False
151,152,2497035,1058,Chordeiles minor,Chordeiles minor,Common Nighthawk,comnig,nodata_as_absence,both_classes,0.0007634859648533,0.0007634859648533,0.996044933795929,0.01,101,1,579752,574850,4902,0.0084553395244863,558615,21137,16941,0.4554710218295376,0.5259602577413561,579751,558614,21137,0,1,579752,0.9635412444307988,0.9999982098583104,0.0,0.9814312795708936,0.9635395824421475,0.4999991049291551,0.9635395824421475,-0.0002554727740866,-3.4495996261780075e-06,True,True,True,0.9635413073176116,0.999998275124536,0.985675769146616,0.0007634859648533,0.985675769146616,0.0,0.9814321743339364,-8.947630425470976e-07,True,True
152,153,2497240,1059,Athene cunicularia,Athene cunicularia,Burrowing Owl,burowl,nodata_as_absence,both_classes,0.0400000715012831,7.150128311650407e-08,0.936453640460968,0.01,95,1,579752,574850,4902,0.0084553395244863,46548,533204,16941,0.1413139597385258,0.116812786328229,123477,21944,101533,431671,24604,579752,0.1777173076767333,0.471427343817135,0.8095794480161439,0.2581267460667549,0.7824293835985042,0.6405033959166395,0.1481891667398248,0.1865123771979604,0.1601906579237938,True,True,True,0.0802895030978763,0.2129824476672784,0.2621164975483316,0.0400000715012831,0.2621164975483316,0.0,0.148644419607217,0.1094823264595379,False,False
153,154,2497415,1060,Megascops asio,Megascops asio,Eastern Screech-Owl,easowl1,nodata_as_absence,both_classes,0.0006223314558155,0.0006223314558155,0.9932877421379088,0.01,101,1,579752,574850,4902,0.0084553395244863,472296,107456,16941,0.098216348413514,0.7996427776521465,579751,472295,107456,0,1,579752,0.8146514624381846,0.9999978826837408,0.0,0.8978591260656605,0.8146500572658654,0.4999989413418703,0.8146500572658654,-0.000626451492309,-3.449730725130792e-06,True,True,True,0.8146517821413294,0.999998275124536,0.9020622740881158,0.0006223314558155,0.9020622740881158,0.0,0.8978601736802884,-1.0476146278248777e-06,True,True
154,155,2497541,1061,Strix varia,Strix varia,Barred Owl,brdowl,nodata_as_absence,both_classes,0.0605394014879129,0.0005394014879129,0.9996283650398254,0.01,101,1,579752,574850,4902,0.0084553395244863,371333,208419,16941,0.6729740150753389,0.1186427359371333,558569,368063,190506,17913,3270,579752,0.6589391820885154,0.991193887965788,0.0859470585695162,0.7916167510124723,0.6657605320895831,0.5385704732676522,0.6551040422612172,0.1972891686729335,0.0960741152801608,True,True,True,0.6405031806703556,0.963461963046268,0.7958101712212514,0.0705394014879129,0.795810427486582,0.01,0.7808618577729646,0.0107548932395077,False,False
155,157,2498080,1064,Anas fulvigula,Anas fulvigula,Mottled Duck,motduc,nodata_as_absence,both_classes,0.2400398642878281,3.986428782809526e-05,0.91272634267807,0.01,93,1,579752,574850,4902,0.0084553395244863,83847,495905,16941,0.3359742912574891,0.1583318982057602,158258,59837,98421,397484,24010,579752,0.3780977896851976,0.7136450916550383,0.8015325515975842,0.4943061894632494,0.7888217720680567,0.7575888216263112,0.3282913073057256,0.4067443049958564,0.3763977617516521,True,True,True,0.1446256330292953,0.2729753411803667,0.4952594572895931,0.2400398642878281,0.4952594572895931,0.0,0.2527038166121407,0.2416023728511086,False,False
156,158,2498112,1065,Anas acuta,Anas acuta,Northern Pintail,norpin,nodata_as_absence,both_classes,0.0901452443830203,0.0001452443830203,0.7248198390007019,0.01,74,1,579752,574850,4902,0.0084553395244863,76978,502774,16941,0.0148087312484761,0.4297664745631945,104863,40421,64442,438332,36557,579752,0.3854648446067726,0.5250980799709007,0.8718271032312729,0.4445752058116706,0.8257893030123226,0.6984625916010868,0.2858223730731155,0.3499219427705149,0.3441372687867938,True,True,True,0.1327774634671376,0.1808756157805406,0.4453613926840017,0.0901452443830203,0.4453613926840017,0.0,0.2344281515995919,0.2101470542120787,False,False
157,159,2498155,1066,Mareca americana,Mareca americana,American Wigeon,amewig,nodata_as_absence,both_classes,0.1602936525561381,0.0002936525561381,0.857803463935852,0.01,87,1,579752,574850,4902,0.0084553395244863,53795,525957,16941,0.0614969148990719,0.2988690400281054,84692,24953,59739,466218,28842,579752,0.2946323147404713,0.4638535179849428,0.8864184714720025,0.3603659549271772,0.847208806524169,0.6751359947284726,0.2197843817710994,0.2877407502082743,0.2784795768826352,True,True,True,0.0927896755854227,0.1460831527963681,0.3660300416593323,0.1602936525561381,0.3660300416593323,0.0,0.1698216549048452,0.190544300022332,False,False
158,160,2498167,1067,Anser caerulescens,Anser caerulescens,Snow Goose,snogoo,nodata_as_absence,both_classes,0.0900106711786429,1.0671178642951418e-05,0.7954461574554443,0.01,81,1,579752,574850,4902,0.0084553395244863,34962,544790,16941,0.0040952137189659,0.1682036132001532,110808,12558,98250,446540,22404,579752,0.1133311674247346,0.3591899776900635,0.8196552800161531,0.1722988269191191,0.7918868757675696,0.5894226288531083,0.0942707864156382,0.1082789602324251,0.0887533556538159,True,True,True,0.0603050959720708,0.1911300004139701,0.1731887106005337,0.0800106711786429,0.173271289902932,-0.0099999999999999,0.1137504595633091,0.05854836735581,False,False
159,161,2498252,1068,Alopochen aegyptiaca,Alopochen aegyptiaca,Egyptian Goose,egygoo,nodata_as_absence,both_classes,0.2800383229562431,3.8322956243064255e-05,0.9597331881523132,0.01,97,1,579752,574850,4902,0.0084553395244863,14903,564849,16941,0.4674667809687098,0.0938569277889948,15436,8515,6921,557928,6388,579752,0.5516325472920446,0.5713614708447964,0.9877471678271538,0.5613237087577047,0.9770436324497372,0.7795543193359751,0.3901667888563049,0.5496303024458715,0.5495408586155932,True,True,True,0.0257058190398653,0.0266251776621727,0.5613237087577047,0.2800383229562431,0.5613237087577047,0.0,0.0501231806677821,0.5112005280899224,False,False
160,162,2498256,1069,Aythya valisineria,Aythya valisineria,Canvasback,canvas,nodata_as_absence,both_classes,0.0501106044728658,0.0001106044728658,0.6832996606826782,0.01,70,1,579752,574850,4902,0.0084553395244863,28243,551509,16941,0.0018352509352721,0.133540733194664,100805,8735,92070,459439,19508,579752,0.0866524477952482,0.3092801756187374,0.8330580280648185,0.1353759841299361,0.8075418454787564,0.5711691018417779,0.0726022956787712,0.0808478416174654,0.0641505062637818,True,True,True,0.0487156577295119,0.1738760711476631,0.1357736846195694,0.0501106044728658,0.1357736846195694,0.0,0.0929053692875763,0.0424706148423597,False,False
161,163,2498257,1070,Aythya affinis,Aythya affinis,Lesser Scaup,lessca,nodata_as_absence,both_classes,0.1202341480285394,0.0002341480285394,0.8883118629455566,0.01,90,1,579752,574850,4902,0.0084553395244863,60411,519341,16941,0.0572044305703012,0.3172464097504932,103931,30769,73162,446179,29642,579752,0.2960521884711972,0.5093277714323551,0.8591253145813637,0.3744508403207944,0.8226759027998178,0.6842265430068594,0.2303534396921533,0.2934757086533229,0.2794910661439582,True,True,True,0.1042014516551905,0.1792680318481005,0.3856610158869426,0.1202341480285394,0.3856610158869426,0.0,0.188736306222009,0.1857145340987853,False,False
162,164,2498263,1071,Aythya americana,Aythya americana,Redhead,redhea,nodata_as_absence,both_classes,0.06009432452498,9.43245249800384e-05,0.9148781895637512,0.01,93,1,579752,574850,4902,0.0084553395244863,44278,535474,16941,0.0471545765777404,0.1910245333603262,147057,22786,124271,411203,21492,579752,0.1549467213393446,0.5146122227742898,0.7679233725633737,0.2381791099380667,0.748576977742207,0.6412677976688317,0.1351891734747758,0.1724656355467778,0.1368449601497088,True,True,True,0.0763740357946156,0.253655011108198,0.2396848521824196,0.06009432452498,0.2396848521824196,0.0,0.141909844078009,0.0962692658600576,False,False
163,165,2498264,1072,Aythya collaris,Aythya collaris,Ring-necked Duck,rinduc,nodata_as_absence,both_classes,0.1304395325668156,0.0004395325668156,0.8862019777297974,0.01,90,1,579752,574850,4902,0.0084553395244863,98165,481587,16941,0.0637489108683371,0.3138137186287433,167285,50112,117173,364414,48053,579752,0.2995606300624682,0.5104874446085672,0.7566940137503712,0.3775626294970804,0.7150057265865405,0.6335907291794691,0.2327132229332491,0.2211561010061272,0.2086869991533527,True,True,True,0.1693223999227255,0.288545791993818,0.3788027107010707,0.1304395325668156,0.3788027107010707,0.0,0.2896077248394715,0.0879549046576089,False,False
164,166,2498265,1073,Aythya marila,Aythya marila,Greater Scaup,gresca,nodata_as_absence,both_classes,0.1000306294678012,3.062946780119091e-05,0.8564049601554871,0.01,87,1,579752,574850,4902,0.0084553395244863,25129,554623,16941,0.0343234323432343,0.280752736453824,31981,8997,22984,531639,16132,579752,0.2813232857008849,0.3580325520315173,0.9585592375361282,0.3150761687970583,0.9325297713505084,0.6582958947838228,0.1869972772431567,0.2823843675004791,0.2801302257676771,True,True,True,0.0433443955346424,0.0551632422139121,0.3160279602374513,0.1000306294678012,0.3160279602374513,0.0,0.0830874171944564,0.2319887516026018,False,False
165,167,2498305,1074,Oxyura jamaicensis,Oxyura jamaicensis,Ruddy Duck,rudduc,nodata_as_absence,both_classes,0.0500210652560781,2.1065256078145467e-05,0.8173334002494812,0.01,83,1,579752,574850,4902,0.0084553395244863,63813,515939,16941,0.0136250329013578,0.3235262703436933,160128,37751,122377,393562,26062,579752,0.2357551458832933,0.5915879209565449,0.762807231087396,0.3371513032450511,0.7439612110005658,0.6771975760219704,0.2027552500134271,0.2480719913860687,0.2133205975823007,True,True,True,0.1100694779836895,0.2762008582980308,0.3434469331683619,0.0500210652560781,0.3434469331683619,0.0,0.1983109709197983,0.1388403323252528,False,False
166,168,2498329,1075,Bucephala albeola,Bucephala albeola,Bufflehead,buffle,nodata_as_absence,both_classes,0.1800259008556895,2.5900855689542368e-05,0.9197692275047302,0.01,93,1,579752,574850,4902,0.0084553395244863,37468,542284,16941,0.0554463430616462,0.172323494427105,56987,10757,46230,496054,26711,579752,0.1887623493077368,0.2870983239030639,0.914749467068916,0.2277698374887512,0.874185858780996,0.6009238954859899,0.1285215895242419,0.1666965083377005,0.1624557513271266,True,True,True,0.0646276338848335,0.0982954780664836,0.228243456858231,0.1800259008556895,0.228243456858231,0.0,0.1214088979618288,0.1063609395269224,False,False
167,170,2498375,1077,Mergus serrator,Mergus serrator,Red-breasted Merganser,rebmer,nodata_as_absence,both_classes,0.2600557973580726,5.579735807259567e-05,0.9383217096328736,0.01,95,1,579752,574850,4902,0.0084553395244863,31149,548603,16941,0.2819072082196179,0.3066944409923093,26333,16917,9416,539187,14232,579752,0.6424258534918164,0.5430992969276702,0.9828364044673472,0.5886016492119273,0.959210145027529,0.7629678506975086,0.417034389251818,0.569516870789017,0.5673013420695701,True,True,True,0.0537281458278712,0.0454211455932881,0.611959195485458,0.2300557973580726,0.6166201707667597,-0.03,0.1019772434486111,0.4866244057633161,False,False
168,171,2498387,1078,Aix sponsa,Aix sponsa,Wood Duck,wooduc,nodata_as_absence,both_classes,0.1201268626219825,0.0001268626219825,0.9079039692878724,0.01,92,1,579752,574850,4902,0.0084553395244863,304986,274766,16941,0.3091021422127323,0.4122717340736112,460556,276121,184435,90331,28865,579752,0.5995383840401601,0.9053563114372464,0.3287561051949659,0.7213738762863435,0.6320840635306131,0.6170562083161061,0.5641788971049465,0.2892503097509059,0.2408690190545882,True,True,True,0.5260628682609115,0.7944017441940692,0.7224591570817067,0.1201268626219825,0.7224591570817067,0.0,0.6894380031150464,0.031935873171297,False,False
169,172,2498393,1079,Dendrocygna autumnalis,Dendrocygna autumnalis,Black-bellied Whistling-Duck,bbwduc,nodata_as_absence,both_classes,0.2954846131242811,0.0054846131242811,0.9758583903312684,0.01,99,1,579752,574850,4902,0.0084553395244863,269739,310013,16941,0.646536768542593,0.102562826381453,318052,220157,97895,212118,49582,579752,0.6922044194031165,0.8161852753958456,0.6842229196840133,0.7490995949240461,0.7456205411969256,0.7502040975399294,0.59884831109201,0.5015743408888248,0.4946533179772225,True,True,True,0.4652661827816031,0.5486000910734244,0.7495025320226393,0.2954846131242811,0.7495025320226393,0.0,0.6350602890436744,0.1140393058803717,False,False
170,173,2498402,1080,Dendrocygna bicolor,Dendrocygna bicolor,Fulvous Whistling-Duck,fuwduc,nodata_as_absence,both_classes,0.3800114792046588,1.1479204658826347e-05,0.9375789761543274,0.01,95,1,579752,574850,4902,0.0084553395244863,30308,549444,16941,0.3318936232165388,0.0703688114274775,21141,10348,10793,538651,19960,579752,0.4894754268956057,0.3414280058070476,0.9803565058495496,0.4022624346440164,0.9469549048558694,0.6608922558282987,0.2517700299262791,0.3821096349044693,0.3754290544285563,True,True,True,0.0522775255626543,0.0364655921842443,0.4029516559257023,0.3800114792046588,0.4029516559257023,0.0,0.0993607186178408,0.3029017160261755,False,False
171,174,2498408,1081,Lophodytes cucullatus,Lophodytes cucullatus,Hooded Merganser,hoomer,nodata_as_absence,both_classes,0.2800379240482289,3.792404822888784e-05,0.9235826730728148,0.01,94,1,579752,574850,4902,0.0084553395244863,47650,532102,16941,0.0712177990188091,0.1372855575693177,81499,13464,68035,464067,34186,579752,0.1652044810365771,0.2825603357817419,0.8721391763233365,0.2085033565881268,0.8236815051953249,0.5773497560525391,0.1163850110213078,0.122240956940702,0.1168975584995349,True,True,True,0.0821903158591949,0.1405756254398432,0.2091852588403455,0.2800379240482289,0.2091852588403455,0.0,0.1518962323996417,0.0566071241884851,False,False
172,175,4409023,1114,Chaetura pelagica,Chaetura pelagica,Chimney Swift,chiswi,nodata_as_absence,both_classes,0.4567195761203766,0.4267195761203766,0.9999993443489076,0.01,59,4,579752,574850,4902,0.0084553395244863,169744,410008,16941,0.452944731824665,8.256520820981716e-06,579751,169743,410008,0,1,579752,0.2927860409037673,0.999994108775568,0.0,0.452952988345486,0.2927855358843091,0.4999970543877839,0.2927855358843091,-0.0020411653912752,-3.449754414866395e-06,True,True,True,0.2927872607597731,0.999998275124536,0.4559349873017876,0.4567195761203766,0.4559349873017876,0.0,0.4529550524619211,-2.0641164351076213e-06,False,True
173,176,4848480,1122,Larus smithsonianus,Larus smithsonianus,American Herring Gull,amhgul1,nodata_as_absence,both_classes,0.2402186138735851,0.0002186138735851,0.7832766175270081,0.01,80,1,579752,574850,4902,0.0084553395244863,32727,547025,16941,0.1813498464900869,0.3062067829270076,33493,16143,17350,529675,16584,579752,0.4819813095273639,0.4932624438536988,0.9682829852383348,0.4875566294170945,0.9414680760049124,0.7307727145460168,0.3223635601174192,0.4565567967921045,0.4565224384797805,True,True,True,0.0564499993100498,0.0577712539154673,0.5243446909409816,0.2402186138735851,0.5243446909409816,0.0,0.1068673374923875,0.380689291924707,False,False
174,177,5228136,1396,Porphyrio martinica,Porphyrio martinica,Purple Gallinule,purgal2,nodata_as_absence,both_classes,0.4411359363561496,0.0011359363561496,0.9767703413963318,0.01,99,1,579752,574850,4902,0.0084553395244863,115514,464238,16941,0.5271254987795102,0.0129840103422649,135424,67767,67657,396581,47747,579752,0.500406131852552,0.5866561628893467,0.85426225341312,0.5401095091217751,0.800942471953525,0.7204592081512333,0.3699657696906169,0.4162423204006266,0.4141104434121183,True,True,True,0.1992472643475141,0.2335895348355848,0.5406934299289495,0.4411359363561496,0.5406934299289495,0.0,0.3322872109379719,0.2078222981838032,False,False
175,178,5228199,1397,Gallinula chloropus,Gallinula galeata,Common Gallinule,comgal1,nodata_as_absence,both_classes,0.4935511269420385,0.0235511269420385,0.998944878578186,0.01,99,1,579752,574850,4902,0.0084553395244863,173352,406400,16941,0.5335804514204764,0.0002354597625038,273139,119172,153967,252433,54180,579752,0.4363053243952712,0.6874567354284923,0.6211441929133859,0.5338159111829802,0.6409723467965613,0.6543004641709391,0.3640851890663237,0.2830423141448618,0.2648828870299491,True,True,True,0.2990106114338545,0.4711307593591742,0.5347632936953107,0.4335511269420385,0.5355906447798141,-0.06,0.4603666957020544,0.0734492154809258,False,False
176,179,5228514,1398,Archilochus colubris,Archilochus colubris,Ruby-throated Hummingbird,rthhum,nodata_as_absence,both_classes,0.468627313375473,0.458627313375473,0.9999980926513672,0.01,56,1,579752,574850,4902,0.0084553395244863,108230,471522,16941,0.3146208197729265,1.133416222842687e-05,579748,108230,471518,4,0,579752,0.1866845594982647,1.0,8.48316727533392e-06,0.3146321539351549,0.1866901709696559,0.5000042415836377,0.1866845594982647,0.0012584420312218,3.1673476758228103e-06,True,True,True,0.1866832714678,0.999993100498144,0.3168900678694611,0.468627313375473,0.3168900678694611,0.0,0.3146303246305862,1.82930456865682e-06,False,True
177,180,5228824,1399,Dryocopus pileatus,Dryocopus pileatus,Pileated Woodpecker,pilwoo,nodata_as_absence,both_classes,0.027597760297358,0.007597760297358,0.9795194864273072,0.01,99,1,579752,574850,4902,0.0084553395244863,473441,106311,16941,0.3286417094381046,0.5706268093004585,578534,473004,105530,781,437,579752,0.8175906688284527,0.999076970520086,0.007346370554317,0.8992685187385632,0.8172201217072127,0.5032116705372015,0.8169735617155264,0.0542868859240701,0.0104153792857559,True,True,True,0.8166267645475996,0.9978991016848584,0.903478554026319,0.027597760297358,0.903478554026319,0.0,0.899058387209182,0.0002101315293812,False,True
178,181,5229128,1400,Himantopus mexicanus,Himantopus mexicanus,Black-necked Stilt,bknsti,nodata_as_absence,both_classes,0.850997075587511,0.010997075587511,0.9999957084655762,0.01,100,1,579752,574850,4902,0.0084553395244863,128030,451722,16941,0.3676787898368449,0.0568498434817577,412791,114797,297994,153728,13233,579752,0.2780995709693283,0.8966414121690229,0.3403155037833003,0.4245286333186026,0.4631721839683175,0.6184784579761616,0.2694613449007567,0.2170642260618705,0.1318704239938076,True,True,True,0.2208358056548317,0.7120130676565152,0.4252055707830209,0.850997075587511,0.4252055707830209,0.0,0.3617780616065398,0.0627505717120627,False,False
179,182,5229155,1401,Pelecanus erythrorhynchos,Pelecanus erythrorhynchos,American White Pelican,amwpel,nodata_as_absence,both_classes,0.6207293193484656,0.0007293193484656,0.9937564730644226,0.01,101,1,579752,574850,4902,0.0084553395244863,97773,481979,16941,0.4038048277516602,0.0250010234368624,200833,64022,136811,345168,33751,579752,0.3187822718377955,0.6548024505742894,0.7161473840146563,0.4288058511885226,0.7058017911106819,0.6854749172944729,0.2729171640009549,0.2919093334766681,0.2612095149709828,True,True,True,0.1686462487408409,0.3464119140598048,0.4300834007906784,0.6207293193484656,0.4300834007906784,0.0,0.2886181321722446,0.140187719016278,False,False
180,183,5229158,1402,Pelecanus occidentalis,Pelecanus occidentalis,Brown Pelican,brnpel,nodata_as_absence,both_classes,0.7498160980269313,0.0098160980269312,0.999872386455536,0.01,101,1,579752,574850,4902,0.0084553395244863,41354,538398,16941,0.2618686288612819,0.1378633591570059,60134,20284,39850,498548,21070,579752,0.3373133335550604,0.4904966871403008,0.9259841232694028,0.3997319880182878,0.8949205867336378,0.7082404052048519,0.2497906507068617,0.3515631413424899,0.3443062190308314,True,True,True,0.0713304999379044,0.1037236611516648,0.406175534151665,0.7498160980269313,0.406175534151665,0.0,0.1331624553618867,0.2665695326564011,False,False
181,184,5229205,1403,Eudocimus albus,Eudocimus albus,White Ibis,whiibi,nodata_as_absence,both_classes,0.2319970458745956,0.1819970458745956,0.9994384050369264,0.01,83,1,579752,574850,4902,0.0084553395244863,364503,215249,16941,0.7664317859781666,0.0056112999320714,579750,364502,215248,1,1,579752,0.6287227253126347,0.9999972565383548,4.645782326514873e-06,0.7720430859102381,0.6287222812512937,0.5000009511603407,0.6287216408423616,0.0004948453319358,2.392057075127777e-06,True,True,True,0.6287222812512937,0.999996550249072,0.7760719901293552,0.2319970458745956,0.7760719901293552,0.0,0.7720435687393765,-4.828291384484373e-07,False,True
182,185,5229247,1404,Sterna forsteri,Sterna forsteri,Forster's Tern,forter,nodata_as_absence,both_classes,0.2901943831448443,0.0001943831448443,0.9366816878318788,0.01,95,1,579752,574850,4902,0.0084553395244863,57345,522407,16941,0.2910116453236536,0.1891946415132815,64815,29331,35484,486923,28014,579752,0.4525341356167554,0.5114831284331677,0.9320759484463264,0.4802062868369351,0.8904738577874678,0.721779538439747,0.3159680703228517,0.4202318173336232,0.4192499195533486,True,True,True,0.0989129834825925,0.111797803198609,0.4984831876003773,0.2901943831448443,0.4984831876003773,0.0,0.1800196830309984,0.3001866038059367,False,False
183,186,5229400,1405,Calidris himantopus,Calidris himantopus,Stilt Sandpiper,stisan,nodata_as_absence,both_classes,0.1100312846023007,3.12846023007296e-05,0.88668292760849,0.01,90,1,579752,574850,4902,0.0084553395244863,148899,430853,16941,0.0801919603826444,0.4705399826986625,188354,92868,95486,335367,56031,579752,0.4930503201418605,0.6236979429008925,0.778379168765217,0.5507319430813069,0.7386520443224,0.7010385558330547,0.3800069562370849,0.3750792835620896,0.369997561366709,True,True,True,0.2568322317128703,0.324887193144655,0.554722289421104,0.1000312846023007,0.5550173923267291,-0.0099999999999999,0.4086977167395639,0.1420342263417429,False,False
184,187,5229662,1406,Tyrannus melancholicus,Tyrannus melancholicus,Tropical Kingbird,trokin,nodata_as_absence,both_classes,0.1000007651300961,7.651300961697416e-07,0.9058681726455688,0.01,92,1,579752,574850,4902,0.0084553395244863,36522,543230,16941,0.1817920735209649,0.2815543831719485,65078,23538,41540,501690,12984,579752,0.3616890500630013,0.644488253655331,0.9235314691751192,0.4633464566929134,0.9059528902013274,0.7840098614152251,0.3015295534318875,0.4371689929001608,0.4162356723594387,True,True,True,0.0629959016958975,0.1122514454456388,0.464077287066246,0.1000007651300961,0.464077287066246,0.0,0.1185252014526006,0.3448212552403127,False,False
185,188,5229675,1407,Tyrannus verticalis,Tyrannus verticalis,Western Kingbird,weskin,nodata_as_absence,both_classes,0.0600797617976786,7.976179767865688e-05,0.9249343276023864,0.01,94,1,579752,574850,4902,0.0084553395244863,96970,482782,16941,0.1176604958835007,0.2738231637606592,171690,52588,119102,363680,44382,579752,0.3062962315801735,0.5423120552748273,0.7533006615822462,0.3914836596441599,0.7180104596448137,0.6478063584285367,0.2433818356844015,0.2416472005360296,0.2260227917922245,True,True,True,0.1672611737432557,0.2961438684127006,0.3923526010482532,0.0600797617976786,0.3923526010482532,0.0,0.2865874022124299,0.10489625743173,False,False
186,189,5229678,1408,Tyrannus dominicensis,Tyrannus dominicensis,Gray Kingbird,grykin,nodata_as_absence,both_classes,0.2400058633067965,5.863306796527468e-06,0.9797602891921996,0.01,99,1,579752,574850,4902,0.0084553395244863,26260,553492,16941,0.274673504681257,0.1652435470159088,28714,12092,16622,536870,14168,579752,0.4211186180957024,0.4604722010662604,0.9699688523050016,0.4399170516971659,0.9468910844637016,0.7152205266856311,0.2819831164591204,0.4125523809142067,0.4120992481717221,True,True,True,0.0452952296844167,0.0495280740730519,0.4436372975253609,0.2400058633067965,0.4436372975253609,0.0,0.0866649505290324,0.3532521011681335,False,False
187,190,5229687,1409,Tyrannus forficatus,Tyrannus forficatus,Scissor-tailed Flycatcher,sctfly,nodata_as_absence,both_classes,0.0300018335970253,1.833597025324707e-06,0.9211958050727844,0.01,94,1,579752,574850,4902,0.0084553395244863,98757,480995,16941,0.1274299666374667,0.3742696276017616,153362,63244,90118,390877,35513,579752,0.4123837717296331,0.6404001741648693,0.8126425430617782,0.5016995942392283,0.7833021705832839,0.7265213586133237,0.3348457974851092,0.386127729667954,0.3714381704919952,True,True,True,0.1703435261974085,0.2645303509086644,0.5020819523115824,0.0300018335970253,0.5020819523115824,0.0,0.291100044361976,0.2105995498772522,False,False
188,191,5229688,1410,Tyrannus tyrannus,Tyrannus tyrannus,Eastern Kingbird,easkin,nodata_as_absence,both_classes,0.0004341667226981,0.0004341667226981,0.8244185447692871,0.01,84,1,579752,574850,4902,0.0084553395244863,447688,132064,16941,0.0262100766018857,0.8452518788037393,579751,447687,132064,0,1,579752,0.7722056538065479,0.9999977663015316,0.0,0.8714619554056251,0.7722043218479626,0.4999988831507657,0.7722043218479626,-0.0007133189204294,-3.4497367070180253e-06,True,True,True,0.7722060467234265,0.999998275124536,0.8756397079029903,0.0004341667226981,0.8756397079029903,0.0,0.8714630538036284,-1.0983980033296703e-06,True,True
189,192,5229734,1411,Contopus virens,Contopus virens,Eastern Wood-Pewee,eawpew,nodata_as_absence,both_classes,0.0112914316030219,0.0012914316030219,0.8051735162734985,0.01,82,1,579752,574850,4902,0.0084553395244863,377897,201855,16941,0.0031628859882566,0.7930267414984301,551251,369889,181362,20493,8008,579752,0.6709992362825645,0.9788090405586708,0.1015233707364197,0.7961896274866868,0.6733603333839296,0.5401662056475453,0.6613912337575256,0.1770078539684629,0.1004199779777932,True,True,True,0.6518252632159958,0.9508393244007782,0.8003319128588104,0.0112914316030219,0.8003319128588104,0.0,0.7892181791031996,0.0069714483834871,False,False
190,193,5229910,1412,Icterus pectoralis,Icterus pectoralis,Spot-breasted Oriole,spbori,nodata_as_absence,both_classes,0.3200075443649621,7.544364962086547e-06,0.9324175119400024,0.01,95,1,579752,574850,4902,0.0084553395244863,4219,575533,16941,0.4410598127875614,0.1435183059044046,5689,2896,2793,572740,1323,579752,0.509052557567235,0.6864185826025124,0.99514710711636,0.5845781186919661,0.992900412590211,0.8407828448594362,0.4130062749572162,0.5876920997462843,0.5810772067105662,True,True,True,0.0072772495825801,0.0098128165146476,0.5845781186919661,0.3200075443649621,0.5845781186919661,0.0,0.0144493476559623,0.5701287710360037,False,False
191,194,5229935,1413,Icterus spurius,Icterus spurius,Orchard Oriole,orcori,nodata_as_absence,both_classes,0.0300148992494359,1.489924943598453e-05,0.8974528312683105,0.01,91,1,579752,574850,4902,0.0084553395244863,182972,396780,16941,0.0260705634657629,0.5115345949645429,293452,128064,165388,231392,54908,579752,0.436405272412524,0.6999103687995978,0.5831745551691113,0.5376051584303058,0.6200168347845285,0.6415424619843546,0.3676197037547364,0.2631508240651183,0.2434755037309385,True,True,True,0.3156039133974527,0.5061681546592336,0.5386396471991066,0.0300148992494359,0.5386396471991066,0.0,0.4797856105222859,0.0578195479080198,False,False
192,195,5230862,1414,Passerina caerulea,Passerina caerulea,Blue Grosbeak,blugrb1,nodata_as_absence,both_classes,0.000284586334601,0.000284586334601,0.8263270258903503,0.01,84,1,579752,574850,4902,0.0084553395244863,471417,108335,16941,0.013557408335826,0.8833819962122577,579751,471417,108334,1,0,579752,0.8131370191685741,1.0,9.230627221119675e-06,0.8969394045480836,0.8131373414839449,0.5000046153136105,0.8131370191685741,0.0027396650714343,1.5011416735286629e-05,True,True,True,0.8131356166084809,0.999998275124536,0.9011417746538644,0.000284586334601,0.9011417746538644,0.0,0.8969385512700622,8.532780214620672e-07,True,True
193,196,5231132,1415,Zonotrichia leucophrys,Zonotrichia leucophrys,White-crowned Sparrow,whcspa,nodata_as_absence,both_classes,1.889747363748029e-05,1.889747363748029e-05,0.8629785776138306,0.01,88,1,579752,574850,4902,0.0084553395244863,145984,433768,16941,0.0167780539323147,0.3855258173154547,579751,145983,433768,0,1,579752,0.2518029291885654,0.9999931499342394,0.0,0.4023038712477695,0.2518024948598711,0.4999965749671197,0.2518024948598711,-0.0022638902661061,-3.449754875800943e-06,True,True,True,0.2518042197353351,0.999998275124536,0.4050397248738612,1.889747363748029e-05,0.4050397248738612,0.0,0.402306072731682,-2.201483912556146e-06,True,True
194,197,5231140,1416,Zonotrichia albicollis,Zonotrichia albicollis,White-throated Sparrow,whtspa,nodata_as_absence,both_classes,0.0300215651998587,2.1565199858741835e-05,0.8598237037658691,0.01,87,1,579752,574850,4902,0.0084553395244863,182962,396790,16941,0.0132769019839484,0.5810236226909172,292380,141248,151132,245658,41714,579752,0.4830973390792804,0.7720073020627234,0.6191133849139343,0.5943005246748657,0.6673646662710953,0.6955603434883288,0.4227792178249235,0.3635595352980499,0.3368421467081857,True,True,True,0.3155866646428127,0.5043190881618347,0.5946846021872073,0.0300215651998587,0.5946846021872073,0.0,0.4797656788783214,0.1145348457965443,False,False
195,198,5231142,1417,Passerculus sandwichensis,Passerculus sandwichensis,Savannah Sparrow,savspa,nodata_as_absence,both_classes,0.0206599496118724,0.0006599496118724,0.9914952516555786,0.01,101,1,579752,574850,4902,0.0084553395244863,325010,254742,16941,0.433474625344544,0.3037789863414452,471294,293539,177755,76987,31471,579752,0.6228362762946271,0.9031691332574382,0.3022155749738952,0.7372536116859892,0.6391112061709144,0.6026923541156667,0.583849313297465,0.2613906165098749,0.2189780998620353,True,True,True,0.5606017745518773,0.8129234569264099,0.7418202127363843,0.0206599496118724,0.7418202127363843,0.0,0.7184430822691492,0.01881052941684,False,False
196,199,5231190,1418,Passer domesticus,Passer domesticus,House Sparrow,houspa,nodata_as_absence,both_classes,0.9922946095466614,0.9922946095466614,1.0,0.01,2,1,579752,574850,4902,0.0084553395244863,33423,546329,16941,0.1090161862437314,1.7778996866391061e-07,579751,33423,546328,1,0,579752,0.0576506120731141,1.0,1.8303988988320224e-06,0.1090163640337,0.0576522375084518,0.5000009151994494,0.0576506120731141,0.0003248439884861,2.1104721143693014e-07,True,True,True,0.0576505126329879,0.999998275124536,0.1098949154325696,0.9922946095466614,0.1098949154325696,0.0,0.1090161862437314,1.7778996866391061e-07,True,True
197,200,5231640,1420,Spinus tristis,Spinus tristis,American Goldfinch,amegfi,nodata_as_absence,both_classes,0.0908901635301299,0.0008901635301299,0.99213707447052,0.01,101,1,579752,574850,4902,0.0084553395244863,459176,120576,16941,0.6337790634689653,0.2611107217798808,544637,449151,95486,25090,10025,579752,0.8246795572096645,0.9781674129309894,0.2080845276008492,0.8948897852488461,0.8180066649187928,0.5931259702659193,0.8097742408890459,0.3168990413746166,0.2521440887223977,True,True,True,0.792021416053761,0.9394309980819384,0.8959885575444203,0.0708901635301299,0.896238429075365,-0.0199999999999999,0.8839419093527174,0.0109478758961286,False,False
198,201,5231677,1421,Mimus polyglottos,Mimus polyglottos,Northern Mockingbird,normoc,nodata_as_absence,both_classes,0.0090199504047632,0.0090199504047632,0.9976741671562196,0.01,100,1,579752,574850,4902,0.0084553395244863,515617,64135,16941,0.8418325560110429,0.0996154322449587,579751,515616,64135,0,1,579752,0.8893749213024212,0.9999980605759702,0.0,0.9414479882560016,0.8893733872414412,0.4999990302879851,0.8893733872414412,-0.0004631942745007,-3.449709040263469e-06,True,True,True,0.8893751121169051,0.999998275124536,0.9456801037354672,0.0090199504047632,0.9456801037354672,0.0,0.941448954644508,-9.66388506329352e-07,True,True
199,202,5232437,1422,Branta canadensis,Branta canadensis,Canada Goose,cangoo,nodata_as_absence,both_classes,0.2600005633143019,5.633143018712872e-07,0.9440061450004578,0.01,96,1,579752,574850,4902,0.0084553395244863,38121,541631,16941,0.1805523853001597,0.0750292453756643,54773,11871,42902,498729,26250,579752,0.2167308710496047,0.3114031636106083,0.9207910920903716,0.255581630675824,0.8807214119140598,0.6160971278504899,0.1465139528282092,0.19675742958946,0.1930066310710008,True,True,True,0.0657539775628199,0.0944766037892064,0.255581630675824,0.2600005633143019,0.255581630675824,0.0,0.1233942897650488,0.1321873409107752,False,False
200,203,5789281,1431,Thalasseus maximus,Thalasseus maximus,Royal Tern,royter1,nodata_as_absence,both_classes,0.3101797993027139,0.0001797993027139,0.8745792508125305,0.01,89,1,579752,574850,4902,0.0084553395244863,32861,546891,16941,0.3370492115668619,0.2290326597781672,34684,19118,15566,531325,13743,579752,0.5512051666474455,0.58178387754481,0.9715372898804332,0.5660818713450292,0.9494456250258732,0.7766605837126216,0.3947797716150081,0.5394834530861693,0.53926188002662,True,True,True,0.0566811326222246,0.0598255805930811,0.6053831538948702,0.3101797993027139,0.6053831538948702,0.0,0.1072814321602708,0.4588004391847583,False,False
201,204,5789298,1433,Tringa semipalmata,Tringa semipalmata,Willet,willet1,nodata_as_absence,both_classes,0.3201509055582573,0.0001509055582573,0.9527164697647096,0.01,97,1,579752,574850,4902,0.0084553395244863,24731,555021,16941,0.5092864902101052,0.0914423338944188,31524,16897,14627,540394,7834,579752,0.5360043141733283,0.683231571711617,0.9736460422218258,0.600728824104524,0.9612575722032868,0.8284388069667215,0.4293155139996951,0.5854081202626944,0.5806816348033906,True,True,True,0.0426578950999737,0.054374974126868,0.6501471748206006,0.3201509055582573,0.6501471748206006,0.0,0.0818252953350218,0.5189035287695022,False,False
202,205,5959118,1445,Bubo virginianus,Bubo virginianus,Great Horned Owl,grhowl,nodata_as_absence,both_classes,0.0010767417261376,0.0010767417261376,0.99127858877182,0.01,101,1,579752,574850,4902,0.0084553395244863,431059,148693,16941,0.4673497971749845,0.3855483735989493,579751,431059,148692,1,0,579752,0.7435243751196634,1.0,6.725266152407982e-06,0.8528981707739338,0.7435248175081759,0.5000033626330762,0.7435243751196634,0.0022361572649262,1.0000748619332909e-05,True,True,True,0.7435230926327119,0.999998275124536,0.8570545218847052,0.0010767417261376,0.8570545218847052,0.0,0.8528973269978265,8.43776107317673e-07,True,True
203,206,5959228,1446,Ara severus,Ara severus,Chestnut-fronted Macaw,chfmac1,nodata_as_absence,both_classes,0.4400088327906269,8.832790626911446e-06,0.9456720352172852,0.01,96,1,579752,574850,4902,0.0084553395244863,950,578802,16941,0.2351212343864805,0.0274782351095406,558,198,360,578442,752,579752,0.3548387096774194,0.2084210526315789,0.9993780256460758,0.2625994694960212,0.9980819384840416,0.6038995391388273,0.1511450381679389,0.2710449402404344,0.2617041570415023,True,True,True,0.0016386316907919,0.0009624805089072,0.2625994694960212,0.4400088327906269,0.2625994694960212,0.0,0.0032719019393768,0.2593275675566444,False,False
204,207,5959231,1447,Ara ararauna,Ara ararauna,Blue-and-yellow Macaw,baymac,nodata_as_absence,both_classes,0.3900253652087849,2.53652087849332e-05,0.7634590864181519,0.01,78,1,579752,574850,4902,0.0084553395244863,834,578918,16941,0.3444108761329305,0.0429620505658388,1035,362,673,578245,472,579752,0.3497584541062802,0.434052757793765,0.9988374864834052,0.3873729266987694,0.9980250175937296,0.7164451221385851,0.2402123424021234,0.388656607480945,0.3863952989557707,True,True,True,0.0014385461369689,0.0017852461052312,0.3873729266987694,0.3900253652087849,0.3873729266987694,0.0,0.0028729593893066,0.3844999673094627,False,False
205,208,6065818,1465,Chroicocephalus philadelphia,Chroicocephalus philadelphia,Bonaparte's Gull,bongul,nodata_as_absence,both_classes,0.2803468180657364,0.0003468180657364,0.8832710385322571,0.01,90,1,579752,574850,4902,0.0084553395244863,47961,531791,16941,0.0323790792540792,0.2634183665433666,86719,19919,66800,464991,28042,579752,0.2296959143901567,0.41531661141344,0.8743867421599839,0.2957974457974458,0.8364093612441181,0.644851676786712,0.173569418182135,0.2237551314998366,0.2118308480458421,True,True,True,0.0827267521284963,0.1495794753618788,0.3063825205534235,0.2803468180657364,0.3063825205534235,0.0,0.1528118742164014,0.1429855715810443,False,False
206,209,6065844,1467,Leucophaeus atricilla,Leucophaeus atricilla,Laughing Gull,laugul,nodata_as_absence,both_classes,0.5609239695593715,0.0109239695593714,0.9744925498962402,0.01,98,1,579752,574850,4902,0.0084553395244863,61711,518041,16941,0.2575938373234649,0.0032689444847884,220307,36784,183523,334518,24927,579752,0.1669670051337451,0.5960687721800003,0.645736534366971,0.2608627818082534,0.6404497095309719,0.6209026532734856,0.1499955144882031,0.1536380598730143,0.1134215448933936,True,True,True,0.1064437897583794,0.3800021388455754,0.2649666846749505,0.5609239695593715,0.2649666846749505,0.0,0.1924070445216637,0.0684557372865896,False,False
207,210,6092631,1469,Setophaga virens,Setophaga virens,Black-throated Green Warbler,btnwar,nodata_as_absence,both_classes,0.0002249308454338,0.0002249308454338,0.764464795589447,0.01,78,1,579752,574850,4902,0.0084553395244863,176929,402823,16941,0.0034728486379217,0.4641726554060599,579751,176929,402822,1,0,579752,0.305181017367801,1.0,2.482479898119025e-06,0.4676455040439816,0.305182215844016,0.500001241239949,0.305181017367801,0.0008704055037182,1.515210333907146e-06,True,True,True,0.305180490968552,0.999998275124536,0.4706948061794838,0.0002249308454338,0.4706948061794838,0.0,0.4676448860219828,6.18021998743945e-07,True,True
208,211,6092935,1470,Setophaga striata,Setophaga striata,Blackpoll Warbler,bkpwar,nodata_as_absence,both_classes,6.086400389904156e-06,6.086400389904156e-06,0.7862849831581116,0.01,80,1,579752,574850,4902,0.0084553395244863,204493,375259,16941,0.0024610456514202,0.5190424660107665,579751,204493,375258,1,0,579752,0.3527255666656892,1.0,2.664826160065448e-06,0.5215035116621868,0.3527266831334777,0.50000133241308,0.3527255666656892,0.0009695113807349,1.8799028677758404e-06,True,True,True,0.3527249582580137,0.999998275124536,0.5247837278114101,0.0100060864003899,0.5259871777300623,0.01,0.5215028466869409,6.649752458676161e-07,True,True
209,212,6092942,1471,Setophaga pensylvanica,Setophaga pensylvanica,Chestnut-sided Warbler,chswar,nodata_as_absence,both_classes,9.059835974767338e-06,9.059835974767338e-06,0.6595138907432556,0.01,67,1,579752,574850,4902,0.0084553395244863,82141,497611,16941,9.734728644439036e-05,0.2481032655023489,579751,82141,497610,1,0,579752,0.1416832398736699,1.0,2.0096018777719944e-06,0.2482006127887933,0.1416847203631897,0.5000010048009389,0.1416832398736699,0.0005335980743021,5.694536476613326e-07,True,True,True,0.1416829954877257,0.999998275124536,0.2500525122147978,9.059835974767338e-06,0.2500525122147978,0.0,0.2482002378027868,3.749860064961031e-07,True,True
210,213,6093199,1472,Setophaga fusca,Setophaga fusca,Blackburnian Warbler,bkbwar,nodata_as_absence,both_classes,6.326646598608932e-06,6.326646598608932e-06,0.6143319010734558,0.01,63,1,579752,574850,4902,0.0084553395244863,121767,457985,16941,0.0010831657982193,0.3460697226522552,579751,121767,457984,1,0,579752,0.210033272905092,1.0,2.18347762481304e-06,0.3471528884504745,0.2100346354993169,0.5000010917388124,0.210033272905092,0.000677202297585,9.172054830628728e-07,True,True,True,0.2100329106238529,0.999998275124536,0.3495957600744169,6.326646598608932e-06,0.3495957600744169,0.0,0.3471523935916205,4.948588540609755e-07,True,True
211,214,6093202,1473,Setophaga castanea,Setophaga castanea,Bay-breasted Warbler,babwar,nodata_as_absence,both_classes,9.394613152835518e-05,9.394613152835518e-05,0.6423730254173279,0.01,66,1,579752,574850,4902,0.0084553395244863,282132,297620,16941,7.088252285075331e-05,0.654616586658001,579751,282132,297619,1,0,579752,0.4866434038061167,1.0,3.3599892480344065e-06,0.6546874691808517,0.4866442892823138,0.500001679994624,0.4866434038061167,0.001278716780376,3.270227861543874e-06,True,True,True,0.4866425644068498,0.999998275124536,0.6584323339723984,9.394613152835518e-05,0.6584323339723984,0.0,0.6546867095804075,7.596004442111948e-07,True,True
212,215,6093209,1474,Setophaga magnolia,Setophaga magnolia,Magnolia Warbler,magwar,nodata_as_absence,both_classes,5.693712864740519e-06,5.693712864740519e-06,0.7583016157150269,0.01,77,1,579752,574850,4902,0.0084553395244863,233053,346699,16941,0.0015087352341111,0.5719456276873313,579751,233053,346698,1,0,579752,0.4019880948890127,1.0,2.8843463638487565e-06,0.5734543629214424,0.401989126385075,0.5000014421731819,0.4019880948890127,0.0010767882334997,2.3189431109062823e-06,True,True,True,0.401987401509611,0.999998275124536,0.5769338360345686,5.693712864740519e-06,0.5769338360345686,0.0,0.5734536573963005,7.055251418641717e-07,True,True
213,216,6093345,1475,Setophaga americana,Setophaga americana,Northern Parula,norpar,nodata_as_absence,both_classes,0.0073312330059707,0.0073312330059707,0.8968637585639954,0.01,90,1,579752,574850,4902,0.0084553395244863,498557,81195,16941,0.1266169555639783,0.7980854485728731,579751,498557,81194,1,0,579752,0.859950220008245,1.0,1.2316029312149762e-05,0.9247024041368516,0.8599504615766742,0.5000061580146561,0.859950220008245,0.0032544081054181,2.118211989002949e-05,True,True,True,0.8599487367012102,0.999998275124536,0.9289253087834426,0.0073312330059707,0.9289253087834426,0.0,0.9247015465882228,8.575486285522516e-07,True,True
214,217,6093357,1476,Setophaga tigrina,Setophaga tigrina,Cape May Warbler,camwar,nodata_as_absence,both_classes,0.0200277306335192,2.773063351924065e-05,0.8604280352592468,0.01,88,1,579752,574850,4902,0.0084553395244863,169500,410252,16941,0.0147722753748625,0.5070452771210993,350540,135683,214857,195395,33817,579752,0.3870685228504593,0.8004896755162242,0.4762804325146495,0.5218175524959618,0.5710683188673777,0.6383850540154369,0.3530129541025661,0.2574790638994754,0.2107285375164393,True,True,True,0.2923663911465592,0.6046378451475803,0.5266512313033825,0.0200277306335192,0.5266512313033825,0.0,0.4524512447080555,0.0693663077879063,False,False
215,218,6093374,1477,Setophaga citrina,Setophaga citrina,Hooded Warbler,hoowar,nodata_as_absence,both_classes,0.0200182524145202,1.825241452024784e-05,0.9019989371299744,0.01,92,1,579752,574850,4902,0.0084553395244863,244450,335302,16941,0.0408901262865669,0.6227702473806541,368930,203538,165392,169910,40912,579752,0.551698154121378,0.8326365309879321,0.5067372100375184,0.663660373667221,0.6441512922766977,0.6696868705127252,0.496625528862342,0.3483865484704639,0.3174717792494929,True,True,True,0.4216458071727221,0.636358304930384,0.6656746096637254,0.0200182524145202,0.6656746096637254,0.0,0.5931798272753525,0.0704805463918685,False,False
216,219,6093856,1478,Parkesia noveboracensis,Parkesia noveboracensis,Northern Waterthrush,norwat,nodata_as_absence,both_classes,8.441616228083149e-05,8.441616228083149e-05,0.8196510672569275,0.01,83,1,579752,574850,4902,0.0084553395244863,441226,138526,16941,0.0055681350815108,0.858751041550284,579751,441225,138526,0,1,579752,0.7610594893324893,0.999997733587776,0.0,0.8643191766317948,0.7610581765996495,0.4999988667938879,0.7610581765996495,-0.0007358924474504,-3.4497379256259887e-06,True,True,True,0.7610599014751135,0.999998275124536,0.8684890387028517,8.441616228083149e-05,0.8684890387028517,0.0,0.8643202889778232,-1.112346028397937e-06,True,True
217,220,6093862,1479,Parkesia motacilla,Parkesia motacilla,Louisiana Waterthrush,louwat,nodata_as_absence,both_classes,0.0002218895388068,0.0002218895388068,0.8000599145889282,0.01,81,1,579752,574850,4902,0.0084553395244863,348068,231684,16941,0.00268500271082,0.7476057328744611,579751,348067,231684,0,1,579752,0.6003732636942412,0.9999971269981728,0.0,0.7502907355852811,0.6003722281251294,0.4999985634990864,0.6003722281251294,-0.0010715075098271,-3.449747938794815e-06,True,True,True,0.6003739530005934,0.999998275124536,0.7542758449568054,0.0002218895388068,0.7542758449568054,0.0,0.7502920825160052,-1.346930724066553e-06,True,True
218,221,6101173,1481,Antrostomus carolinensis,Antrostomus carolinensis,Chuck-will's-widow,chwwid,nodata_as_absence,both_classes,0.0086495522409677,0.0086495522409677,0.9990774393081664,0.01,101,1,579752,574850,4902,0.0084553395244863,519758,59994,16941,0.8111836598024443,0.1342528941502745,579751,519758,59993,1,0,579752,0.8965193677975545,1.0,1.666833350001667e-05,0.9454365539527188,0.896519546288758,0.5000083341667501,0.8965193677975545,0.0038656802521255,2.9886521014179105e-05,True,True,True,0.896517821413294,0.999998275124536,0.9496705210180456,0.0086495522409677,0.9496705210180456,0.0,0.9454356940819092,8.598708096663188e-07,True,True
219,222,6101178,1482,Antrostomus vociferus,Antrostomus vociferus,Eastern Whip-poor-will,easwpw1,nodata_as_absence,both_classes,0.0204771100357174,0.0004771100357174,0.892451286315918,0.01,91,1,579752,574812,4940,0.008520884792118,361010,218742,16941,0.0407705305846569,0.7535453161631622,502795,343067,159728,59014,17943,579752,0.6823198321383467,0.950297775684884,0.2697881522524252,0.7943158467478192,0.6935396514371662,0.6100429639686547,0.6588092284411738,0.3144115131307084,0.2523108634773455,True,True,True,0.6226972912555714,0.8672587589176062,0.798167133336513,0.0204771100357174,0.798167133336513,0.0,0.7674842308681685,0.0268316158796506,False,False
220,223,7341544,1502,Peucaea aestivalis,Peucaea aestivalis,Bachman's Sparrow,bacspa,nodata_as_absence,both_classes,0.0200000395675066,3.9567506604498703e-08,0.9776564836502076,0.01,99,1,579752,574850,4902,0.0084553395244863,281820,297932,16941,0.3026079667540318,0.4908055558180321,361741,255305,106436,191496,26515,579752,0.7057673860579807,0.905915123128238,0.642750694789415,0.7934135225720639,0.7706760821868661,0.7743329089588264,0.6575687175471854,0.566127582374534,0.5444905747817943,True,True,True,0.4861044032620845,0.6239581752197492,0.7934727037371428,0.0200000395675066,0.7934727037371428,0.0,0.6541995329467531,0.1392139896253107,False,False
221,224,7341606,1503,Cardellina pusilla,Cardellina pusilla,Wilson's Warbler,wlswar,nodata_as_absence,both_classes,0.0600011666998034,1.1666998034343123e-06,0.7440846562385559,0.01,76,1,579752,574850,4902,0.0084553395244863,24130,555622,16941,0.0013251615040583,0.1725971149877658,41796,5733,36063,519559,18397,579752,0.1371662360034453,0.2375880646498135,0.9350943627142194,0.1739222764918241,0.906063282231023,0.5863412136820165,0.0952436329805791,0.133344707903477,0.1278976230953517,True,True,True,0.0416212449461148,0.0720928948929887,0.173956579127031,0.0600011666998034,0.173956579127031,0.0,0.0799162750338642,0.0940060014579599,False,False
222,225,7341789,1504,Setophaga discolor,Setophaga discolor,Prairie Warbler,prawar,nodata_as_absence,both_classes,0.0006715010968036,0.0006715010968036,0.916848361492157,0.01,93,1,579752,574850,4902,0.0084553395244863,524846,54906,16941,0.0298969478323024,0.9203953307091024,579751,524845,54906,0,1,579752,0.9052938244177242,0.9999980946792012,0.0,0.9502922785414047,0.9052922628986187,0.4999990473396005,0.9052922628986187,-0.0004247889430266,-3.449699999298568e-06,True,True,True,0.9052939877740828,0.999998275124536,0.9545283010289216,0.0006715010968036,0.9545283010289216,0.0,0.9502932288488662,-9.50307461500266e-07,True,True
223,226,7341800,1505,Setophaga dominica,Setophaga dominica,Yellow-throated Warbler,yetwar,nodata_as_absence,both_classes,0.0030431002378463,0.0030431002378463,0.8143836259841919,0.01,83,1,579752,574850,4902,0.0084553395244863,477184,102568,16941,0.0218669968178778,0.8810891925409758,579751,477183,102568,0,1,579752,0.8230826682489552,0.9999979043723176,0.0,0.9029561893588536,0.8230812485338559,0.4999989521861588,0.8230812485338559,-0.0006088947839441,-3.449729194643274e-06,True,True,True,0.8230829734093198,0.999998275124536,0.9071635585575738,0.0030431002378463,0.9071635585575738,0.0,0.9029572273060998,-1.0379472461519157e-06,True,True
224,227,7341805,1506,Setophaga coronata,Setophaga coronata,Yellow-rumped Warbler,yerwar,nodata_as_absence,both_classes,0.0312658362090587,0.0312658362090587,0.9142743945121764,0.01,90,1,579752,574850,4902,0.0084553395244863,569794,9958,16941,0.2393622525014323,0.751974319794563,579751,569793,9958,0,1,579752,0.982823660502526,0.9999982449797646,0.0,0.9913365722959954,0.9828219652541088,0.4999991224898823,0.9828219652541088,-0.0001736226465294,-3.449416425876764e-06,True,True,True,0.9828236901295726,0.999998275124536,0.995582028632508,0.0312658362090587,0.995582028632508,0.0,0.9913374497410282,-8.774450328541405e-07,True,True
225,228,7341816,1507,Setophaga pinus,Setophaga pinus,Pine Warbler,pinwar,nodata_as_absence,both_classes,0.0416724523156881,0.0016724523156881,0.9562484622001648,0.01,97,1,579752,574850,4902,0.0084553395244863,512236,67516,16941,0.474629416353977,0.4723371929507357,547700,501862,45838,21678,10374,579752,0.9163081979185684,0.9797476163330964,0.3210794478345873,0.9469666093047128,0.9030413004181098,0.6504135320838419,0.8992750065403513,0.4222370793615754,0.389681037861694,True,True,True,0.8835433081731499,0.9447142916281444,0.9474269435852224,0.0416724523156881,0.9474269435852224,0.0,0.9381714817378946,0.0087951275668182,False,False
226,229,7341822,1508,Setophaga palmarum,Setophaga palmarum,Palm Warbler,palwar,nodata_as_absence,both_classes,0.0050448784604668,0.0050448784604668,0.9748857617378236,0.01,98,1,579752,574850,4902,0.0084553395244863,566470,13282,16941,0.6053027256887329,0.3831087586585264,579751,566469,13282,0,1,579752,0.977090164570652,0.9999982346814482,0.0,0.9884114843472592,0.9770884792118008,0.4999991173407241,0.9770884792118008,-0.0002011048420614,-3.449503116568748e-06,True,True,True,0.9770902040872648,0.999998275124536,0.9926567418924944,0.0050448784604668,0.9926567418924944,0.0,0.9884123668887876,-8.825415283020277e-07,True,True
227,230,7341828,1509,Setophaga caerulescens,Setophaga caerulescens,Black-throated Blue Warbler,btbwar,nodata_as_absence,both_classes,0.0100145209578477,1.4520957847707903e-05,0.90950345993042,0.01,92,1,579752,574850,4902,0.0084553395244863,172940,406812,16941,0.0274667470386524,0.4992401566345361,376637,144733,231904,174908,28207,579752,0.3842771687327586,0.8368971897768012,0.4299479858017954,0.5267069036731886,0.551340918185707,0.6334225877892983,0.3575031370107992,0.2559006981497823,0.1993514901035649,True,True,True,0.29829996274269,0.6496519201313665,0.5313311086392287,0.0100145209578477,0.5313311086392287,0.0,0.4595239487067751,0.0671829549664134,False,False
228,231,7415507,1515,Leiothlypis peregrina,Leiothlypis peregrina,Tennessee Warbler,tenwar,nodata_as_absence,both_classes,0.0100107044297692,1.0704429769248236e-05,0.8332638740539551,0.01,85,1,579752,574850,4902,0.0084553395244863,115032,464720,16941,0.0019590336589721,0.3751105191312172,239030,66753,172277,292443,48279,579752,0.2792662008952851,0.5802993949509702,0.6292886038905147,0.3770695527901893,0.6195683671638907,0.6047939994207424,0.2323387015373691,0.1698029121469456,0.1491134934802948,True,True,True,0.1984158743738702,0.4122969821578882,0.3820416993366795,0.0100107044297692,0.3820416993366795,0.0,0.3311302505526897,0.0459393022374995,False,False
229,232,7531611,1519,Leiothlypis ruficapilla,Leiothlypis ruficapilla,Nashville Warbler,naswar,nodata_as_absence,both_classes,0.0400031522424706,3.1522424706054157e-06,0.6302850842475891,0.01,65,1,579752,574850,4902,0.0084553395244863,27389,552363,16941,7.300602299689725e-05,0.181323283706527,56648,7622,49026,503337,19767,579752,0.1345502047733371,0.2782869035014056,0.91124314988513,0.1813962897295239,0.8813406422056328,0.5947650266932678,0.0997448144997709,0.135422913069673,0.1257120287185025,True,True,True,0.0472426140832631,0.0977107452841904,0.181543188557682,0.0300031522424706,0.1818130919609947,-0.01,0.090222864211114,0.0911734255184098,False,False
230,233,7751637,1535,Rallus crepitans,Rallus crepitans,Clapper Rail,clarai11,nodata_as_absence,both_classes,0.4100098558139143,9.855813914327882e-06,0.9843875169754028,0.01,100,1,579752,574850,4902,0.0084553395244863,24972,554780,16941,0.5223540504439381,0.0311026840854862,17221,11676,5545,549235,13296,579752,0.6780094071192149,0.4675636713118692,0.9900050470456756,0.5534567345294243,0.9675016213829362,0.7287843591787725,0.3826064160959465,0.5471935554845371,0.5371837338801623,True,True,True,0.0430735900867957,0.0297040803653976,0.5573535729629099,0.3600098558139143,0.5590934589924829,-0.05,0.0825897434201387,0.4708669911092855,False,False
231,234,8169649,1552,Leiothlypis celata,Leiothlypis celata,Orange-crowned Warbler,orcwar,nodata_as_absence,both_classes,0.0002883451234083,0.0002883451234083,0.8412600755691528,0.01,86,1,579752,574850,4902,0.0084553395244863,523501,56251,16941,0.0052689026167359,0.9437436529915928,579751,523500,56251,0,1,579752,0.9029738629170108,0.9999980897839736,0.0,0.9490125556083288,0.9029723053995502,0.4999990448919868,0.9029723053995502,-0.0004305123482884,-3.449701501068469e-06,True,True,True,0.902974030275014,0.999998275124536,0.9532480538990304,0.0002883451234083,0.9532480538990304,0.0,0.9490135082342852,-9.526259564518468e-07,True,True
232,235,8214667,1558,Anas crecca,Anas crecca,Green-winged Teal,gnwtea,nodata_as_absence,both_classes,0.0901239866542164,0.0001239866542164,0.9159793257713318,0.01,93,1,579752,574850,4902,0.0084553395244863,86246,493506,16941,0.0738915719129174,0.3389598148753692,169633,52820,116813,376693,33426,579752,0.3113780927060183,0.6124341998469495,0.7632997369839475,0.4128513867882866,0.740856435165381,0.6878669684154485,0.2601214425364057,0.2938908103080935,0.2685845414840666,True,True,True,0.1487636092674109,0.2925957995832701,0.4134039297635958,0.0901239866542164,0.4134039297635958,0.0,0.2589977747680924,0.1538536120201942,False,False
233,236,8323485,1564,Haemorhous mexicanus,Haemorhous mexicanus,House Finch,houfin,nodata_as_absence,both_classes,0.9569125068932772,0.0169125068932771,0.999605655670166,0.01,100,1,579752,574850,4902,0.0084553395244863,37551,542201,16941,0.1318643816306847,0.1281878749437451,74588,14581,60007,482194,22970,579752,0.195487209738832,0.3882985805970547,0.8893270207911826,0.2600522565744299,0.8568750086243773,0.6388128006941187,0.14945980852416,0.2040796708353942,0.1902846362494251,True,True,True,0.0647707985483448,0.128655011108198,0.2619372687098049,0.9569125068932772,0.2619372687098049,0.0,0.1216614855265566,0.1383907710478732,False,False
234,237,8332393,1567,Spatula clypeata,Spatula clypeata,Northern Shoveler,norsho,nodata_as_absence,both_classes,0.1200943067643675,9.430676436750218e-05,0.8664156198501587,0.01,88,1,579752,574850,4902,0.0084553395244863,72538,507214,16941,0.0489633236990405,0.2896356958706161,107179,30426,76753,430461,42112,579752,0.283880237733138,0.4194491163252364,0.848677284144365,0.3385990195696567,0.7949726779726504,0.6340632002348008,0.2038033103134147,0.2285223491387227,0.2225798820345428,True,True,True,0.1251190164070154,0.1848704273551449,0.3392502731753005,0.1100943067643675,0.3393423785276785,-0.0099999999999999,0.2224102776372472,0.1161887419324094,False,False
235,238,9046711,1592,Leuconotopicus borealis,Leuconotopicus borealis,Red-cockaded Woodpecker,recwoo,nodata_as_absence,both_classes,0.2000012289955293,1.2289955293454111e-06,0.9298999905586244,0.01,94,1,579752,574850,4902,0.0084553395244863,89293,490459,16941,0.2274464935937599,0.2878196821491745,116849,53109,63740,426719,36184,579752,0.4545096663214918,0.5947722665830468,0.8700401052891271,0.5152661757429344,0.8276435441361134,0.732406185936087,0.3470427946913411,0.4182445039605457,0.4127230290553123,True,True,True,0.154019304806193,0.2015499730919427,0.5152811735941321,0.2000012289955293,0.5152811735941321,0.0,0.2669267388591201,0.2483394368838143,False,False
236,239,9149595,1595,Dryobates pubescens,Dryobates pubescens,Downy Woodpecker,dowwoo,nodata_as_absence,both_classes,0.0997898384556174,0.0097898384556174,0.9569536447525024,0.01,96,1,579752,574850,4902,0.0084553395244863,496539,83213,16941,0.2867154106315838,0.6444370989197878,534203,479889,54314,28899,16650,579752,0.8983270404696342,0.9664678907397002,0.3472894860178097,0.9311525095513716,0.8775959375733072,0.656878688378755,0.8711743423381556,0.4088590667677215,0.3865836545140884,True,True,True,0.8564679380148753,0.9214336474906512,0.9338514813240018,0.0897898384556174,0.9344615693403892,-0.0099999999999999,0.9226854075710008,0.0084671019803709,False,False
237,240,9326020,1607,Gallus gallus,Gallus gallus,Red Junglefowl,redjun,nodata_as_absence,no_reference_presence,0.9568275809288024,0.0007423231727443,0.9568275809288024,0.01,97,97,579752,574850,4902,0.0084553395244863,0,579752,16941,0.0,0.0,0,0,0,579752,0,579752,0.0,0.0,1.0,0.0,1.0,,0.0,,,False,False,False,0.0,0.0,0.0,0.9568275809288024,0.0,0.0,0.0,0.0,False,False
238,241,9362027,1614,Mareca strepera,Mareca strepera,Gadwall,gadwal,nodata_as_absence,both_classes,0.0600421622353314,4.216223533148877e-05,0.7741150259971619,0.01,79,1,579752,574850,4902,0.0084553395244863,57222,522530,16941,0.0057583904258086,0.2265544520495517,156662,24844,131818,390712,32378,579752,0.1585834471665113,0.4341686763832093,0.7477312307427325,0.2323128424753604,0.7167823483144516,0.5909499535629709,0.1314219212865002,0.1221719188545805,0.1025513783676899,True,True,True,0.0987008238005216,0.2702224399398363,0.2328157359597417,0.0600421622353314,0.2328157359597417,0.0,0.1796682439157642,0.0526445985595962,False,False
239,242,9367409,1616,Sterna hirundo,Sterna hirundo,Common Tern,comter,nodata_as_absence,both_classes,0.0700026096706733,2.60967067333695e-06,0.7055866122245789,0.01,72,1,579752,579628,124,0.0002138845575349,23171,556581,16941,0.0067076579094466,0.4365621801943398,36991,13334,23657,532924,9837,579752,0.3604660593117245,0.5754607051918347,0.9574958541524056,0.4432698381037864,0.9422270212090688,0.7664782796721201,0.2847441701546083,0.4271456969314137,0.414493324583305,True,True,True,0.039967089376147,0.0638048682885095,0.4441261699363821,0.0700026096706733,0.4441261699363821,0.0,0.0768622195537406,0.3664076185500458,False,False
240,243,9409198,1619,Agelaius phoeniceus,Agelaius phoeniceus,Red-winged Blackbird,rewbla,nodata_as_absence,both_classes,0.0222756068501621,0.0022756068501621,0.9775183796882628,0.01,99,1,579752,574850,4902,0.0084553395244863,423215,156537,16941,0.3991974495460663,0.4452439745095319,577392,422477,154915,1622,738,579752,0.7316987419292266,0.9982562054747588,0.0103617675054459,0.8444414240555983,0.7315179594033311,0.5043089864901024,0.7307647068998322,0.0600900789610795,0.0124954680538291,True,True,True,0.7299931694931626,0.99592929390498,0.8485987315520159,0.0222756068501621,0.8485987315520159,0.0,0.8439260713463155,0.0005153527092828,False,True
241,244,9422220,1620,Spatula discors,Spatula discors,Blue-winged Teal,buwtea,nodata_as_absence,both_classes,0.1403452532982919,0.0003452532982919,0.9702075123786926,0.01,98,1,579752,574850,4902,0.0084553395244863,148245,431507,16941,0.2211617235077427,0.3622955481859232,188616,98272,90344,341163,49973,579752,0.521016244645205,0.6629026274073324,0.7906314381921962,0.5834572716936659,0.7579706495191048,0.7267670327997643,0.4118882261965136,0.4223190797984399,0.416321566437972,True,True,True,0.2557041631594199,0.3253391105162207,0.5857438324402615,0.1203452532982919,0.5866321806262351,-0.02,0.4072681618193481,0.1761891098743177,False,False
242,245,9451184,1622,Pavo cristatus,Pavo cristatus,Indian Peafowl,compea,nodata_as_absence,both_classes,0.2107678811089135,0.0007678811089135,0.9741384387016296,0.01,99,1,579752,574850,4902,0.0084553395244863,54774,524978,16941,0.1178209134430368,0.0939267973610359,73983,13632,60351,464627,41142,579752,0.1842585458821621,0.2488772045130901,0.8850408969518723,0.2117477108040728,0.8249372145331108,0.5669590507324812,0.1184104234527687,0.1173964575431848,0.1157407063575039,True,True,True,0.0944783286646704,0.1276114614524831,0.2119633666599288,0.2107678811089135,0.2119633666599288,0.0,0.1726454077531889,0.0391023030508838,False,False
243,246,9479809,1625,Toxostoma rufum,Toxostoma rufum,Brown Thrasher,brnthr,nodata_as_absence,both_classes,0.0530626554507762,0.0030626554507762,0.956556499004364,0.01,97,1,579752,574850,4902,0.0084553395244863,383485,196267,16941,0.2511244275950158,0.5622004498912915,483765,352678,131087,65180,30807,579752,0.7290275236943558,0.919665697484908,0.3320986207564185,0.8133248774863073,0.7207530116325601,0.6258821591206634,0.6853812488825665,0.3205299238225784,0.287638620496372,True,True,True,0.6614638673087803,0.8344343788378479,0.8151021714687199,0.0430626554507762,0.8161236748357571,-0.01,0.7962422539831838,0.0170826235031235,False,False
244,247,9480015,1626,Rallus elegans,Rallus elegans,King Rail,kinrai4,nodata_as_absence,both_classes,0.0400073699070526,7.369907052634517e-06,0.8579455614089966,0.01,87,1,579752,574850,4902,0.0084553395244863,177013,402739,16941,0.0375987729178087,0.5920118128305785,225566,126734,98832,303907,50279,579752,0.5618488602005621,0.715958714896646,0.7546003739394496,0.6296105857483872,0.7428020946887635,0.7352795444180478,0.4594391777991263,0.4445044127420325,0.4369705596149909,True,True,True,0.3053253805075273,0.3890732589107066,0.6303606068142253,0.0400073699070526,0.6303606068142253,0.0,0.467814975586873,0.1617956101615141,False,False
245,248,9510564,1629,Turdus migratorius,Turdus migratorius,American Robin,amerob,nodata_as_absence,both_classes,0.0144835782609879,0.0044835782609879,0.9662100076675416,0.01,98,1,579752,574850,4902,0.0084553395244863,545774,33978,16941,0.3174384254254284,0.6523782498152891,579715,545759,33956,22,15,579752,0.9414263905539793,0.9999725160964062,0.0006474777797398,0.9698166752407176,0.9414042556127448,0.500309996938073,0.9414020319804046,0.0182299130079625,0.0011661937141553,True,True,True,0.9413921814844968,0.9999361796078324,0.974059131508754,0.0144835782609879,0.974059131508754,0.0,0.969811448158461,5.227082256586968e-06,False,True
246,249,9515886,1630,Hirundo rustica,Hirundo rustica,Barn Swallow,barswa,nodata_as_absence,both_classes,0.0118614248931407,0.0118614248931407,0.9749560356140136,0.01,98,1,579752,574850,4902,0.0084553395244863,467995,111757,16941,0.3698693463267151,0.5234654886428289,579751,467994,111757,0,1,579752,0.8072327602712199,0.9999978632250344,0.0,0.8933348349695441,0.807231367895238,0.4999989316125172,0.807231367895238,-0.0006417945247737,-3.4497319602164094e-06,True,True,True,0.807233092770702,0.999998275124536,0.8975340511140688,0.0118614248931407,0.8975340511140688,0.0,0.8933358912027426,-1.0562331984598217e-06,True,True
247,250,9539567,1634,Butorides virescens,Butorides virescens,Green Heron,grnher,nodata_as_absence,both_classes,0.112104474697262,0.002104474697262,0.9419823884963988,0.01,95,1,579752,574850,4902,0.0084553395244863,283920,295832,16941,0.2021268985166453,0.5112799334613293,375684,235283,140401,155431,48637,579752,0.6262790004365371,0.8286947027331643,0.5254029313934936,0.7134068319779746,0.6739329920379749,0.6770488170633289,0.5544929428428006,0.3706336011527287,0.3518083901407484,True,True,True,0.4897266417364666,0.6480081138141827,0.7187483771242489,0.112104474697262,0.7187483771242489,0.0,0.6574718180049833,0.0559350139729912,False,False
248,251,9568884,1640,Tyto furcata,Tyto furcata,American Barn Owl,brnowl,nodata_as_absence,both_classes,0.9933074569702148,0.8833074569702148,0.9999989867210388,0.01,13,1,579752,574850,4902,0.0084553395244863,122619,457133,16941,0.3491573541618318,0.0456179826931799,485803,120095,365708,91425,2524,579752,0.2472092597205039,0.9794159143362774,0.1999964999245296,0.3947753368550118,0.364845658143482,0.5897062071304036,0.2459315172005644,0.1988275152101047,0.0861026404704556,True,True,True,0.2115025045191737,0.8379496750334626,0.3979818398727465,0.9933074569702148,0.3979818398727465,0.0,0.3491573541618318,0.0456179826931799,False,False
249,252,9606290,1646,Meleagris gallopavo,Meleagris gallopavo,Wild Turkey,wiltur,nodata_as_absence,both_classes,0.7100218456316361,2.1845631636097096e-05,0.9995482563972472,0.01,101,1,579752,574850,4902,0.0084553395244863,397455,182297,16941,0.8515680260245708,0.0192294203117364,456847,371962,84885,97412,25493,579752,0.8141938110570935,0.9358594054672856,0.5343587661892406,0.8707974463363073,0.8096116960355463,0.7351090858282632,0.7711614214039889,0.5341496983645175,0.5156939341655261,True,True,True,0.6855603775407415,0.7880041810981248,0.8715493254760914,0.7100218456316361,0.8715493254760914,0.0,0.813450988378102,0.0573464579582052,False,False
250,253,9630752,1647,Ardea herodias,Ardea herodias,Great Blue Heron,grbher3,nodata_as_absence,both_classes,0.2798512130975723,0.0298512130975723,0.965920865535736,0.01,95,1,579752,574850,4902,0.0084553395244863,303261,276491,16941,0.5673284581812087,0.1850683607292995,364812,251328,113484,163007,51933,579752,0.6889247064241308,0.8287514715047435,0.5895562604207731,0.7523968189105082,0.7146762753729181,0.7091538659627583,0.6030738221214411,0.4325651160247604,0.4224586111162615,True,True,True,0.5230874580855263,0.629255267769667,0.7579434968274265,0.2798512130975723,0.7579434968274265,0.0,0.6868777696364606,0.0655190492740476,False,False
251,254,9685907,1652,Falco sparverius,Falco sparverius,American Kestrel,amekes,nodata_as_absence,both_classes,0.0592485209554433,0.0192485209554433,0.9996585249900818,0.01,100,1,579752,574850,4902,0.0084553395244863,456602,123150,16941,0.8142866706835376,0.0668949118247482,579500,456497,123003,147,105,579752,0.7877428817946506,0.9997700404290828,0.0011936662606577,0.8811815825082858,0.7876540313789344,0.5004818533448702,0.7876001759819187,0.018910542851076,0.0015162107865377,True,True,True,0.7875815866094468,0.999565331383074,0.885361856459887,0.0392485209554433,0.885364978718866,-0.0199999999999999,0.8811699477205666,1.1634787719261295e-05,False,True
252,255,9691034,1653,Phoenicopterus ruber,Phoenicopterus ruber,American Flamingo,grefla2,nodata_as_absence,both_classes,0.9995997619628908,0.9295997619628906,0.9999999403953552,0.01,9,1,579752,574850,4902,0.0084553395244863,16167,563585,16941,0.054259051985253,0.0291608232273894,343004,14981,328023,235562,1186,579752,0.0436758754999941,0.9266406878208696,0.4179706699078222,0.0834198752126424,0.4321554733748223,0.672305678864346,0.0435253784247072,0.1154333413799905,0.031854807480787,True,True,True,0.0278860616263505,0.5916391836509404,0.0845731963768054,0.9995997619628908,0.0845731963768054,0.0,0.054259051985253,0.0291608232273894,False,False
253,256,9740253,1658,Accipiter striatus,Accipiter striatus,Sharp-shinned Hawk,shshaw,nodata_as_absence,both_classes,0.0007917983457446,0.0007917983457446,0.6612036824226379,0.01,68,1,579752,574850,4902,0.0084553395244863,400029,179723,16941,0.0002399466118788,0.8163270378131962,579751,400028,179723,0,1,579752,0.6899996722730966,0.9999975001812368,0.0,0.816566984425075,0.6899984821095917,0.4999987500906184,0.6899984821095917,-0.0008803093977864,-3.4497436341071466e-06,True,True,True,0.6900002069850557,0.999998275124536,0.8206729457429545,0.0007917983457446,0.8206729457429545,0.0,0.8165681922797033,-1.20785462831563e-06,True,True
254,257,9751099,1659,Cairina moschata,Cairina moschata,Muscovy Duck,musduc,nodata_as_absence,both_classes,0.4005208257352933,0.0005208257352933,0.978915810585022,0.01,99,1,579752,574850,4902,0.0084553395244863,33061,546691,16941,0.5316685431965987,0.0303698024475174,41941,21077,20864,525827,11984,579752,0.5025392813714503,0.6375185263603642,0.9618358451117724,0.5620383456441161,0.9433412907588072,0.7996771857360683,0.3908576726935558,0.5365107166169423,0.5322032919523251,True,True,True,0.0570261077150229,0.0723430018352675,0.5620383456441161,0.4005208257352933,0.5620383456441161,0.0,0.1078991470481207,0.4541391985959954,False,False
255,258,9752617,1660,Ardea alba,Ardea alba,Great Egret,greegr,nodata_as_absence,both_classes,0.3335143327713012,0.0835143327713012,0.962172031402588,0.01,89,1,579752,574850,4902,0.0084553395244863,340653,239099,16941,0.6702515463917526,0.092568126301625,475768,311391,164377,74722,29262,579752,0.6545017739738697,0.91410027212442,0.3125148996859042,0.7628196726933776,0.66599684002815,0.613307585905162,0.6165792131160525,0.2907723439167721,0.2474593351641631,True,True,True,0.5875840014350964,0.8206405497523079,0.7674237205846292,0.3335143327713012,0.7674237205846292,0.0,0.7402241404599063,0.0225955322334713,False,False
256,259,9761484,1661,Anas platyrhynchos,Anas platyrhynchos,Mallard,mallar3,nodata_as_absence,both_classes,0.2434369844943285,0.0034369844943284,0.940245807170868,0.01,95,1,579752,574850,4902,0.0084553395244863,59445,520307,16941,0.3305636590956449,0.17231317292704,61869,30503,31366,488941,28942,579752,0.4930255863194815,0.5131297838337959,0.9397163597645236,0.502876832022685,0.8959762105176007,0.7264230717991598,0.3358954311702327,0.4449239640785817,0.4448131733134208,True,True,True,0.1025352219569747,0.1067163200816901,0.502876832022685,0.2434369844943285,0.502876832022685,0.0,0.1859989956148104,0.3168778364078745,False,False
257,260,9791464,1666,Colinus virginianus,Colinus virginianus,Northern Bobwhite,norbob,nodata_as_absence,both_classes,0.9917203187942504,0.9917203187942504,1.0,0.01,2,1,579752,574707,5045,0.0087019967158371,434968,144784,16941,0.8573163040050458,8.448805077776456e-07,579751,434968,144783,1,0,579752,0.7502669249384649,1.0,6.906840534865731e-06,0.8573171488855535,0.7502673556969187,0.5000034534202674,0.7502669249384649,0.0022763949589502,1.0363894313128984e-05,True,True,True,0.7502656308214547,0.999998275124536,0.8616008731531167,0.9917203187942504,0.8616008731531167,0.0,0.8573163040050458,8.448805077776456e-07,True,True
258,261,9809229,1668,Sturnus vulgaris,Sturnus vulgaris,European Starling,eursta,nodata_as_absence,both_classes,0.4248957920074463,0.3948957920074463,0.9999923706054688,0.01,62,4,579752,574850,4902,0.0084553395244863,115800,463952,16941,0.3329489807948333,2.1570609736509816e-05,579751,115799,463952,0,1,579752,0.1997391983799941,0.9999913644214162,0.0,0.3329705514045699,0.1997388538547516,0.4999956822107081,0.1997388538547516,-0.0026288238890987,-3.449755393214632e-06,True,True,True,0.1997405787302156,0.999998275124536,0.3353338671307712,0.4248957920074463,0.3353338671307712,0.0,0.332972948104527,-2.3966999571634062e-06,False,True
259,262,9813242,1669,Falco columbarius,Falco columbarius,Merlin,merlin,nodata_as_absence,both_classes,0.0609870695648714,0.0009870695648714,0.9387558102607728,0.01,95,1,579752,574850,4902,0.0084553395244863,297913,281839,16941,0.2555065833519304,0.4342251332797289,456215,260073,196142,85697,37840,579752,0.57006674484618,0.8729830520991028,0.3040636675548806,0.6897317166316593,0.5964101891843409,0.5885233598269917,0.5264049549139266,0.2160975539432313,0.1797707303518454,True,True,True,0.5138628241040997,0.786914059804882,0.6942444602830121,0.0609870695648714,0.6942444602830121,0.0,0.6788763366432523,0.010855379988407,False,False
